Date,User ID,User Name,Total Hours,Sessions,Events,Avg Confidence,Anomaly Count,Clean Hours,Status,Anomaly Types,Severity,Details,Log URL
2026-03-01,6241,AD25P0001 Đặng Minh Phương,0.09,1,3,0.55,0,0.09,CLEAN,,,,https://glow.paclinks.org/report/log/index.php?chooselog=1&logreader=logstore_standard&id=0&user=6241&date=1772323200
2026-03-02,6241,AD25P0001 Đặng Minh Phương,0.14,1,8,0.6,0,0.14,CLEAN,,,,https://glow.paclinks.org/report/log/index.php?chooselog=1&logreader=logstore_standard&id=0&user=6241&date=1772409600
2026-03-06,6241,AD25P0001 Đặng Minh Phương,0.74,1,21,0.6,0,0.74,CLEAN,,,,https://glow.paclinks.org/report/log/index.php?chooselog=1&logreader=logstore_standard&id=0&user=6241&date=1772755200
2026-03-24,6241,AD25P0001 Đặng Minh Phương,0.19,1,8,0.55,0,0.19,CLEAN,,,,https://glow.paclinks.org/report/log/index.php?chooselog=1&logreader=logstore_standard&id=0&user=6241&date=1774310400
2026-03-01,176,AG15P0734 Lê Ngọc Như,0.06,1,13,0.55,0,0.06,CLEAN,,,,https://glow.paclinks.org/report/log/index.php?chooselog=1&logreader=logstore_standard&id=0&user=176&date=1772323200
2026-03-23,176,AG15P0734 Lê Ngọc Như,0.1,1,13,0.6,0,0.1,CLEAN,,,,https://glow.paclinks.org/report/log/index.php?chooselog=1&logreader=logstore_standard&id=0&user=176&date=1774224000
2026-03-04,7897,AG22P1143 Lý Nguyễn Mai Xuân,0.05,1,15,0.55,0,0.05,CLEAN,,,,https://glow.paclinks.org/report/log/index.php?chooselog=1&logreader=logstore_standard&id=0&user=7897&date=1772582400
2026-03-06,7897,AG22P1143 Lý Nguyễn Mai Xuân,0.06,1,16,0.55,0,0.06,CLEAN,,,,https://glow.paclinks.org/report/log/index.php?chooselog=1&logreader=logstore_standard&id=0&user=7897&date=1772755200
2026-03-26,7900,AG22P1146 Nguyễn Thị Thanh Trúc,0.35,1,9,0.6,0,0.35,CLEAN,,,,https://glow.paclinks.org/report/log/index.php?chooselog=1&logreader=logstore_standard&id=0&user=7900&date=1774483200
2026-03-04,8197,AG22P1165 Nguyễn Thị Bích Châm,1.11,1,16,0.6,0,1.11,CLEAN,,,,https://glow.paclinks.org/report/log/index.php?chooselog=1&logreader=logstore_standard&id=0&user=8197&date=1772582400
2026-03-05,8197,AG22P1165 Nguyễn Thị Bích Châm,0.75,1,12,0.6,0,0.75,CLEAN,,,,https://glow.paclinks.org/report/log/index.php?chooselog=1&logreader=logstore_standard&id=0&user=8197&date=1772668800
2026-03-07,8197,AG22P1165 Nguyễn Thị Bích Châm,0.98,2,19,0.6,0,0.98,CLEAN,,,,https://glow.paclinks.org/report/log/index.php?chooselog=1&logreader=logstore_standard&id=0&user=8197&date=1772841600
2026-03-08,8197,AG22P1165 Nguyễn Thị Bích Châm,0.9,2,10,0.6,0,0.9,CLEAN,,,,https://glow.paclinks.org/report/log/index.php?chooselog=1&logreader=logstore_standard&id=0&user=8197&date=1772928000
2026-03-09,8197,AG22P1165 Nguyễn Thị Bích Châm,1.35,1,14,0.6,0,1.35,CLEAN,,,,https://glow.paclinks.org/report/log/index.php?chooselog=1&logreader=logstore_standard&id=0&user=8197&date=1773014400
2026-03-10,8197,AG22P1165 Nguyễn Thị Bích Châm,0.7,2,37,0.57,0,0.7,CLEAN,,,,https://glow.paclinks.org/report/log/index.php?chooselog=1&logreader=logstore_standard&id=0&user=8197&date=1773100800
2026-03-11,8197,AG22P1165 Nguyễn Thị Bích Châm,0.67,1,10,0.55,0,0.67,CLEAN,,,,https://glow.paclinks.org/report/log/index.php?chooselog=1&logreader=logstore_standard&id=0&user=8197&date=1773187200
2026-03-12,8197,AG22P1165 Nguyễn Thị Bích Châm,0.97,1,22,0.55,0,0.97,CLEAN,,,,https://glow.paclinks.org/report/log/index.php?chooselog=1&logreader=logstore_standard&id=0&user=8197&date=1773273600
2026-03-13,8197,AG22P1165 Nguyễn Thị Bích Châm,1.29,1,39,0.55,0,1.29,CLEAN,,,,https://glow.paclinks.org/report/log/index.php?chooselog=1&logreader=logstore_standard&id=0&user=8197&date=1773360000
2026-03-14,8197,AG22P1165 Nguyễn Thị Bích Châm,0.44,1,12,0.55,0,0.44,CLEAN,,,,https://glow.paclinks.org/report/log/index.php?chooselog=1&logreader=logstore_standard&id=0&user=8197&date=1773446400
2026-03-15,8197,AG22P1165 Nguyễn Thị Bích Châm,1.0,1,19,0.55,0,1.0,CLEAN,,,,https://glow.paclinks.org/report/log/index.php?chooselog=1&logreader=logstore_standard&id=0&user=8197&date=1773532800
2026-03-16,8197,AG22P1165 Nguyễn Thị Bích Châm,1.12,1,39,0.55,0,1.12,CLEAN,,,,https://glow.paclinks.org/report/log/index.php?chooselog=1&logreader=logstore_standard&id=0&user=8197&date=1773619200
2026-03-18,8197,AG22P1165 Nguyễn Thị Bích Châm,0.75,1,14,0.55,0,0.75,CLEAN,,,,https://glow.paclinks.org/report/log/index.php?chooselog=1&logreader=logstore_standard&id=0&user=8197&date=1773792000
2026-03-19,8197,AG22P1165 Nguyễn Thị Bích Châm,1.1,1,13,0.6,0,1.1,CLEAN,,,,https://glow.paclinks.org/report/log/index.php?chooselog=1&logreader=logstore_standard&id=0&user=8197&date=1773878400
2026-03-21,8197,AG22P1165 Nguyễn Thị Bích Châm,0.96,1,12,0.55,0,0.96,CLEAN,,,,https://glow.paclinks.org/report/log/index.php?chooselog=1&logreader=logstore_standard&id=0&user=8197&date=1774051200
2026-03-22,8197,AG22P1165 Nguyễn Thị Bích Châm,0.99,1,14,0.55,0,0.99,CLEAN,,,,https://glow.paclinks.org/report/log/index.php?chooselog=1&logreader=logstore_standard&id=0&user=8197&date=1774137600
2026-03-24,8197,AG22P1165 Nguyễn Thị Bích Châm,0.39,1,8,0.55,0,0.39,CLEAN,,,,https://glow.paclinks.org/report/log/index.php?chooselog=1&logreader=logstore_standard&id=0&user=8197&date=1774310400
2026-03-25,8197,AG22P1165 Nguyễn Thị Bích Châm,0.6,1,14,0.55,0,0.6,CLEAN,,,,https://glow.paclinks.org/report/log/index.php?chooselog=1&logreader=logstore_standard&id=0&user=8197&date=1774396800
2026-03-30,8203,AG22P1171 Võ Mỹ Duyên,0.28,1,7,0.55,0,0.28,CLEAN,,,,https://glow.paclinks.org/report/log/index.php?chooselog=1&logreader=logstore_standard&id=0&user=8203&date=1774828800
2026-03-23,8499,AG23P1182 Tô Nguyễn Huỳnh Như,0.42,1,31,0.7,0,0.42,CLEAN,,,,https://glow.paclinks.org/report/log/index.php?chooselog=1&logreader=logstore_standard&id=0&user=8499&date=1774224000
2026-03-01,8662,AG23P1184 Nguyễn Lương Khánh,8.77,7,330,0.56,2,6.68,HAS ANOMALIES,single_activity_loop,medium,"S3 [09:50-10:39, 0.82h]: single_activity_loop - 100% of events on ""Quiz: Unit 7 - Key Vocabulary (1-10)""
S6 [19:54-21:10, 1.27h]: single_activity_loop - 100% of events on ""Quiz: Unit 7 - Word Groups and Syllable Stress (1-10)""",https://glow.paclinks.org/report/log/index.php?chooselog=1&logreader=logstore_standard&id=0&user=8662&date=1772323200
2026-03-02,8662,AG23P1184 Nguyễn Lương Khánh,3.5,2,144,0.6,0,3.5,CLEAN,,,,https://glow.paclinks.org/report/log/index.php?chooselog=1&logreader=logstore_standard&id=0&user=8662&date=1772409600
2026-03-03,8662,AG23P1184 Nguyễn Lương Khánh,5.25,3,139,0.57,0,5.25,CLEAN,,,,https://glow.paclinks.org/report/log/index.php?chooselog=1&logreader=logstore_standard&id=0&user=8662&date=1772496000
2026-03-04,8662,AG23P1184 Nguyễn Lương Khánh,0.8,1,19,0.65,0,0.8,CLEAN,,,,https://glow.paclinks.org/report/log/index.php?chooselog=1&logreader=logstore_standard&id=0&user=8662&date=1772582400
2026-03-05,8662,AG23P1184 Nguyễn Lương Khánh,3.37,3,87,0.53,1,2.94,HAS ANOMALIES,single_activity_loop,medium,"S3 [23:04-23:30, 0.43h]: single_activity_loop - 100% of events on ""Quiz: Unit 8 - Key Vocabulary (11-20)""",https://glow.paclinks.org/report/log/index.php?chooselog=1&logreader=logstore_standard&id=0&user=8662&date=1772668800
2026-03-06,8662,AG23P1184 Nguyễn Lương Khánh,0.96,2,82,0.68,0,0.96,CLEAN,,,,https://glow.paclinks.org/report/log/index.php?chooselog=1&logreader=logstore_standard&id=0&user=8662&date=1772755200
2026-03-07,8662,AG23P1184 Nguyễn Lương Khánh,0.1,1,7,0.5,0,0.1,CLEAN,,,,https://glow.paclinks.org/report/log/index.php?chooselog=1&logreader=logstore_standard&id=0&user=8662&date=1772841600
2026-03-08,8662,AG23P1184 Nguyễn Lương Khánh,1.52,3,134,0.63,0,1.52,CLEAN,,,,https://glow.paclinks.org/report/log/index.php?chooselog=1&logreader=logstore_standard&id=0&user=8662&date=1772928000
2026-03-09,8662,AG23P1184 Nguyễn Lương Khánh,4.6,4,97,0.47,1,2.49,HAS ANOMALIES,single_activity_loop,medium,"S2 [20:32-22:39, 2.11h]: single_activity_loop - 100% of events on ""Quiz: Unit 8 - Word Groups and Syllable Stress (1-10)""",https://glow.paclinks.org/report/log/index.php?chooselog=1&logreader=logstore_standard&id=0&user=8662&date=1773014400
2026-03-11,8662,AG23P1184 Nguyễn Lương Khánh,3.61,2,98,0.68,0,3.61,CLEAN,,,,https://glow.paclinks.org/report/log/index.php?chooselog=1&logreader=logstore_standard&id=0&user=8662&date=1773187200
2026-03-12,8662,AG23P1184 Nguyễn Lương Khánh,0.93,2,27,0.55,0,0.93,CLEAN,,,,https://glow.paclinks.org/report/log/index.php?chooselog=1&logreader=logstore_standard&id=0&user=8662&date=1773273600
2026-03-13,8662,AG23P1184 Nguyễn Lương Khánh,3.1,4,57,0.53,0,3.1,CLEAN,,,,https://glow.paclinks.org/report/log/index.php?chooselog=1&logreader=logstore_standard&id=0&user=8662&date=1773360000
2026-03-01,8670,AG23P1192 Võ Thị Yến Linh,2.17,4,122,0.62,0,2.17,CLEAN,,,,https://glow.paclinks.org/report/log/index.php?chooselog=1&logreader=logstore_standard&id=0&user=8670&date=1772323200
2026-03-02,8670,AG23P1192 Võ Thị Yến Linh,0.1,1,9,0.5,0,0.1,CLEAN,,,,https://glow.paclinks.org/report/log/index.php?chooselog=1&logreader=logstore_standard&id=0&user=8670&date=1772409600
2026-03-03,8670,AG23P1192 Võ Thị Yến Linh,1.67,4,114,0.61,0,1.67,CLEAN,,,,https://glow.paclinks.org/report/log/index.php?chooselog=1&logreader=logstore_standard&id=0&user=8670&date=1772496000
2026-03-04,8670,AG23P1192 Võ Thị Yến Linh,0.35,3,40,0.52,0,0.35,CLEAN,,,,https://glow.paclinks.org/report/log/index.php?chooselog=1&logreader=logstore_standard&id=0&user=8670&date=1772582400
2026-03-07,8670,AG23P1192 Võ Thị Yến Linh,0.32,1,10,0.55,0,0.32,CLEAN,,,,https://glow.paclinks.org/report/log/index.php?chooselog=1&logreader=logstore_standard&id=0&user=8670&date=1772841600
2026-03-08,8670,AG23P1192 Võ Thị Yến Linh,0.25,1,14,0.65,0,0.25,CLEAN,,,,https://glow.paclinks.org/report/log/index.php?chooselog=1&logreader=logstore_standard&id=0&user=8670&date=1772928000
2026-03-10,8670,AG23P1192 Võ Thị Yến Linh,0.36,2,19,0.55,0,0.36,CLEAN,,,,https://glow.paclinks.org/report/log/index.php?chooselog=1&logreader=logstore_standard&id=0&user=8670&date=1773100800
2026-03-25,8670,AG23P1192 Võ Thị Yến Linh,0.1,1,5,0.5,0,0.1,CLEAN,,,,https://glow.paclinks.org/report/log/index.php?chooselog=1&logreader=logstore_standard&id=0&user=8670&date=1774396800
2026-03-13,8676,AG23P1198 Nguyễn Thị Bảo Gấm,0.25,1,7,0.55,0,0.25,CLEAN,,,,https://glow.paclinks.org/report/log/index.php?chooselog=1&logreader=logstore_standard&id=0&user=8676&date=1773360000
2026-03-14,8676,AG23P1198 Nguyễn Thị Bảo Gấm,0.9,1,10,0.55,0,0.9,CLEAN,,,,https://glow.paclinks.org/report/log/index.php?chooselog=1&logreader=logstore_standard&id=0&user=8676&date=1773446400
2026-03-15,8676,AG23P1198 Nguyễn Thị Bảo Gấm,0.54,1,11,0.55,0,0.54,CLEAN,,,,https://glow.paclinks.org/report/log/index.php?chooselog=1&logreader=logstore_standard&id=0&user=8676&date=1773532800
2026-03-02,9446,Alexya Tran,0.08,1,7,0.55,0,0.08,CLEAN,,,,https://glow.paclinks.org/report/log/index.php?chooselog=1&logreader=logstore_standard&id=0&user=9446&date=1772409600
2026-03-04,9446,Alexya Tran,0.17,1,26,0.55,0,0.17,CLEAN,,,,https://glow.paclinks.org/report/log/index.php?chooselog=1&logreader=logstore_standard&id=0&user=9446&date=1772582400
2026-03-07,9446,Alexya Tran,0.05,1,10,0.55,0,0.05,CLEAN,,,,https://glow.paclinks.org/report/log/index.php?chooselog=1&logreader=logstore_standard&id=0&user=9446&date=1772841600
2026-03-09,9446,Alexya Tran,0.11,1,11,0.6,0,0.11,CLEAN,,,,https://glow.paclinks.org/report/log/index.php?chooselog=1&logreader=logstore_standard&id=0&user=9446&date=1773014400
2026-03-14,9446,Alexya Tran,0.78,3,40,0.57,0,0.78,CLEAN,,,,https://glow.paclinks.org/report/log/index.php?chooselog=1&logreader=logstore_standard&id=0&user=9446&date=1773446400
2026-03-21,9446,Alexya Tran,0.1,1,6,0.55,0,0.1,CLEAN,,,,https://glow.paclinks.org/report/log/index.php?chooselog=1&logreader=logstore_standard&id=0&user=9446&date=1774051200
2026-03-28,9446,Alexya Tran,0.17,1,10,0.55,0,0.17,CLEAN,,,,https://glow.paclinks.org/report/log/index.php?chooselog=1&logreader=logstore_standard&id=0&user=9446&date=1774656000
2026-03-31,9446,Alexya Tran,0.09,1,11,0.55,0,0.09,CLEAN,,,,https://glow.paclinks.org/report/log/index.php?chooselog=1&logreader=logstore_standard&id=0&user=9446&date=1774915200
2026-03-14,9386,Anselle C.,0.13,1,14,0.55,0,0.13,CLEAN,,,,https://glow.paclinks.org/report/log/index.php?chooselog=1&logreader=logstore_standard&id=0&user=9386&date=1773446400
2026-03-05,6746,Apple Cat,0.35,2,91,0.38,2,0.17,REVIEW REQUIRED,excessive_events; single_activity_loop,medium; medium,"S2 [11:40-11:52, 0.19h]: excessive_events - 413 events/hr (max=300); single_activity_loop - 95% of events on ""Course: W2602 Huong ve minh Hieu ve nghe""",https://glow.paclinks.org/report/log/index.php?chooselog=1&logreader=logstore_standard&id=0&user=6746&date=1772668800
2026-03-08,6746,Apple Cat,0.26,1,27,0.6,0,0.26,CLEAN,,,,https://glow.paclinks.org/report/log/index.php?chooselog=1&logreader=logstore_standard&id=0&user=6746&date=1772928000
2026-03-10,6746,Apple Cat,0.19,1,16,0.55,0,0.19,CLEAN,,,,https://glow.paclinks.org/report/log/index.php?chooselog=1&logreader=logstore_standard&id=0&user=6746&date=1773100800
2026-03-13,6746,Apple Cat,0.16,1,9,0.6,0,0.16,CLEAN,,,,https://glow.paclinks.org/report/log/index.php?chooselog=1&logreader=logstore_standard&id=0&user=6746&date=1773360000
2026-03-24,6746,Apple Cat,0.2,1,5,0.5,0,0.2,CLEAN,,,,https://glow.paclinks.org/report/log/index.php?chooselog=1&logreader=logstore_standard&id=0&user=6746&date=1774310400
2026-03-26,6746,Apple Cat,0.94,3,71,0.55,0,0.94,CLEAN,,,,https://glow.paclinks.org/report/log/index.php?chooselog=1&logreader=logstore_standard&id=0&user=6746&date=1774483200
2026-03-27,6746,Apple Cat,2.47,4,201,0.57,0,2.47,CLEAN,,,,https://glow.paclinks.org/report/log/index.php?chooselog=1&logreader=logstore_standard&id=0&user=6746&date=1774569600
2026-03-28,6746,Apple Cat,0.25,1,103,0.4,1,0.0,HAS ANOMALIES,excessive_events,medium,"S1 [21:38-21:53, 0.25h]: excessive_events - 411 events/hr (max=300)",https://glow.paclinks.org/report/log/index.php?chooselog=1&logreader=logstore_standard&id=0&user=6746&date=1774656000
2026-03-30,6746,Apple Cat,0.08,1,29,0.45,1,0.0,HAS ANOMALIES,excessive_events,medium,"S1 [08:54-08:59, 0.08h]: excessive_events - 343 events/hr (max=300)",https://glow.paclinks.org/report/log/index.php?chooselog=1&logreader=logstore_standard&id=0&user=6746&date=1774828800
2026-03-01,4949,BD18P0118 TRƯƠNG THỊ BÍCH TRÂM,0.16,1,5,0.55,0,0.16,CLEAN,,,,https://glow.paclinks.org/report/log/index.php?chooselog=1&logreader=logstore_standard&id=0&user=4949&date=1772323200
2026-03-02,4949,BD18P0118 TRƯƠNG THỊ BÍCH TRÂM,0.44,1,9,0.55,0,0.44,CLEAN,,,,https://glow.paclinks.org/report/log/index.php?chooselog=1&logreader=logstore_standard&id=0&user=4949&date=1772409600
2026-03-03,4949,BD18P0118 TRƯƠNG THỊ BÍCH TRÂM,0.5,2,14,0.55,0,0.5,CLEAN,,,,https://glow.paclinks.org/report/log/index.php?chooselog=1&logreader=logstore_standard&id=0&user=4949&date=1772496000
2026-03-04,4949,BD18P0118 TRƯƠNG THỊ BÍCH TRÂM,1.13,1,50,0.6,0,1.13,CLEAN,,,,https://glow.paclinks.org/report/log/index.php?chooselog=1&logreader=logstore_standard&id=0&user=4949&date=1772582400
2026-03-05,4949,BD18P0118 TRƯƠNG THỊ BÍCH TRÂM,1.56,2,42,0.55,0,1.56,CLEAN,,,,https://glow.paclinks.org/report/log/index.php?chooselog=1&logreader=logstore_standard&id=0&user=4949&date=1772668800
2026-03-06,4949,BD18P0118 TRƯƠNG THỊ BÍCH TRÂM,0.88,1,30,0.55,0,0.88,CLEAN,,,,https://glow.paclinks.org/report/log/index.php?chooselog=1&logreader=logstore_standard&id=0&user=4949&date=1772755200
2026-03-12,4949,BD18P0118 TRƯƠNG THỊ BÍCH TRÂM,0.2,1,8,0.55,0,0.2,CLEAN,,,,https://glow.paclinks.org/report/log/index.php?chooselog=1&logreader=logstore_standard&id=0&user=4949&date=1773273600
2026-03-16,4949,BD18P0118 TRƯƠNG THỊ BÍCH TRÂM,0.96,2,28,0.55,0,0.96,CLEAN,,,,https://glow.paclinks.org/report/log/index.php?chooselog=1&logreader=logstore_standard&id=0&user=4949&date=1773619200
2026-03-17,4949,BD18P0118 TRƯƠNG THỊ BÍCH TRÂM,0.59,3,23,0.55,0,0.59,CLEAN,,,,https://glow.paclinks.org/report/log/index.php?chooselog=1&logreader=logstore_standard&id=0&user=4949&date=1773705600
2026-03-19,4949,BD18P0118 TRƯƠNG THỊ BÍCH TRÂM,0.78,2,18,0.55,0,0.78,CLEAN,,,,https://glow.paclinks.org/report/log/index.php?chooselog=1&logreader=logstore_standard&id=0&user=4949&date=1773878400
2026-03-22,4949,BD18P0118 TRƯƠNG THỊ BÍCH TRÂM,0.2,1,8,0.55,0,0.2,CLEAN,,,,https://glow.paclinks.org/report/log/index.php?chooselog=1&logreader=logstore_standard&id=0&user=4949&date=1774137600
2026-03-24,4949,BD18P0118 TRƯƠNG THỊ BÍCH TRÂM,1.93,1,38,0.55,0,1.93,CLEAN,,,,https://glow.paclinks.org/report/log/index.php?chooselog=1&logreader=logstore_standard&id=0&user=4949&date=1774310400
2026-03-27,4949,BD18P0118 TRƯƠNG THỊ BÍCH TRÂM,0.21,1,9,0.55,0,0.21,CLEAN,,,,https://glow.paclinks.org/report/log/index.php?chooselog=1&logreader=logstore_standard&id=0&user=4949&date=1774569600
2026-03-31,4949,BD18P0118 TRƯƠNG THỊ BÍCH TRÂM,1.39,4,43,0.55,0,1.39,CLEAN,,,,https://glow.paclinks.org/report/log/index.php?chooselog=1&logreader=logstore_standard&id=0&user=4949&date=1774915200
2026-03-18,2538,BD19P0166 NGUYỄNTẠ ĐÌNHVIỆT,0.56,1,14,0.35,1,0.0,REVIEW REQUIRED,single_activity_loop,medium,"S1 [04:17-04:51, 0.56h]: single_activity_loop - 93% of events on ""Course: TED Talks - General 3""",https://glow.paclinks.org/report/log/index.php?chooselog=1&logreader=logstore_standard&id=0&user=2538&date=1773792000
2026-03-20,2538,BD19P0166 NGUYỄNTẠ ĐÌNHVIỆT,0.5,1,10,0.5,0,0.5,CLEAN,,,,https://glow.paclinks.org/report/log/index.php?chooselog=1&logreader=logstore_standard&id=0&user=2538&date=1773964800
2026-03-21,2538,BD19P0166 NGUYỄNTẠ ĐÌNHVIỆT,0.12,1,3,0.5,0,0.12,CLEAN,,,,https://glow.paclinks.org/report/log/index.php?chooselog=1&logreader=logstore_standard&id=0&user=2538&date=1774051200
2026-03-22,2538,BD19P0166 NGUYỄNTẠ ĐÌNHVIỆT,1.73,1,42,0.35,1,0.0,REVIEW REQUIRED,single_activity_loop,medium,"S1 [21:10-22:54, 1.73h]: single_activity_loop - 95% of events on ""Course: TED Talks - General 3""",https://glow.paclinks.org/report/log/index.php?chooselog=1&logreader=logstore_standard&id=0&user=2538&date=1774137600
2026-03-23,2538,BD19P0166 NGUYỄNTẠ ĐÌNHVIỆT,0.88,1,30,0.35,1,0.0,REVIEW REQUIRED,single_activity_loop,medium,"S1 [00:32-01:25, 0.88h]: single_activity_loop - 97% of events on ""Course: TED Talks - General 3""",https://glow.paclinks.org/report/log/index.php?chooselog=1&logreader=logstore_standard&id=0&user=2538&date=1774224000
2026-03-24,2538,BD19P0166 NGUYỄNTẠ ĐÌNHVIỆT,2.02,4,26,0.46,1,1.15,HAS ANOMALIES,single_activity_loop,medium,"S1 [20:37-21:29, 0.87h]: single_activity_loop - 91% of events on ""Course: TED Talks - General 3""",https://glow.paclinks.org/report/log/index.php?chooselog=1&logreader=logstore_standard&id=0&user=2538&date=1774310400
2026-03-25,2538,BD19P0166 NGUYỄNTẠ ĐÌNHVIỆT,0.93,3,10,0.5,0,0.93,CLEAN,,,,https://glow.paclinks.org/report/log/index.php?chooselog=1&logreader=logstore_standard&id=0&user=2538&date=1774396800
2026-03-27,2538,BD19P0166 NGUYỄNTẠ ĐÌNHVIỆT,3.62,5,81,0.38,4,0.22,REVIEW REQUIRED,single_activity_loop,medium,"S2 [02:40-03:35, 0.91h]: single_activity_loop - 100% of events on ""Course: TED Talks - General 3""
S3 [20:53-21:35, 0.70h]: single_activity_loop - 95% of events on ""Course: TED Talks - General 3""
S4 [21:57-23:13, 1.28h]: single_activity_loop - 100% of events on ""Course: TED Talks - General 3""
S5 [23:27-23:57, 0.50h]: single_activity_loop - 100% of events on ""Course: TED Talks - General 3""",https://glow.paclinks.org/report/log/index.php?chooselog=1&logreader=logstore_standard&id=0&user=2538&date=1774569600
2026-03-28,2538,BD19P0166 NGUYỄNTẠ ĐÌNHVIỆT,0.75,1,14,0.35,1,0.0,REVIEW REQUIRED,single_activity_loop,medium,"S1 [00:12-00:57, 0.75h]: single_activity_loop - 100% of events on ""Course: TED Talks - General 3""",https://glow.paclinks.org/report/log/index.php?chooselog=1&logreader=logstore_standard&id=0&user=2538&date=1774656000
2026-03-03,3912,BD19P0203 Phạm Minh Ngân,0.34,1,3,0.55,0,0.34,CLEAN,,,,https://glow.paclinks.org/report/log/index.php?chooselog=1&logreader=logstore_standard&id=0&user=3912&date=1772496000
2026-03-04,3912,BD19P0203 Phạm Minh Ngân,0.22,1,5,0.55,0,0.22,CLEAN,,,,https://glow.paclinks.org/report/log/index.php?chooselog=1&logreader=logstore_standard&id=0&user=3912&date=1772582400
2026-03-12,3912,BD19P0203 Phạm Minh Ngân,0.5,1,16,0.55,0,0.5,CLEAN,,,,https://glow.paclinks.org/report/log/index.php?chooselog=1&logreader=logstore_standard&id=0&user=3912&date=1773273600
2026-03-14,3912,BD19P0203 Phạm Minh Ngân,0.05,1,5,0.55,0,0.05,CLEAN,,,,https://glow.paclinks.org/report/log/index.php?chooselog=1&logreader=logstore_standard&id=0&user=3912&date=1773446400
2026-03-17,3912,BD19P0203 Phạm Minh Ngân,0.31,1,10,0.55,0,0.31,CLEAN,,,,https://glow.paclinks.org/report/log/index.php?chooselog=1&logreader=logstore_standard&id=0&user=3912&date=1773705600
2026-03-18,3912,BD19P0203 Phạm Minh Ngân,0.64,2,7,0.53,0,0.64,CLEAN,,,,https://glow.paclinks.org/report/log/index.php?chooselog=1&logreader=logstore_standard&id=0&user=3912&date=1773792000
2026-03-19,3912,BD19P0203 Phạm Minh Ngân,0.33,1,8,0.55,0,0.33,CLEAN,,,,https://glow.paclinks.org/report/log/index.php?chooselog=1&logreader=logstore_standard&id=0&user=3912&date=1773878400
2026-03-22,3912,BD19P0203 Phạm Minh Ngân,0.61,1,12,0.55,0,0.61,CLEAN,,,,https://glow.paclinks.org/report/log/index.php?chooselog=1&logreader=logstore_standard&id=0&user=3912&date=1774137600
2026-03-23,3912,BD19P0203 Phạm Minh Ngân,0.3,1,8,0.55,0,0.3,CLEAN,,,,https://glow.paclinks.org/report/log/index.php?chooselog=1&logreader=logstore_standard&id=0&user=3912&date=1774224000
2026-03-24,3912,BD19P0203 Phạm Minh Ngân,0.05,1,3,0.55,0,0.05,CLEAN,,,,https://glow.paclinks.org/report/log/index.php?chooselog=1&logreader=logstore_standard&id=0&user=3912&date=1774310400
2026-03-26,3912,BD19P0203 Phạm Minh Ngân,0.2,1,2,0.5,0,0.2,CLEAN,,,,https://glow.paclinks.org/report/log/index.php?chooselog=1&logreader=logstore_standard&id=0&user=3912&date=1774483200
2026-03-09,3922,BD19P0204 NGUYỄN THỊ THÙY TRANG,0.22,1,13,0.55,0,0.22,CLEAN,,,,https://glow.paclinks.org/report/log/index.php?chooselog=1&logreader=logstore_standard&id=0&user=3922&date=1773014400
2026-03-01,3921,BD19P0205 NGUYỄN NGÔ TÂY,0.2,1,38,0.5,0,0.2,CLEAN,,,,https://glow.paclinks.org/report/log/index.php?chooselog=1&logreader=logstore_standard&id=0&user=3921&date=1772323200
2026-03-19,3919,BD19P0218 TRƯƠNG HỒ THÙY TRANG,0.63,2,12,0.55,0,0.63,CLEAN,,,,https://glow.paclinks.org/report/log/index.php?chooselog=1&logreader=logstore_standard&id=0&user=3919&date=1773878400
2026-03-21,3919,BD19P0218 TRƯƠNG HỒ THÙY TRANG,0.23,1,55,0.5,1,0.0,HAS ANOMALIES,single_activity_loop,medium,"S1 [22:05-22:19, 0.23h]: single_activity_loop - 98% of events on ""Quiz: Unit 9 Key Vocabulary (11- 36)""",https://glow.paclinks.org/report/log/index.php?chooselog=1&logreader=logstore_standard&id=0&user=3919&date=1774051200
2026-03-22,3919,BD19P0218 TRƯƠNG HỒ THÙY TRANG,0.47,2,15,0.6,0,0.47,CLEAN,,,,https://glow.paclinks.org/report/log/index.php?chooselog=1&logreader=logstore_standard&id=0&user=3919&date=1774137600
2026-03-25,3919,BD19P0218 TRƯƠNG HỒ THÙY TRANG,0.2,1,7,0.65,0,0.2,CLEAN,,,,https://glow.paclinks.org/report/log/index.php?chooselog=1&logreader=logstore_standard&id=0&user=3919&date=1774396800
2026-03-26,3919,BD19P0218 TRƯƠNG HỒ THÙY TRANG,1.65,2,28,0.6,0,1.65,CLEAN,,,,https://glow.paclinks.org/report/log/index.php?chooselog=1&logreader=logstore_standard&id=0&user=3919&date=1774483200
2026-03-30,3919,BD19P0218 TRƯƠNG HỒ THÙY TRANG,2.25,2,19,0.55,0,2.25,CLEAN,,,,https://glow.paclinks.org/report/log/index.php?chooselog=1&logreader=logstore_standard&id=0&user=3919&date=1774828800
2026-03-31,3919,BD19P0218 TRƯƠNG HỒ THÙY TRANG,1.95,1,15,0.55,0,1.95,CLEAN,,,,https://glow.paclinks.org/report/log/index.php?chooselog=1&logreader=logstore_standard&id=0&user=3919&date=1774915200
2026-03-04,5632,BD19P0219 Nguyễn Đình Phát,1.08,1,68,0.5,1,0.0,HAS ANOMALIES,single_activity_loop,medium,"S1 [21:27-22:32, 1.08h]: single_activity_loop - 94% of events on ""Quiz: Unit 10 Key Vocabulary (1 - 10)""",https://glow.paclinks.org/report/log/index.php?chooselog=1&logreader=logstore_standard&id=0&user=5632&date=1772582400
2026-03-10,5632,BD19P0219 Nguyễn Đình Phát,0.34,1,19,0.55,0,0.34,CLEAN,,,,https://glow.paclinks.org/report/log/index.php?chooselog=1&logreader=logstore_standard&id=0&user=5632&date=1773100800
2026-03-11,5632,BD19P0219 Nguyễn Đình Phát,0.58,1,33,0.55,0,0.58,CLEAN,,,,https://glow.paclinks.org/report/log/index.php?chooselog=1&logreader=logstore_standard&id=0&user=5632&date=1773187200
2026-03-15,5632,BD19P0219 Nguyễn Đình Phát,2.01,1,86,0.4,1,0.0,HAS ANOMALIES,single_activity_loop,medium,"S1 [12:43-14:44, 2.01h]: single_activity_loop - 95% of events on ""Quiz: Unit 10 Key Vocabulary (11 - 25)""",https://glow.paclinks.org/report/log/index.php?chooselog=1&logreader=logstore_standard&id=0&user=5632&date=1773532800
2026-03-17,5632,BD19P0219 Nguyễn Đình Phát,1.32,2,75,0.45,1,0.08,HAS ANOMALIES,single_activity_loop,medium,"S1 [12:21-13:35, 1.24h]: single_activity_loop - 94% of events on ""Quiz: Unit 10 Key Vocabulary (11 - 25)""",https://glow.paclinks.org/report/log/index.php?chooselog=1&logreader=logstore_standard&id=0&user=5632&date=1773705600
2026-03-18,5632,BD19P0219 Nguyễn Đình Phát,1.42,1,79,0.4,1,0.0,HAS ANOMALIES,single_activity_loop,medium,"S1 [12:11-13:36, 1.42h]: single_activity_loop - 95% of events on ""Quiz: Unit 10 Key Vocabulary (11 - 25)""",https://glow.paclinks.org/report/log/index.php?chooselog=1&logreader=logstore_standard&id=0&user=5632&date=1773792000
2026-03-19,5632,BD19P0219 Nguyễn Đình Phát,0.63,1,34,0.55,0,0.63,CLEAN,,,,https://glow.paclinks.org/report/log/index.php?chooselog=1&logreader=logstore_standard&id=0&user=5632&date=1773878400
2026-03-21,5632,BD19P0219 Nguyễn Đình Phát,0.84,1,46,0.4,1,0.0,HAS ANOMALIES,single_activity_loop,medium,"S1 [17:12-18:02, 0.84h]: single_activity_loop - 91% of events on ""Quiz: Unit 10 Key Vocabulary (11 - 25)""",https://glow.paclinks.org/report/log/index.php?chooselog=1&logreader=logstore_standard&id=0&user=5632&date=1774051200
2026-03-22,5632,BD19P0219 Nguyễn Đình Phát,1.37,1,75,0.55,0,1.37,CLEAN,,,,https://glow.paclinks.org/report/log/index.php?chooselog=1&logreader=logstore_standard&id=0&user=5632&date=1774137600
2026-03-24,5632,BD19P0219 Nguyễn Đình Phát,1.27,1,68,0.4,1,0.0,HAS ANOMALIES,single_activity_loop,medium,"S1 [12:21-13:38, 1.27h]: single_activity_loop - 93% of events on ""Quiz: Unit 10 Key Vocabulary (11 - 25)""",https://glow.paclinks.org/report/log/index.php?chooselog=1&logreader=logstore_standard&id=0&user=5632&date=1774310400
2026-03-25,5632,BD19P0219 Nguyễn Đình Phát,0.6,1,38,0.55,0,0.6,CLEAN,,,,https://glow.paclinks.org/report/log/index.php?chooselog=1&logreader=logstore_standard&id=0&user=5632&date=1774396800
2026-03-27,5632,BD19P0219 Nguyễn Đình Phát,0.51,1,20,0.55,0,0.51,CLEAN,,,,https://glow.paclinks.org/report/log/index.php?chooselog=1&logreader=logstore_standard&id=0&user=5632&date=1774569600
2026-03-30,5632,BD19P0219 Nguyễn Đình Phát,2.12,1,95,0.4,1,0.0,HAS ANOMALIES,single_activity_loop,medium,"S1 [12:12-14:19, 2.12h]: single_activity_loop - 96% of events on ""Quiz: Unit 10 Key Vocabulary (11 - 25)""",https://glow.paclinks.org/report/log/index.php?chooselog=1&logreader=logstore_standard&id=0&user=5632&date=1774828800
2026-03-31,5632,BD19P0219 Nguyễn Đình Phát,0.92,1,50,0.55,0,0.92,CLEAN,,,,https://glow.paclinks.org/report/log/index.php?chooselog=1&logreader=logstore_standard&id=0&user=5632&date=1774915200
2026-03-01,4144,BD19P0251 Mai Bá Khánh Trình,4.04,2,1297,0.2,4,0.0,REVIEW REQUIRED,single_activity_loop; auto_refresh; excessive_events,medium; high; medium,"S1 [00:48-01:17, 0.47h]: single_activity_loop - 95% of events on ""Interactive Content: Reading""
S2 [19:38-23:12, 3.57h]: auto_refresh - Gaps extremely regular: mean=11.1s, std=0.68s across 1159 gaps; excessive_events - 325 events/hr (max=300); single_activity_loop - 99% of events on ""Interactive Content: Reading""",https://glow.paclinks.org/report/log/index.php?chooselog=1&logreader=logstore_standard&id=0&user=4144&date=1772323200
2026-03-02,4144,BD19P0251 Mai Bá Khánh Trình,1.68,1,560,0.05,3,0.0,REVIEW REQUIRED,auto_refresh; excessive_events; single_activity_loop,high; medium; medium,"S1 [21:35-23:16, 1.68h]: auto_refresh - Gaps extremely regular: mean=10.8s, std=1.21s across 559 gaps; excessive_events - 334 events/hr (max=300); single_activity_loop - 99% of events on ""Quiz:  Unit 2 - Sounds/Minimal Pairs (1 - 10)""",https://glow.paclinks.org/report/log/index.php?chooselog=1&logreader=logstore_standard&id=0&user=4144&date=1772409600
2026-03-03,4144,BD19P0251 Mai Bá Khánh Trình,2.64,1,876,0.05,3,0.0,REVIEW REQUIRED,auto_refresh; excessive_events; single_activity_loop,high; medium; medium,"S1 [14:51-17:30, 2.64h]: auto_refresh - Gaps extremely regular: mean=10.9s, std=1.00s across 875 gaps; excessive_events - 331 events/hr (max=300); single_activity_loop - 99% of events on ""Quiz:  Unit 3 - Minimal Pairs (1 - 10)""",https://glow.paclinks.org/report/log/index.php?chooselog=1&logreader=logstore_standard&id=0&user=4144&date=1772496000
2026-03-04,4144,BD19P0251 Mai Bá Khánh Trình,2.7,1,874,0.0,3,0.0,REVIEW REQUIRED,auto_refresh; excessive_events; single_activity_loop,high; medium; medium,"S1 [21:18-00:00, 2.70h]: auto_refresh - Gaps extremely regular: mean=11.1s, std=0.54s across 873 gaps; excessive_events - 324 events/hr (max=300); single_activity_loop - 100% of events on ""Interactive Content: Reading""",https://glow.paclinks.org/report/log/index.php?chooselog=1&logreader=logstore_standard&id=0&user=4144&date=1772582400
2026-03-05,4144,BD19P0251 Mai Bá Khánh Trình,3.08,2,1002,0.0,6,0.0,REVIEW REQUIRED,auto_refresh; excessive_events; single_activity_loop,high; medium; medium,"S1 [00:00-00:17, 0.29h]: auto_refresh - Gaps extremely regular: mean=11.1s, std=0.30s across 94 gaps; excessive_events - 324 events/hr (max=300); single_activity_loop - 100% of events on ""Interactive Content: Reading""
S2 [14:35-17:22, 2.79h]: auto_refresh - Gaps extremely regular: mean=11.1s, std=0.76s across 906 gaps; excessive_events - 325 events/hr (max=300); single_activity_loop - 99% of events on ""Interactive Content: Reading""",https://glow.paclinks.org/report/log/index.php?chooselog=1&logreader=logstore_standard&id=0&user=4144&date=1772668800
2026-03-06,4144,BD19P0251 Mai Bá Khánh Trình,0.89,1,296,0.0,3,0.0,REVIEW REQUIRED,auto_refresh; excessive_events; single_activity_loop,high; medium; medium,"S1 [23:06-00:00, 0.89h]: auto_refresh - Gaps extremely regular: mean=10.9s, std=1.21s across 295 gaps; excessive_events - 332 events/hr (max=300); single_activity_loop - 98% of events on ""Interactive Content: Reading""",https://glow.paclinks.org/report/log/index.php?chooselog=1&logreader=logstore_standard&id=0&user=4144&date=1772755200
2026-03-07,4144,BD19P0251 Mai Bá Khánh Trình,5.57,3,1808,0.03,9,0.0,REVIEW REQUIRED,auto_refresh; excessive_events; single_activity_loop,high; medium; medium,"S1 [00:00-00:48, 0.80h]: auto_refresh - Gaps extremely regular: mean=11.0s, std=0.27s across 262 gaps; excessive_events - 328 events/hr (max=300); single_activity_loop - 100% of events on ""Interactive Content: Reading""
S2 [08:58-11:04, 2.09h]: auto_refresh - Gaps extremely regular: mean=10.8s, std=1.41s across 695 gaps; excessive_events - 333 events/hr (max=300); single_activity_loop - 99% of events on ""Quiz:  Unit 2 - Sounds/Minimal Pairs (1 - 10)""
S3 [13:48-16:28, 2.67h]: auto_refresh - 98% of gaps within ±2.0s of mean 11.3s; excessive_events - 317 events/hr (max=300); single_activity_loop - 99% of events on ""Interactive Content: Reading""",https://glow.paclinks.org/report/log/index.php?chooselog=1&logreader=logstore_standard&id=0&user=4144&date=1772841600
2026-03-08,4144,BD19P0251 Mai Bá Khánh Trình,2.69,1,849,0.1,3,0.0,REVIEW REQUIRED,auto_refresh; excessive_events; single_activity_loop,medium; medium; medium,"S1 [21:18-00:00, 2.69h]: auto_refresh - 99% of gaps within ±2.0s of mean 11.4s; excessive_events - 315 events/hr (max=300); single_activity_loop - 99% of events on ""Interactive Content: Simple Subjects and Simple Predicates I""",https://glow.paclinks.org/report/log/index.php?chooselog=1&logreader=logstore_standard&id=0&user=4144&date=1772928000
2026-03-09,4144,BD19P0251 Mai Bá Khánh Trình,3.06,2,986,0.0,6,0.0,REVIEW REQUIRED,auto_refresh; excessive_events; single_activity_loop,high; medium; medium,"S1 [00:00-00:57, 0.96h]: auto_refresh - Gaps extremely regular: mean=11.2s, std=0.43s across 306 gaps; excessive_events - 321 events/hr (max=300); single_activity_loop - 100% of events on ""Interactive Content: Simple Subjects and Simple Predicates I""
S2 [15:13-17:19, 2.10h]: auto_refresh - Gaps extremely regular: mean=11.1s, std=0.85s across 678 gaps; excessive_events - 323 events/hr (max=300); single_activity_loop - 99% of events on ""Interactive Content: Reading""",https://glow.paclinks.org/report/log/index.php?chooselog=1&logreader=logstore_standard&id=0&user=4144&date=1773014400
2026-03-11,4144,BD19P0251 Mai Bá Khánh Trình,1.37,2,451,0.17,5,0.0,REVIEW REQUIRED,auto_refresh; excessive_events; single_activity_loop,medium; medium; medium,"S1 [15:02-16:16, 1.23h]: auto_refresh - 97% of gaps within ±2.0s of mean 11.1s; excessive_events - 325 events/hr (max=300); single_activity_loop - 98% of events on ""Interactive Content: Reading""
S2 [23:51-00:00, 0.15h]: auto_refresh - 90% of gaps within ±2.0s of mean 10.2s; excessive_events - 354 events/hr (max=300)",https://glow.paclinks.org/report/log/index.php?chooselog=1&logreader=logstore_standard&id=0&user=4144&date=1773187200
2026-03-12,4144,BD19P0251 Mai Bá Khánh Trình,3.57,2,1161,0.0,6,0.0,REVIEW REQUIRED,auto_refresh; excessive_events; single_activity_loop,high; medium; medium,"S1 [00:00-00:56, 0.94h]: auto_refresh - Gaps extremely regular: mean=11.1s, std=0.37s across 305 gaps; excessive_events - 326 events/hr (max=300); single_activity_loop - 100% of events on ""Interactive Content: Reading""
S2 [14:47-17:25, 2.63h]: auto_refresh - Gaps extremely regular: mean=11.1s, std=0.79s across 854 gaps; excessive_events - 325 events/hr (max=300); single_activity_loop - 99% of events on ""Interactive Content: Reading""",https://glow.paclinks.org/report/log/index.php?chooselog=1&logreader=logstore_standard&id=0&user=4144&date=1773273600
2026-03-15,4144,BD19P0251 Mai Bá Khánh Trình,0.51,1,171,0.0,3,0.0,REVIEW REQUIRED,auto_refresh; excessive_events; single_activity_loop,high; medium; medium,"S1 [23:29-00:00, 0.51h]: auto_refresh - Gaps extremely regular: mean=10.8s, std=1.45s across 170 gaps; excessive_events - 333 events/hr (max=300); single_activity_loop - 96% of events on ""Interactive Content: Reading""",https://glow.paclinks.org/report/log/index.php?chooselog=1&logreader=logstore_standard&id=0&user=4144&date=1773532800
2026-03-16,4144,BD19P0251 Mai Bá Khánh Trình,5.31,2,1752,0.03,6,0.0,REVIEW REQUIRED,auto_refresh; excessive_events; single_activity_loop,high; medium; medium,"S1 [00:00-00:37, 0.63h]: auto_refresh - Gaps extremely regular: mean=11.0s, std=0.32s across 205 gaps; excessive_events - 327 events/hr (max=300); single_activity_loop - 100% of events on ""Interactive Content: Reading""
S2 [19:04-23:45, 4.68h]: auto_refresh - Gaps extremely regular: mean=10.9s, std=0.70s across 1545 gaps; excessive_events - 330 events/hr (max=300); single_activity_loop - 100% of events on ""Quiz:  Unit 2 - Word groups &amp; Syllable Stress (1 - 10)""",https://glow.paclinks.org/report/log/index.php?chooselog=1&logreader=logstore_standard&id=0&user=4144&date=1773619200
2026-03-17,4144,BD19P0251 Mai Bá Khánh Trình,1.14,1,379,0.1,3,0.0,REVIEW REQUIRED,auto_refresh; excessive_events; single_activity_loop,medium; medium; medium,"S1 [22:51-00:00, 1.14h]: auto_refresh - 97% of gaps within ±2.0s of mean 10.9s; excessive_events - 331 events/hr (max=300); single_activity_loop - 99% of events on ""Quiz:  Unit 3 - Minimal Pairs (1 - 10)""",https://glow.paclinks.org/report/log/index.php?chooselog=1&logreader=logstore_standard&id=0&user=4144&date=1773705600
2026-03-18,4144,BD19P0251 Mai Bá Khánh Trình,1.13,1,374,0.0,3,0.0,REVIEW REQUIRED,auto_refresh; excessive_events; single_activity_loop,high; medium; medium,"S1 [00:00-01:07, 1.13h]: auto_refresh - Gaps extremely regular: mean=10.9s, std=0.40s across 373 gaps; excessive_events - 332 events/hr (max=300); single_activity_loop - 100% of events on ""Quiz:  Unit 3 - Minimal Pairs (1 - 10)""",https://glow.paclinks.org/report/log/index.php?chooselog=1&logreader=logstore_standard&id=0&user=4144&date=1773792000
2026-03-19,4144,BD19P0251 Mai Bá Khánh Trình,0.41,1,141,0.1,3,0.0,REVIEW REQUIRED,auto_refresh; excessive_events; single_activity_loop,medium; medium; medium,"S1 [23:35-00:00, 0.41h]: auto_refresh - 94% of gaps within ±2.0s of mean 10.6s; excessive_events - 341 events/hr (max=300); single_activity_loop - 96% of events on ""Quiz:  Unit 3 - Minimal Pairs (1 - 10)""",https://glow.paclinks.org/report/log/index.php?chooselog=1&logreader=logstore_standard&id=0&user=4144&date=1773878400
2026-03-20,4144,BD19P0251 Mai Bá Khánh Trình,1.64,1,548,0.0,3,0.0,REVIEW REQUIRED,auto_refresh; excessive_events; single_activity_loop,high; medium; medium,"S1 [00:00-01:38, 1.64h]: auto_refresh - Gaps extremely regular: mean=10.8s, std=0.41s across 547 gaps; excessive_events - 334 events/hr (max=300); single_activity_loop - 100% of events on ""Quiz:  Unit 3 - Minimal Pairs (1 - 10)""",https://glow.paclinks.org/report/log/index.php?chooselog=1&logreader=logstore_standard&id=0&user=4144&date=1773964800
2026-03-22,4144,BD19P0251 Mai Bá Khánh Trình,2.3,2,779,0.03,6,0.0,REVIEW REQUIRED,auto_refresh; excessive_events; single_activity_loop,high; medium; medium,"S1 [00:18-01:37, 1.32h]: auto_refresh - Gaps extremely regular: mean=10.6s, std=1.00s across 445 gaps; excessive_events - 338 events/hr (max=300); single_activity_loop - 99% of events on ""Course: Pronunciation - Intermediate""
S2 [23:01-00:00, 0.98h]: auto_refresh - Gaps extremely regular: mean=10.6s, std=1.41s across 332 gaps; excessive_events - 340 events/hr (max=300); single_activity_loop - 98% of events on ""Quiz: Unit 1 - Key vocabulary (1 - 10)""",https://glow.paclinks.org/report/log/index.php?chooselog=1&logreader=logstore_standard&id=0&user=4144&date=1774137600
2026-03-23,4144,BD19P0251 Mai Bá Khánh Trình,4.1,2,1342,0.0,6,0.0,REVIEW REQUIRED,auto_refresh; excessive_events; single_activity_loop,high; medium; medium,"S1 [00:00-00:39, 0.66h]: auto_refresh - Gaps extremely regular: mean=10.8s, std=0.46s across 218 gaps; excessive_events - 334 events/hr (max=300); single_activity_loop - 100% of events on ""Quiz: Unit 1 - Key vocabulary (1 - 10)""
S2 [20:10-23:37, 3.45h]: auto_refresh - Gaps extremely regular: mean=11.0s, std=1.05s across 1122 gaps; excessive_events - 326 events/hr (max=300); single_activity_loop - 100% of events on ""Interactive Content: Reading""",https://glow.paclinks.org/report/log/index.php?chooselog=1&logreader=logstore_standard&id=0&user=4144&date=1774224000
2026-03-24,4144,BD19P0251 Mai Bá Khánh Trình,3.29,2,1069,0.07,6,0.0,REVIEW REQUIRED,auto_refresh; excessive_events; single_activity_loop,high; medium; medium,"S1 [13:59-16:51, 2.86h]: auto_refresh - Gaps extremely regular: mean=11.1s, std=1.21s across 923 gaps; excessive_events - 324 events/hr (max=300); single_activity_loop - 99% of events on ""Interactive Content: Reading""
S2 [22:54-23:20, 0.43h]: auto_refresh - 91% of gaps within ±2.0s of mean 10.7s; excessive_events - 337 events/hr (max=300); single_activity_loop - 92% of events on ""Interactive Content: Simple Subjects and Simple Predicates I""",https://glow.paclinks.org/report/log/index.php?chooselog=1&logreader=logstore_standard&id=0&user=4144&date=1774310400
2026-03-25,4144,BD19P0251 Mai Bá Khánh Trình,5.21,2,1713,0.05,5,0.0,REVIEW REQUIRED,auto_refresh; excessive_events; single_activity_loop,high; medium; medium,"S1 [16:52-18:15, 1.39h]: auto_refresh - Gaps extremely regular: mean=10.9s, std=0.97s across 456 gaps; excessive_events - 329 events/hr (max=300); single_activity_loop - 99% of events on ""Interactive Content: Reading""
S2 [20:11-00:00, 3.82h]: auto_refresh - Gaps extremely regular: mean=10.9s, std=0.70s across 1255 gaps; excessive_events - 329 events/hr (max=300)",https://glow.paclinks.org/report/log/index.php?chooselog=1&logreader=logstore_standard&id=0&user=4144&date=1774396800
2026-03-26,4144,BD19P0251 Mai Bá Khánh Trình,3.87,3,1266,0.07,9,0.0,REVIEW REQUIRED,auto_refresh; excessive_events; single_activity_loop,high; medium; medium,"S1 [00:00-00:32, 0.53h]: auto_refresh - Gaps extremely regular: mean=11.0s, std=0.40s across 172 gaps; excessive_events - 326 events/hr (max=300); single_activity_loop - 100% of events on ""Interactive Content: Reading""
S2 [14:55-17:05, 2.17h]: auto_refresh - Gaps extremely regular: mean=11.1s, std=0.81s across 704 gaps; excessive_events - 325 events/hr (max=300); single_activity_loop - 99% of events on ""Interactive Content: Simple Subjects and Simple Predicates I""
S3 [22:49-00:00, 1.17h]: auto_refresh - 97% of gaps within ±2.0s of mean 10.9s; excessive_events - 331 events/hr (max=300); single_activity_loop - 98% of events on ""Quiz:  Unit 3 - Minimal Pairs (11 - 16)""",https://glow.paclinks.org/report/log/index.php?chooselog=1&logreader=logstore_standard&id=0&user=4144&date=1774483200
2026-03-27,4144,BD19P0251 Mai Bá Khánh Trình,3.71,3,1213,0.0,9,0.0,REVIEW REQUIRED,auto_refresh; excessive_events; single_activity_loop,high; medium; medium,"S1 [00:00-00:12, 0.21h]: auto_refresh - Gaps extremely regular: mean=10.9s, std=0.41s across 68 gaps; excessive_events - 331 events/hr (max=300); single_activity_loop - 100% of events on ""Quiz:  Unit 3 - Minimal Pairs (11 - 16)""
S2 [19:09-20:17, 1.14h]: auto_refresh - Gaps extremely regular: mean=10.9s, std=1.07s across 375 gaps; excessive_events - 331 events/hr (max=300); single_activity_loop - 98% of events on ""Interactive Content: Reading""
S3 [21:38-23:59, 2.36h]: auto_refresh - Gaps extremely regular: mean=11.1s, std=0.53s across 767 gaps; excessive_events - 325 events/hr (max=300); single_activity_loop - 100% of events on ""Interactive Content: Reading""",https://glow.paclinks.org/report/log/index.php?chooselog=1&logreader=logstore_standard&id=0&user=4144&date=1774569600
2026-03-28,4144,BD19P0251 Mai Bá Khánh Trình,0.96,1,311,0.0,3,0.0,REVIEW REQUIRED,auto_refresh; excessive_events; single_activity_loop,high; medium; medium,"S1 [00:00-00:57, 0.96h]: auto_refresh - Gaps extremely regular: mean=11.1s, std=0.38s across 310 gaps; excessive_events - 325 events/hr (max=300); single_activity_loop - 100% of events on ""Interactive Content: Reading""",https://glow.paclinks.org/report/log/index.php?chooselog=1&logreader=logstore_standard&id=0&user=4144&date=1774656000
2026-03-30,4144,BD19P0251 Mai Bá Khánh Trình,0.07,1,4,0.5,0,0.07,CLEAN,,,,https://glow.paclinks.org/report/log/index.php?chooselog=1&logreader=logstore_standard&id=0&user=4144&date=1774828800
2026-03-31,4144,BD19P0251 Mai Bá Khánh Trình,4.34,2,1422,0.0,6,0.0,REVIEW REQUIRED,auto_refresh; excessive_events; single_activity_loop,high; medium; medium,"S1 [13:55-16:37, 2.69h]: auto_refresh - Gaps extremely regular: mean=11.0s, std=0.73s across 880 gaps; excessive_events - 327 events/hr (max=300); single_activity_loop - 99% of events on ""Interactive Content: Reading""
S2 [22:21-00:00, 1.64h]: auto_refresh - Gaps extremely regular: mean=10.9s, std=1.35s across 540 gaps; excessive_events - 329 events/hr (max=300); single_activity_loop - 99% of events on ""Quiz: Unit 1 - Sounds/Minimal Pairs (1 - 10)""",https://glow.paclinks.org/report/log/index.php?chooselog=1&logreader=logstore_standard&id=0&user=4144&date=1774915200
2026-03-11,5445,BD20P0278 TRƯƠNG ANH TUẤN,0.38,1,2,0.55,0,0.38,CLEAN,,,,https://glow.paclinks.org/report/log/index.php?chooselog=1&logreader=logstore_standard&id=0&user=5445&date=1773187200
2026-03-25,5445,BD20P0278 TRƯƠNG ANH TUẤN,0.07,1,6,0.55,0,0.07,CLEAN,,,,https://glow.paclinks.org/report/log/index.php?chooselog=1&logreader=logstore_standard&id=0&user=5445&date=1774396800
2026-03-04,5447,BD20P0280 LÊ VÕ NGÂN HÀ,0.23,1,13,0.55,0,0.23,CLEAN,,,,https://glow.paclinks.org/report/log/index.php?chooselog=1&logreader=logstore_standard&id=0&user=5447&date=1772582400
2026-03-16,5447,BD20P0280 LÊ VÕ NGÂN HÀ,0.29,1,3,0.55,0,0.29,CLEAN,,,,https://glow.paclinks.org/report/log/index.php?chooselog=1&logreader=logstore_standard&id=0&user=5447&date=1773619200
2026-03-19,5447,BD20P0280 LÊ VÕ NGÂN HÀ,0.13,1,6,0.55,0,0.13,CLEAN,,,,https://glow.paclinks.org/report/log/index.php?chooselog=1&logreader=logstore_standard&id=0&user=5447&date=1773878400
2026-03-30,5447,BD20P0280 LÊ VÕ NGÂN HÀ,0.37,1,2,0.55,0,0.37,CLEAN,,,,https://glow.paclinks.org/report/log/index.php?chooselog=1&logreader=logstore_standard&id=0&user=5447&date=1774828800
2026-03-16,5450,BD20P0283 TRẦN BẢO NGUYÊN,0.08,1,8,0.5,0,0.08,CLEAN,,,,https://glow.paclinks.org/report/log/index.php?chooselog=1&logreader=logstore_standard&id=0&user=5450&date=1773619200
2026-03-15,6278,BD21P0298 ĐẶNG NGUYỄN ANH TUẤN,0.6,1,13,0.55,0,0.6,CLEAN,,,,https://glow.paclinks.org/report/log/index.php?chooselog=1&logreader=logstore_standard&id=0&user=6278&date=1773532800
2026-03-03,6284,BD21P0304 NGUYỄN THỊ PHƯƠNG THẢO,0.11,1,2,0.5,0,0.11,CLEAN,,,,https://glow.paclinks.org/report/log/index.php?chooselog=1&logreader=logstore_standard&id=0&user=6284&date=1772496000
2026-03-06,6284,BD21P0304 NGUYỄN THỊ PHƯƠNG THẢO,0.37,1,2,0.5,0,0.37,CLEAN,,,,https://glow.paclinks.org/report/log/index.php?chooselog=1&logreader=logstore_standard&id=0&user=6284&date=1772755200
2026-03-07,6284,BD21P0304 NGUYỄN THỊ PHƯƠNG THẢO,0.12,1,3,0.5,0,0.12,CLEAN,,,,https://glow.paclinks.org/report/log/index.php?chooselog=1&logreader=logstore_standard&id=0&user=6284&date=1772841600
2026-03-13,6284,BD21P0304 NGUYỄN THỊ PHƯƠNG THẢO,0.39,1,3,0.5,0,0.39,CLEAN,,,,https://glow.paclinks.org/report/log/index.php?chooselog=1&logreader=logstore_standard&id=0&user=6284&date=1773360000
2026-03-15,6284,BD21P0304 NGUYỄN THỊ PHƯƠNG THẢO,0.13,1,3,0.5,0,0.13,CLEAN,,,,https://glow.paclinks.org/report/log/index.php?chooselog=1&logreader=logstore_standard&id=0&user=6284&date=1773532800
2026-03-16,6284,BD21P0304 NGUYỄN THỊ PHƯƠNG THẢO,0.4,1,2,0.5,0,0.4,CLEAN,,,,https://glow.paclinks.org/report/log/index.php?chooselog=1&logreader=logstore_standard&id=0&user=6284&date=1773619200
2026-03-24,6284,BD21P0304 NGUYỄN THỊ PHƯƠNG THẢO,0.28,1,3,0.5,0,0.28,CLEAN,,,,https://glow.paclinks.org/report/log/index.php?chooselog=1&logreader=logstore_standard&id=0&user=6284&date=1774310400
2026-03-25,6284,BD21P0304 NGUYỄN THỊ PHƯƠNG THẢO,0.06,1,3,0.5,0,0.06,CLEAN,,,,https://glow.paclinks.org/report/log/index.php?chooselog=1&logreader=logstore_standard&id=0&user=6284&date=1774396800
2026-03-26,6284,BD21P0304 NGUYỄN THỊ PHƯƠNG THẢO,0.17,1,3,0.5,0,0.17,CLEAN,,,,https://glow.paclinks.org/report/log/index.php?chooselog=1&logreader=logstore_standard&id=0&user=6284&date=1774483200
2026-03-27,6284,BD21P0304 NGUYỄN THỊ PHƯƠNG THẢO,0.6,2,4,0.5,0,0.6,CLEAN,,,,https://glow.paclinks.org/report/log/index.php?chooselog=1&logreader=logstore_standard&id=0&user=6284&date=1774569600
2026-03-29,6284,BD21P0304 NGUYỄN THỊ PHƯƠNG THẢO,0.23,2,7,0.5,0,0.23,CLEAN,,,,https://glow.paclinks.org/report/log/index.php?chooselog=1&logreader=logstore_standard&id=0&user=6284&date=1774742400
2026-03-31,6284,BD21P0304 NGUYỄN THỊ PHƯƠNG THẢO,0.2,1,4,0.5,0,0.2,CLEAN,,,,https://glow.paclinks.org/report/log/index.php?chooselog=1&logreader=logstore_standard&id=0&user=6284&date=1774915200
2026-03-02,6702,BD21P0323 TRẦN THỊNH PHÁT,0.57,2,10,0.53,0,0.57,CLEAN,,,,https://glow.paclinks.org/report/log/index.php?chooselog=1&logreader=logstore_standard&id=0&user=6702&date=1772409600
2026-03-03,6702,BD21P0323 TRẦN THỊNH PHÁT,0.76,2,15,0.55,0,0.76,CLEAN,,,,https://glow.paclinks.org/report/log/index.php?chooselog=1&logreader=logstore_standard&id=0&user=6702&date=1772496000
2026-03-04,6702,BD21P0323 TRẦN THỊNH PHÁT,0.22,1,7,0.55,0,0.22,CLEAN,,,,https://glow.paclinks.org/report/log/index.php?chooselog=1&logreader=logstore_standard&id=0&user=6702&date=1772582400
2026-03-06,6702,BD21P0323 TRẦN THỊNH PHÁT,0.71,2,15,0.55,0,0.71,CLEAN,,,,https://glow.paclinks.org/report/log/index.php?chooselog=1&logreader=logstore_standard&id=0&user=6702&date=1772755200
2026-03-07,6702,BD21P0323 TRẦN THỊNH PHÁT,0.47,1,8,0.55,0,0.47,CLEAN,,,,https://glow.paclinks.org/report/log/index.php?chooselog=1&logreader=logstore_standard&id=0&user=6702&date=1772841600
2026-03-08,6702,BD21P0323 TRẦN THỊNH PHÁT,1.1,2,16,0.55,0,1.1,CLEAN,,,,https://glow.paclinks.org/report/log/index.php?chooselog=1&logreader=logstore_standard&id=0&user=6702&date=1772928000
2026-03-09,6702,BD21P0323 TRẦN THỊNH PHÁT,0.45,1,8,0.55,0,0.45,CLEAN,,,,https://glow.paclinks.org/report/log/index.php?chooselog=1&logreader=logstore_standard&id=0&user=6702&date=1773014400
2026-03-11,6702,BD21P0323 TRẦN THỊNH PHÁT,0.62,1,8,0.55,0,0.62,CLEAN,,,,https://glow.paclinks.org/report/log/index.php?chooselog=1&logreader=logstore_standard&id=0&user=6702&date=1773187200
2026-03-13,6702,BD21P0323 TRẦN THỊNH PHÁT,0.85,2,15,0.55,0,0.85,CLEAN,,,,https://glow.paclinks.org/report/log/index.php?chooselog=1&logreader=logstore_standard&id=0&user=6702&date=1773360000
2026-03-15,6702,BD21P0323 TRẦN THỊNH PHÁT,0.24,1,7,0.55,0,0.24,CLEAN,,,,https://glow.paclinks.org/report/log/index.php?chooselog=1&logreader=logstore_standard&id=0&user=6702&date=1773532800
2026-03-16,6702,BD21P0323 TRẦN THỊNH PHÁT,0.26,1,7,0.55,0,0.26,CLEAN,,,,https://glow.paclinks.org/report/log/index.php?chooselog=1&logreader=logstore_standard&id=0&user=6702&date=1773619200
2026-03-17,6702,BD21P0323 TRẦN THỊNH PHÁT,0.9,1,5,0.55,0,0.9,CLEAN,,,,https://glow.paclinks.org/report/log/index.php?chooselog=1&logreader=logstore_standard&id=0&user=6702&date=1773705600
2026-03-18,6702,BD21P0323 TRẦN THỊNH PHÁT,0.35,1,8,0.55,0,0.35,CLEAN,,,,https://glow.paclinks.org/report/log/index.php?chooselog=1&logreader=logstore_standard&id=0&user=6702&date=1773792000
2026-03-27,6702,BD21P0323 TRẦN THỊNH PHÁT,0.29,1,18,0.55,0,0.29,CLEAN,,,,https://glow.paclinks.org/report/log/index.php?chooselog=1&logreader=logstore_standard&id=0&user=6702&date=1774569600
2026-03-30,6702,BD21P0323 TRẦN THỊNH PHÁT,0.87,2,17,0.55,0,0.87,CLEAN,,,,https://glow.paclinks.org/report/log/index.php?chooselog=1&logreader=logstore_standard&id=0&user=6702&date=1774828800
2026-03-12,7300,BD22P0331 HUỲNH VĂN HƯƠNG,1.64,2,451,0.08,4,0.0,REVIEW REQUIRED,auto_refresh; single_activity_loop,high; medium,"S1 [20:50-21:51, 1.02h]: auto_refresh - Gaps extremely regular: mean=13.1s, std=1.38s across 280 gaps; single_activity_loop - 99% of events on ""Page: Hướng dẫn chi tiết tổng hợp 12 thì tiếng Anh dành cho ""
S2 [22:18-22:55, 0.62h]: auto_refresh - Gaps extremely regular: mean=13.1s, std=0.41s across 169 gaps; single_activity_loop - 100% of events on ""Page: Hướng dẫn chi tiết tổng hợp 12 thì tiếng Anh dành cho """,https://glow.paclinks.org/report/log/index.php?chooselog=1&logreader=logstore_standard&id=0&user=7300&date=1773273600
2026-03-13,7300,BD22P0331 HUỲNH VĂN HƯƠNG,1.01,1,278,0.1,2,0.0,REVIEW REQUIRED,auto_refresh; single_activity_loop,high; medium,"S1 [20:23-21:24, 1.01h]: auto_refresh - Gaps extremely regular: mean=13.0s, std=1.45s across 277 gaps; single_activity_loop - 99% of events on ""Interactive Content: Reading""",https://glow.paclinks.org/report/log/index.php?chooselog=1&logreader=logstore_standard&id=0&user=7300&date=1773360000
2026-03-14,7300,BD22P0331 HUỲNH VĂN HƯƠNG,1.78,2,492,0.08,4,0.0,REVIEW REQUIRED,auto_refresh; single_activity_loop,high; medium,"S1 [19:13-20:39, 1.43h]: auto_refresh - Gaps extremely regular: mean=13.0s, std=1.06s across 395 gaps; single_activity_loop - 99% of events on ""Interactive Content: Let role-play""
S2 [21:08-21:29, 0.35h]: auto_refresh - Gaps extremely regular: mean=13.1s, std=0.40s across 95 gaps; single_activity_loop - 100% of events on ""Interactive Content: Let role-play""",https://glow.paclinks.org/report/log/index.php?chooselog=1&logreader=logstore_standard&id=0&user=7300&date=1773446400
2026-03-15,7300,BD22P0331 HUỲNH VĂN HƯƠNG,1.25,1,347,0.1,2,0.0,REVIEW REQUIRED,auto_refresh; single_activity_loop,high; medium,"S1 [09:27-10:42, 1.25h]: auto_refresh - Gaps extremely regular: mean=13.0s, std=1.30s across 346 gaps; single_activity_loop - 99% of events on ""Interactive Content: Reading""",https://glow.paclinks.org/report/log/index.php?chooselog=1&logreader=logstore_standard&id=0&user=7300&date=1773532800
2026-03-29,7300,BD22P0331 HUỲNH VĂN HƯƠNG,0.37,1,104,0.25,2,0.0,REVIEW REQUIRED,auto_refresh; single_activity_loop,medium; medium,"S1 [21:29-21:51, 0.37h]: auto_refresh - 94% of gaps within ±2.0s of mean 12.7s; single_activity_loop - 96% of events on ""Interactive Content: Reading""",https://glow.paclinks.org/report/log/index.php?chooselog=1&logreader=logstore_standard&id=0&user=7300&date=1774742400
2026-03-02,7301,BD22P0332 MAI NGUYÊN HOÀI ĐỨC,5.32,2,1331,0.17,4,0.0,REVIEW REQUIRED,auto_refresh; single_activity_loop,high; medium,"S1 [14:44-17:20, 2.61h]: auto_refresh - 94% of gaps within ±2.0s of mean 14.5s; single_activity_loop - 99% of events on ""Interactive Content: Listening""
S2 [18:17-21:00, 2.71h]: auto_refresh - Gaps extremely regular: mean=14.2s, std=0.83s across 684 gaps; single_activity_loop - 100% of events on ""Interactive Content: Listening""",https://glow.paclinks.org/report/log/index.php?chooselog=1&logreader=logstore_standard&id=0&user=7301&date=1772409600
2026-03-03,7301,BD22P0332 MAI NGUYÊN HOÀI ĐỨC,1.33,1,370,0.25,2,0.0,REVIEW REQUIRED,auto_refresh; single_activity_loop,medium; medium,"S1 [09:52-11:12, 1.33h]: auto_refresh - 98% of gaps within ±2.0s of mean 12.9s; single_activity_loop - 99% of events on ""Interactive Content: During Watching Time""",https://glow.paclinks.org/report/log/index.php?chooselog=1&logreader=logstore_standard&id=0&user=7301&date=1772496000
2026-03-04,7301,BD22P0332 MAI NGUYÊN HOÀI ĐỨC,5.39,1,1347,0.25,2,0.0,REVIEW REQUIRED,auto_refresh; single_activity_loop,medium; medium,"S1 [15:24-20:47, 5.39h]: auto_refresh - 98% of gaps within ±2.0s of mean 14.4s; single_activity_loop - 100% of events on ""Interactive Content: During Watching Time""",https://glow.paclinks.org/report/log/index.php?chooselog=1&logreader=logstore_standard&id=0&user=7301&date=1772582400
2026-03-06,7301,BD22P0332 MAI NGUYÊN HOÀI ĐỨC,1.96,1,482,0.25,2,0.0,REVIEW REQUIRED,auto_refresh; single_activity_loop,medium; medium,"S1 [19:35-21:33, 1.96h]: auto_refresh - 96% of gaps within ±2.0s of mean 14.6s; single_activity_loop - 99% of events on ""Interactive Content: During Watching Time""",https://glow.paclinks.org/report/log/index.php?chooselog=1&logreader=logstore_standard&id=0&user=7301&date=1772755200
2026-03-07,7301,BD22P0332 MAI NGUYÊN HOÀI ĐỨC,5.71,1,1446,0.25,2,0.0,REVIEW REQUIRED,auto_refresh; single_activity_loop,medium; medium,"S1 [14:07-19:50, 5.71h]: auto_refresh - 99% of gaps within ±2.0s of mean 14.2s; single_activity_loop - 100% of events on ""Interactive Content: During Watching Time""",https://glow.paclinks.org/report/log/index.php?chooselog=1&logreader=logstore_standard&id=0&user=7301&date=1772841600
2026-03-14,7301,BD22P0332 MAI NGUYÊN HOÀI ĐỨC,5.17,2,1319,0.1,4,0.0,REVIEW REQUIRED,auto_refresh; single_activity_loop,high; medium,"S1 [14:31-15:12, 0.70h]: auto_refresh - Gaps extremely regular: mean=14.0s, std=1.48s across 178 gaps; single_activity_loop - 99% of events on ""Interactive Content: During Watching Time""
S2 [18:54-23:22, 4.48h]: auto_refresh - Gaps extremely regular: mean=14.1s, std=0.75s across 1139 gaps; single_activity_loop - 100% of events on ""Interactive Content: During Watching Time""",https://glow.paclinks.org/report/log/index.php?chooselog=1&logreader=logstore_standard&id=0&user=7301&date=1773446400
2026-03-05,7304,BD22P0335 DƯƠNG TƯỜNG NHI,0.05,1,8,0.6,0,0.05,CLEAN,,,,https://glow.paclinks.org/report/log/index.php?chooselog=1&logreader=logstore_standard&id=0&user=7304&date=1772668800
2026-03-09,7304,BD22P0335 DƯƠNG TƯỜNG NHI,0.05,1,6,0.55,0,0.05,CLEAN,,,,https://glow.paclinks.org/report/log/index.php?chooselog=1&logreader=logstore_standard&id=0&user=7304&date=1773014400
2026-03-10,7304,BD22P0335 DƯƠNG TƯỜNG NHI,0.09,1,8,0.6,0,0.09,CLEAN,,,,https://glow.paclinks.org/report/log/index.php?chooselog=1&logreader=logstore_standard&id=0&user=7304&date=1773100800
2026-03-11,7304,BD22P0335 DƯƠNG TƯỜNG NHI,0.1,1,6,0.55,0,0.1,CLEAN,,,,https://glow.paclinks.org/report/log/index.php?chooselog=1&logreader=logstore_standard&id=0&user=7304&date=1773187200
2026-03-14,7304,BD22P0335 DƯƠNG TƯỜNG NHI,0.14,2,13,0.55,0,0.14,CLEAN,,,,https://glow.paclinks.org/report/log/index.php?chooselog=1&logreader=logstore_standard&id=0&user=7304&date=1773446400
2026-03-24,7304,BD22P0335 DƯƠNG TƯỜNG NHI,0.07,1,6,0.55,0,0.07,CLEAN,,,,https://glow.paclinks.org/report/log/index.php?chooselog=1&logreader=logstore_standard&id=0&user=7304&date=1774310400
2026-03-28,7304,BD22P0335 DƯƠNG TƯỜNG NHI,0.05,1,5,0.6,0,0.05,CLEAN,,,,https://glow.paclinks.org/report/log/index.php?chooselog=1&logreader=logstore_standard&id=0&user=7304&date=1774656000
2026-03-05,7305,BD22P0336 NGUYỄN THỊ KIỀU TRINH,0.8,1,9,0.55,0,0.8,CLEAN,,,,https://glow.paclinks.org/report/log/index.php?chooselog=1&logreader=logstore_standard&id=0&user=7305&date=1772668800
2026-03-11,7305,BD22P0336 NGUYỄN THỊ KIỀU TRINH,0.51,1,8,0.55,0,0.51,CLEAN,,,,https://glow.paclinks.org/report/log/index.php?chooselog=1&logreader=logstore_standard&id=0&user=7305&date=1773187200
2026-03-12,7305,BD22P0336 NGUYỄN THỊ KIỀU TRINH,0.45,1,3,0.5,0,0.45,CLEAN,,,,https://glow.paclinks.org/report/log/index.php?chooselog=1&logreader=logstore_standard&id=0&user=7305&date=1773273600
2026-03-16,7305,BD22P0336 NGUYỄN THỊ KIỀU TRINH,0.41,1,3,0.55,0,0.41,CLEAN,,,,https://glow.paclinks.org/report/log/index.php?chooselog=1&logreader=logstore_standard&id=0&user=7305&date=1773619200
2026-03-18,7305,BD22P0336 NGUYỄN THỊ KIỀU TRINH,0.27,1,14,0.6,0,0.27,CLEAN,,,,https://glow.paclinks.org/report/log/index.php?chooselog=1&logreader=logstore_standard&id=0&user=7305&date=1773792000
2026-03-01,7651,BD22P0347 Nguyễn Ngọc Bảo Quốc,0.09,1,5,0.55,0,0.09,CLEAN,,,,https://glow.paclinks.org/report/log/index.php?chooselog=1&logreader=logstore_standard&id=0&user=7651&date=1772323200
2026-03-02,7651,BD22P0347 Nguyễn Ngọc Bảo Quốc,1.74,1,20,0.55,0,1.74,CLEAN,,,,https://glow.paclinks.org/report/log/index.php?chooselog=1&logreader=logstore_standard&id=0&user=7651&date=1772409600
2026-03-04,7651,BD22P0347 Nguyễn Ngọc Bảo Quốc,1.12,2,12,0.55,0,1.12,CLEAN,,,,https://glow.paclinks.org/report/log/index.php?chooselog=1&logreader=logstore_standard&id=0&user=7651&date=1772582400
2026-03-05,7651,BD22P0347 Nguyễn Ngọc Bảo Quốc,1.6,2,14,0.53,0,1.6,CLEAN,,,,https://glow.paclinks.org/report/log/index.php?chooselog=1&logreader=logstore_standard&id=0&user=7651&date=1772668800
2026-03-09,7651,BD22P0347 Nguyễn Ngọc Bảo Quốc,1.48,3,23,0.53,0,1.48,CLEAN,,,,https://glow.paclinks.org/report/log/index.php?chooselog=1&logreader=logstore_standard&id=0&user=7651&date=1773014400
2026-03-10,7651,BD22P0347 Nguyễn Ngọc Bảo Quốc,1.12,3,30,0.55,0,1.12,CLEAN,,,,https://glow.paclinks.org/report/log/index.php?chooselog=1&logreader=logstore_standard&id=0&user=7651&date=1773100800
2026-03-11,7651,BD22P0347 Nguyễn Ngọc Bảo Quốc,0.28,1,6,0.55,0,0.28,CLEAN,,,,https://glow.paclinks.org/report/log/index.php?chooselog=1&logreader=logstore_standard&id=0&user=7651&date=1773187200
2026-03-12,7651,BD22P0347 Nguyễn Ngọc Bảo Quốc,0.29,1,16,0.55,0,0.29,CLEAN,,,,https://glow.paclinks.org/report/log/index.php?chooselog=1&logreader=logstore_standard&id=0&user=7651&date=1773273600
2026-03-13,7651,BD22P0347 Nguyễn Ngọc Bảo Quốc,1.02,1,11,0.55,0,1.02,CLEAN,,,,https://glow.paclinks.org/report/log/index.php?chooselog=1&logreader=logstore_standard&id=0&user=7651&date=1773360000
2026-03-29,7651,BD22P0347 Nguyễn Ngọc Bảo Quốc,1.06,2,15,0.55,0,1.06,CLEAN,,,,https://glow.paclinks.org/report/log/index.php?chooselog=1&logreader=logstore_standard&id=0&user=7651&date=1774742400
2026-03-30,7651,BD22P0347 Nguyễn Ngọc Bảo Quốc,1.43,1,11,0.55,0,1.43,CLEAN,,,,https://glow.paclinks.org/report/log/index.php?chooselog=1&logreader=logstore_standard&id=0&user=7651&date=1774828800
2026-03-05,8093,BD23P0351 LÊ PHẠM NGỌC HÂN,0.07,1,5,0.55,0,0.07,CLEAN,,,,https://glow.paclinks.org/report/log/index.php?chooselog=1&logreader=logstore_standard&id=0&user=8093&date=1772668800
2026-03-10,8093,BD23P0351 LÊ PHẠM NGỌC HÂN,0.13,1,8,0.55,0,0.13,CLEAN,,,,https://glow.paclinks.org/report/log/index.php?chooselog=1&logreader=logstore_standard&id=0&user=8093&date=1773100800
2026-03-11,8093,BD23P0351 LÊ PHẠM NGỌC HÂN,0.33,1,8,0.55,0,0.33,CLEAN,,,,https://glow.paclinks.org/report/log/index.php?chooselog=1&logreader=logstore_standard&id=0&user=8093&date=1773187200
2026-03-12,8093,BD23P0351 LÊ PHẠM NGỌC HÂN,0.31,1,3,0.55,0,0.31,CLEAN,,,,https://glow.paclinks.org/report/log/index.php?chooselog=1&logreader=logstore_standard&id=0&user=8093&date=1773273600
2026-03-14,8093,BD23P0351 LÊ PHẠM NGỌC HÂN,0.08,1,6,0.55,0,0.08,CLEAN,,,,https://glow.paclinks.org/report/log/index.php?chooselog=1&logreader=logstore_standard&id=0&user=8093&date=1773446400
2026-03-15,8093,BD23P0351 LÊ PHẠM NGỌC HÂN,1.32,6,140,0.58,2,1.23,HAS ANOMALIES,excessive_events; single_activity_loop,medium; medium,"S6 [22:23-22:28, 0.09h]: excessive_events - 783 events/hr (max=300); single_activity_loop - 96% of events on ""Quiz: Pronounce practice""",https://glow.paclinks.org/report/log/index.php?chooselog=1&logreader=logstore_standard&id=0&user=8093&date=1773532800
2026-03-16,8093,BD23P0351 LÊ PHẠM NGỌC HÂN,0.74,2,22,0.55,0,0.74,CLEAN,,,,https://glow.paclinks.org/report/log/index.php?chooselog=1&logreader=logstore_standard&id=0&user=8093&date=1773619200
2026-03-17,8093,BD23P0351 LÊ PHẠM NGỌC HÂN,0.59,2,8,0.55,0,0.59,CLEAN,,,,https://glow.paclinks.org/report/log/index.php?chooselog=1&logreader=logstore_standard&id=0&user=8093&date=1773705600
2026-03-18,8093,BD23P0351 LÊ PHẠM NGỌC HÂN,0.29,2,14,0.55,0,0.29,CLEAN,,,,https://glow.paclinks.org/report/log/index.php?chooselog=1&logreader=logstore_standard&id=0&user=8093&date=1773792000
2026-03-19,8093,BD23P0351 LÊ PHẠM NGỌC HÂN,0.78,2,17,0.57,0,0.78,CLEAN,,,,https://glow.paclinks.org/report/log/index.php?chooselog=1&logreader=logstore_standard&id=0&user=8093&date=1773878400
2026-03-20,8093,BD23P0351 LÊ PHẠM NGỌC HÂN,0.36,1,9,0.6,0,0.36,CLEAN,,,,https://glow.paclinks.org/report/log/index.php?chooselog=1&logreader=logstore_standard&id=0&user=8093&date=1773964800
2026-03-24,8093,BD23P0351 LÊ PHẠM NGỌC HÂN,0.74,1,10,0.6,0,0.74,CLEAN,,,,https://glow.paclinks.org/report/log/index.php?chooselog=1&logreader=logstore_standard&id=0&user=8093&date=1774310400
2026-03-25,8093,BD23P0351 LÊ PHẠM NGỌC HÂN,0.33,1,8,0.55,0,0.33,CLEAN,,,,https://glow.paclinks.org/report/log/index.php?chooselog=1&logreader=logstore_standard&id=0&user=8093&date=1774396800
2026-03-26,8093,BD23P0351 LÊ PHẠM NGỌC HÂN,0.17,1,12,0.55,0,0.17,CLEAN,,,,https://glow.paclinks.org/report/log/index.php?chooselog=1&logreader=logstore_standard&id=0&user=8093&date=1774483200
2026-03-22,8097,BD23P0355 HUỲNH THỊ BẢO NGỌC,0.07,1,4,0.5,0,0.07,CLEAN,,,,https://glow.paclinks.org/report/log/index.php?chooselog=1&logreader=logstore_standard&id=0&user=8097&date=1774137600
2026-03-25,8097,BD23P0355 HUỲNH THỊ BẢO NGỌC,0.53,2,20,0.57,0,0.53,CLEAN,,,,https://glow.paclinks.org/report/log/index.php?chooselog=1&logreader=logstore_standard&id=0&user=8097&date=1774396800
2026-03-30,8097,BD23P0355 HUỲNH THỊ BẢO NGỌC,0.19,1,9,0.55,0,0.19,CLEAN,,,,https://glow.paclinks.org/report/log/index.php?chooselog=1&logreader=logstore_standard&id=0&user=8097&date=1774828800
2026-03-04,8098,BD23P0356 NGUYỄN TRÀ MY,0.18,1,11,0.55,0,0.18,CLEAN,,,,https://glow.paclinks.org/report/log/index.php?chooselog=1&logreader=logstore_standard&id=0&user=8098&date=1772582400
2026-03-01,8099,BD23P0357 NGUYỄN NGUYÊN TƯỜNG VY,9.03,2,2406,0.03,5,0.0,REVIEW REQUIRED,auto_refresh; single_activity_loop; session_too_long,high; medium; high,"S1 [00:00-00:16, 0.27h]: auto_refresh - Gaps extremely regular: mean=14.4s, std=0.72s across 66 gaps; single_activity_loop - 100% of events on ""Page: Thì Hiện Tại Đơn""
S2 [11:29-20:15, 8.76h]: session_too_long - Session duration 8.8h exceeds 6h limit; auto_refresh - Gaps extremely regular: mean=13.5s, std=0.76s across 2338 gaps; single_activity_loop - 100% of events on ""Course: Learn English though Songs""",https://glow.paclinks.org/report/log/index.php?chooselog=1&logreader=logstore_standard&id=0&user=8099&date=1772323200
2026-03-03,8099,BD23P0357 NGUYỄN NGUYÊN TƯỜNG VY,2.2,1,546,0.2,2,0.0,REVIEW REQUIRED,auto_refresh; single_activity_loop,medium; medium,"S1 [19:26-21:38, 2.20h]: auto_refresh - 96% of gaps within ±2.0s of mean 14.5s; single_activity_loop - 99% of events on ""Course: Learn English though Songs""",https://glow.paclinks.org/report/log/index.php?chooselog=1&logreader=logstore_standard&id=0&user=8099&date=1772496000
2026-03-05,8099,BD23P0357 NGUYỄN NGUYÊN TƯỜNG VY,0.37,1,104,0.25,2,0.0,REVIEW REQUIRED,auto_refresh; single_activity_loop,medium; medium,"S1 [23:36-23:58, 0.37h]: auto_refresh - 88% of gaps within ±2.0s of mean 12.7s; single_activity_loop - 91% of events on ""Interactive Content: Pronunciation Lesson 1: Vowel Sound / æ""",https://glow.paclinks.org/report/log/index.php?chooselog=1&logreader=logstore_standard&id=0&user=8099&date=1772668800
2026-03-10,8099,BD23P0357 NGUYỄN NGUYÊN TƯỜNG VY,2.3,1,561,0.2,2,0.0,REVIEW REQUIRED,auto_refresh; single_activity_loop,medium; medium,"S1 [19:30-21:48, 2.30h]: auto_refresh - 98% of gaps within ±2.0s of mean 14.7s; single_activity_loop - 99% of events on ""Course: Learn English though Songs""",https://glow.paclinks.org/report/log/index.php?chooselog=1&logreader=logstore_standard&id=0&user=8099&date=1773100800
2026-03-19,8101,BD23P0359 NGUYỄN MAI NHƯ NGỌC,0.16,1,7,0.55,0,0.16,CLEAN,,,,https://glow.paclinks.org/report/log/index.php?chooselog=1&logreader=logstore_standard&id=0&user=8101&date=1773878400
2026-03-31,8101,BD23P0359 NGUYỄN MAI NHƯ NGỌC,0.21,1,11,0.55,0,0.21,CLEAN,,,,https://glow.paclinks.org/report/log/index.php?chooselog=1&logreader=logstore_standard&id=0&user=8101&date=1774915200
2026-03-30,8108,BD23P0366 HÀ YẾN VY,0.06,1,7,0.5,0,0.06,CLEAN,,,,https://glow.paclinks.org/report/log/index.php?chooselog=1&logreader=logstore_standard&id=0&user=8108&date=1774828800
2026-03-31,8108,BD23P0366 HÀ YẾN VY,0.22,2,13,0.55,0,0.22,CLEAN,,,,https://glow.paclinks.org/report/log/index.php?chooselog=1&logreader=logstore_standard&id=0&user=8108&date=1774915200
2026-03-08,8461,BD23U0002 Phan Nguyễn Kiều My,2.28,3,47,0.55,0,2.28,CLEAN,,,,https://glow.paclinks.org/report/log/index.php?chooselog=1&logreader=logstore_standard&id=0&user=8461&date=1772928000
2026-03-09,8461,BD23U0002 Phan Nguyễn Kiều My,1.59,3,32,0.55,0,1.59,CLEAN,,,,https://glow.paclinks.org/report/log/index.php?chooselog=1&logreader=logstore_standard&id=0&user=8461&date=1773014400
2026-03-13,8461,BD23U0002 Phan Nguyễn Kiều My,0.33,1,4,0.55,0,0.33,CLEAN,,,,https://glow.paclinks.org/report/log/index.php?chooselog=1&logreader=logstore_standard&id=0&user=8461&date=1773360000
2026-03-14,8461,BD23U0002 Phan Nguyễn Kiều My,0.17,1,6,0.55,0,0.17,CLEAN,,,,https://glow.paclinks.org/report/log/index.php?chooselog=1&logreader=logstore_standard&id=0&user=8461&date=1773446400
2026-03-15,8461,BD23U0002 Phan Nguyễn Kiều My,0.68,2,15,0.55,0,0.68,CLEAN,,,,https://glow.paclinks.org/report/log/index.php?chooselog=1&logreader=logstore_standard&id=0&user=8461&date=1773532800
2026-03-16,8461,BD23U0002 Phan Nguyễn Kiều My,0.35,1,11,0.55,0,0.35,CLEAN,,,,https://glow.paclinks.org/report/log/index.php?chooselog=1&logreader=logstore_standard&id=0&user=8461&date=1773619200
2026-03-20,8461,BD23U0002 Phan Nguyễn Kiều My,0.66,1,15,0.55,0,0.66,CLEAN,,,,https://glow.paclinks.org/report/log/index.php?chooselog=1&logreader=logstore_standard&id=0&user=8461&date=1773964800
2026-03-23,8461,BD23U0002 Phan Nguyễn Kiều My,2.43,3,49,0.55,0,2.43,CLEAN,,,,https://glow.paclinks.org/report/log/index.php?chooselog=1&logreader=logstore_standard&id=0&user=8461&date=1774224000
2026-03-24,8461,BD23U0002 Phan Nguyễn Kiều My,0.86,2,4,0.5,0,0.86,CLEAN,,,,https://glow.paclinks.org/report/log/index.php?chooselog=1&logreader=logstore_standard&id=0&user=8461&date=1774310400
2026-03-25,8461,BD23U0002 Phan Nguyễn Kiều My,0.46,1,7,0.55,0,0.46,CLEAN,,,,https://glow.paclinks.org/report/log/index.php?chooselog=1&logreader=logstore_standard&id=0&user=8461&date=1774396800
2026-03-26,8461,BD23U0002 Phan Nguyễn Kiều My,2.49,4,52,0.55,1,0.77,HAS ANOMALIES,multi_ip,low,"S3 [13:46-15:29, 1.73h]: multi_ip - 7 IPs: 42.118.186.200, 115.78.100.76, 14.161.6.190, 115.78.13.71, 203.205.32.65",https://glow.paclinks.org/report/log/index.php?chooselog=1&logreader=logstore_standard&id=0&user=8461&date=1774483200
2026-03-27,8461,BD23U0002 Phan Nguyễn Kiều My,0.56,2,19,0.55,0,0.56,CLEAN,,,,https://glow.paclinks.org/report/log/index.php?chooselog=1&logreader=logstore_standard&id=0&user=8461&date=1774569600
2026-03-28,8461,BD23U0002 Phan Nguyễn Kiều My,1.49,4,33,0.55,0,1.49,CLEAN,,,,https://glow.paclinks.org/report/log/index.php?chooselog=1&logreader=logstore_standard&id=0&user=8461&date=1774656000
2026-03-29,8461,BD23U0002 Phan Nguyễn Kiều My,0.98,4,31,0.55,0,0.98,CLEAN,,,,https://glow.paclinks.org/report/log/index.php?chooselog=1&logreader=logstore_standard&id=0&user=8461&date=1774742400
2026-03-30,8461,BD23U0002 Phan Nguyễn Kiều My,0.08,1,3,0.55,0,0.08,CLEAN,,,,https://glow.paclinks.org/report/log/index.php?chooselog=1&logreader=logstore_standard&id=0&user=8461&date=1774828800
2026-03-07,8526,BD24P0369 NGUYỄN THỊ THANH TIỀN,0.38,1,134,0.7,1,0.0,HAS ANOMALIES,excessive_events,medium,"S1 [09:37-10:00, 0.38h]: excessive_events - 348 events/hr (max=300)",https://glow.paclinks.org/report/log/index.php?chooselog=1&logreader=logstore_standard&id=0&user=8526&date=1772841600
2026-03-08,8526,BD24P0369 NGUYỄN THỊ THANH TIỀN,0.21,1,9,0.55,0,0.21,CLEAN,,,,https://glow.paclinks.org/report/log/index.php?chooselog=1&logreader=logstore_standard&id=0&user=8526&date=1772928000
2026-03-17,8526,BD24P0369 NGUYỄN THỊ THANH TIỀN,0.73,1,104,0.85,0,0.73,CLEAN,,,,https://glow.paclinks.org/report/log/index.php?chooselog=1&logreader=logstore_standard&id=0&user=8526&date=1773705600
2026-03-19,8526,BD24P0369 NGUYỄN THỊ THANH TIỀN,0.05,1,7,0.6,0,0.05,CLEAN,,,,https://glow.paclinks.org/report/log/index.php?chooselog=1&logreader=logstore_standard&id=0&user=8526&date=1773878400
2026-03-21,8526,BD24P0369 NGUYỄN THỊ THANH TIỀN,0.74,3,195,0.75,2,0.39,HAS ANOMALIES,excessive_events,medium,"S1 [18:55-19:06, 0.18h]: excessive_events - 338 events/hr (max=300)
S3 [21:21-21:31, 0.16h]: excessive_events - 302 events/hr (max=300)",https://glow.paclinks.org/report/log/index.php?chooselog=1&logreader=logstore_standard&id=0&user=8526&date=1774051200
2026-03-22,8526,BD24P0369 NGUYỄN THỊ THANH TIỀN,4.33,8,417,0.68,1,4.08,HAS ANOMALIES,single_activity_loop,medium,"S4 [13:28-13:43, 0.25h]: single_activity_loop - 91% of events on ""Quiz: Speaking""",https://glow.paclinks.org/report/log/index.php?chooselog=1&logreader=logstore_standard&id=0&user=8526&date=1774137600
2026-03-23,8526,BD24P0369 NGUYỄN THỊ THANH TIỀN,2.2,3,182,0.85,0,2.2,CLEAN,,,,https://glow.paclinks.org/report/log/index.php?chooselog=1&logreader=logstore_standard&id=0&user=8526&date=1774224000
2026-03-24,8526,BD24P0369 NGUYỄN THỊ THANH TIỀN,1.26,4,253,0.85,0,1.26,CLEAN,,,,https://glow.paclinks.org/report/log/index.php?chooselog=1&logreader=logstore_standard&id=0&user=8526&date=1774310400
2026-03-25,8526,BD24P0369 NGUYỄN THỊ THANH TIỀN,3.19,4,308,0.85,0,3.19,CLEAN,,,,https://glow.paclinks.org/report/log/index.php?chooselog=1&logreader=logstore_standard&id=0&user=8526&date=1774396800
2026-03-26,8526,BD24P0369 NGUYỄN THỊ THANH TIỀN,2.65,7,188,0.71,1,2.58,HAS ANOMALIES,excessive_events,medium,"S2 [13:34-13:38, 0.07h]: excessive_events - 406 events/hr (max=300)",https://glow.paclinks.org/report/log/index.php?chooselog=1&logreader=logstore_standard&id=0&user=8526&date=1774483200
2026-03-27,8526,BD24P0369 NGUYỄN THỊ THANH TIỀN,3.92,5,269,0.75,0,3.92,CLEAN,,,,https://glow.paclinks.org/report/log/index.php?chooselog=1&logreader=logstore_standard&id=0&user=8526&date=1774569600
2026-03-28,8526,BD24P0369 NGUYỄN THỊ THANH TIỀN,4.89,3,318,0.85,0,4.89,CLEAN,,,,https://glow.paclinks.org/report/log/index.php?chooselog=1&logreader=logstore_standard&id=0&user=8526&date=1774656000
2026-03-29,8526,BD24P0369 NGUYỄN THỊ THANH TIỀN,5.92,7,405,0.81,1,5.8,HAS ANOMALIES,excessive_events,medium,"S3 [14:29-14:36, 0.12h]: excessive_events - 317 events/hr (max=300)",https://glow.paclinks.org/report/log/index.php?chooselog=1&logreader=logstore_standard&id=0&user=8526&date=1774742400
2026-03-30,8526,BD24P0369 NGUYỄN THỊ THANH TIỀN,2.38,3,142,0.75,0,2.38,CLEAN,,,,https://glow.paclinks.org/report/log/index.php?chooselog=1&logreader=logstore_standard&id=0&user=8526&date=1774828800
2026-03-31,8526,BD24P0369 NGUYỄN THỊ THANH TIỀN,2.17,2,44,0.57,0,2.17,CLEAN,,,,https://glow.paclinks.org/report/log/index.php?chooselog=1&logreader=logstore_standard&id=0&user=8526&date=1774915200
2026-03-26,8527,BD24P0370 KHỔNG PHAN NHẬT MY,0.18,1,66,0.45,1,0.0,HAS ANOMALIES,excessive_events,medium,"S1 [23:49-00:00, 0.18h]: excessive_events - 374 events/hr (max=300)",https://glow.paclinks.org/report/log/index.php?chooselog=1&logreader=logstore_standard&id=0&user=8527&date=1774483200
2026-03-27,8527,BD24P0370 KHỔNG PHAN NHẬT MY,0.36,1,128,0.0,3,0.0,REVIEW REQUIRED,auto_refresh; excessive_events; single_activity_loop,high; medium; medium,"S1 [00:00-00:21, 0.36h]: auto_refresh - Gaps extremely regular: mean=10.0s, std=0.00s across 127 gaps; excessive_events - 360 events/hr (max=300); single_activity_loop - 100% of events on ""Page: Speaking - Vocabulary &amp; Structure""",https://glow.paclinks.org/report/log/index.php?chooselog=1&logreader=logstore_standard&id=0&user=8527&date=1774569600
2026-03-29,8527,BD24P0370 KHỔNG PHAN NHẬT MY,2.31,1,1510,0.25,2,0.0,REVIEW REQUIRED,excessive_events; single_activity_loop,medium; medium,"S1 [19:33-21:51, 2.31h]: excessive_events - 654 events/hr (max=300); single_activity_loop - 100% of events on ""Fast Assignment: Reflection - Vocabulary""",https://glow.paclinks.org/report/log/index.php?chooselog=1&logreader=logstore_standard&id=0&user=8527&date=1774742400
2026-03-30,8527,BD24P0370 KHỔNG PHAN NHẬT MY,0.16,1,114,0.0,3,0.0,REVIEW REQUIRED,auto_refresh; excessive_events; single_activity_loop,high; medium; medium,"S1 [00:00-00:09, 0.16h]: auto_refresh - Gaps extremely regular: mean=5.0s, std=0.00s across 113 gaps; excessive_events - 720 events/hr (max=300); single_activity_loop - 100% of events on ""Page: Reading - Vocabulary &amp; Structure""",https://glow.paclinks.org/report/log/index.php?chooselog=1&logreader=logstore_standard&id=0&user=8527&date=1774828800
2026-03-31,8527,BD24P0370 KHỔNG PHAN NHẬT MY,6.92,3,3859,0.18,7,0.0,REVIEW REQUIRED,auto_refresh; excessive_events; single_activity_loop,high; medium; medium,"S1 [05:35-06:01, 0.43h]: auto_refresh - Gaps extremely regular: mean=5.0s, std=0.47s across 306 gaps; excessive_events - 718 events/hr (max=300); single_activity_loop - 99% of events on ""Page: Reading - Vocabulary &amp; Structure""
S2 [11:30-13:20, 1.83h]: excessive_events - 325 events/hr (max=300)
S3 [17:45-22:25, 4.66h]: auto_refresh - 95% of gaps within ±2.0s of mean 5.7s; excessive_events - 634 events/hr (max=300); single_activity_loop - 96% of events on ""Page: Vocabularies""",https://glow.paclinks.org/report/log/index.php?chooselog=1&logreader=logstore_standard&id=0&user=8527&date=1774915200
2026-03-01,8529,BD24P0372 PHẠM HUỲNH THƯ,0.56,2,21,0.57,0,0.56,CLEAN,,,,https://glow.paclinks.org/report/log/index.php?chooselog=1&logreader=logstore_standard&id=0&user=8529&date=1772323200
2026-03-03,8529,BD24P0372 PHẠM HUỲNH THƯ,0.45,2,22,0.62,0,0.45,CLEAN,,,,https://glow.paclinks.org/report/log/index.php?chooselog=1&logreader=logstore_standard&id=0&user=8529&date=1772496000
2026-03-05,8529,BD24P0372 PHẠM HUỲNH THƯ,0.44,1,9,0.6,0,0.44,CLEAN,,,,https://glow.paclinks.org/report/log/index.php?chooselog=1&logreader=logstore_standard&id=0&user=8529&date=1772668800
2026-03-07,8529,BD24P0372 PHẠM HUỲNH THƯ,0.29,1,15,0.6,0,0.29,CLEAN,,,,https://glow.paclinks.org/report/log/index.php?chooselog=1&logreader=logstore_standard&id=0&user=8529&date=1772841600
2026-03-08,8529,BD24P0372 PHẠM HUỲNH THƯ,0.37,1,10,0.6,0,0.37,CLEAN,,,,https://glow.paclinks.org/report/log/index.php?chooselog=1&logreader=logstore_standard&id=0&user=8529&date=1772928000
2026-03-10,8529,BD24P0372 PHẠM HUỲNH THƯ,0.31,1,7,0.6,0,0.31,CLEAN,,,,https://glow.paclinks.org/report/log/index.php?chooselog=1&logreader=logstore_standard&id=0&user=8529&date=1773100800
2026-03-14,8529,BD24P0372 PHẠM HUỲNH THƯ,0.25,1,4,0.5,0,0.25,CLEAN,,,,https://glow.paclinks.org/report/log/index.php?chooselog=1&logreader=logstore_standard&id=0&user=8529&date=1773446400
2026-03-15,8529,BD24P0372 PHẠM HUỲNH THƯ,0.32,1,10,0.55,0,0.32,CLEAN,,,,https://glow.paclinks.org/report/log/index.php?chooselog=1&logreader=logstore_standard&id=0&user=8529&date=1773532800
2026-03-20,8529,BD24P0372 PHẠM HUỲNH THƯ,0.31,1,5,0.55,0,0.31,CLEAN,,,,https://glow.paclinks.org/report/log/index.php?chooselog=1&logreader=logstore_standard&id=0&user=8529&date=1773964800
2026-03-21,8529,BD24P0372 PHẠM HUỲNH THƯ,0.18,1,6,0.55,0,0.18,CLEAN,,,,https://glow.paclinks.org/report/log/index.php?chooselog=1&logreader=logstore_standard&id=0&user=8529&date=1774051200
2026-03-22,8529,BD24P0372 PHẠM HUỲNH THƯ,0.44,1,2,0.5,0,0.44,CLEAN,,,,https://glow.paclinks.org/report/log/index.php?chooselog=1&logreader=logstore_standard&id=0&user=8529&date=1774137600
2026-03-23,8529,BD24P0372 PHẠM HUỲNH THƯ,0.06,1,11,0.6,0,0.06,CLEAN,,,,https://glow.paclinks.org/report/log/index.php?chooselog=1&logreader=logstore_standard&id=0&user=8529&date=1774224000
2026-03-24,8529,BD24P0372 PHẠM HUỲNH THƯ,0.37,1,3,0.55,0,0.37,CLEAN,,,,https://glow.paclinks.org/report/log/index.php?chooselog=1&logreader=logstore_standard&id=0&user=8529&date=1774310400
2026-03-27,8529,BD24P0372 PHẠM HUỲNH THƯ,0.43,1,2,0.5,0,0.43,CLEAN,,,,https://glow.paclinks.org/report/log/index.php?chooselog=1&logreader=logstore_standard&id=0&user=8529&date=1774569600
2026-03-28,8529,BD24P0372 PHẠM HUỲNH THƯ,0.61,3,47,0.58,0,0.61,CLEAN,,,,https://glow.paclinks.org/report/log/index.php?chooselog=1&logreader=logstore_standard&id=0&user=8529&date=1774656000
2026-03-30,8529,BD24P0372 PHẠM HUỲNH THƯ,0.07,1,7,0.55,0,0.07,CLEAN,,,,https://glow.paclinks.org/report/log/index.php?chooselog=1&logreader=logstore_standard&id=0&user=8529&date=1774828800
2026-03-31,8529,BD24P0372 PHẠM HUỲNH THƯ,0.71,2,34,0.65,0,0.71,CLEAN,,,,https://glow.paclinks.org/report/log/index.php?chooselog=1&logreader=logstore_standard&id=0&user=8529&date=1774915200
2026-03-06,8530,BD24P0373 NGUYỄN THÀNH ĐẠT,0.31,1,12,0.6,0,0.31,CLEAN,,,,https://glow.paclinks.org/report/log/index.php?chooselog=1&logreader=logstore_standard&id=0&user=8530&date=1772755200
2026-03-27,8530,BD24P0373 NGUYỄN THÀNH ĐẠT,1.9,4,80,0.62,0,1.9,CLEAN,,,,https://glow.paclinks.org/report/log/index.php?chooselog=1&logreader=logstore_standard&id=0&user=8530&date=1774569600
2026-03-28,8530,BD24P0373 NGUYỄN THÀNH ĐẠT,1.83,1,43,0.6,0,1.83,CLEAN,,,,https://glow.paclinks.org/report/log/index.php?chooselog=1&logreader=logstore_standard&id=0&user=8530&date=1774656000
2026-03-13,8531,BD24P0374 ĐẶNG THỊ THÚY HẰNG,0.08,1,9,0.55,0,0.08,CLEAN,,,,https://glow.paclinks.org/report/log/index.php?chooselog=1&logreader=logstore_standard&id=0&user=8531&date=1773360000
2026-03-28,8532,BD24P0375 NGUYỄN PHẠM QUỲNH ANH,0.42,1,7,0.55,0,0.42,CLEAN,,,,https://glow.paclinks.org/report/log/index.php?chooselog=1&logreader=logstore_standard&id=0&user=8532&date=1774656000
2026-03-12,8534,BD24P0377 NGUYỄN PHƯƠNG ANH,0.27,1,12,0.6,0,0.27,CLEAN,,,,https://glow.paclinks.org/report/log/index.php?chooselog=1&logreader=logstore_standard&id=0&user=8534&date=1773273600
2026-03-13,8534,BD24P0377 NGUYỄN PHƯƠNG ANH,1.54,2,527,0.52,3,0.0,HAS ANOMALIES,excessive_events; single_activity_loop,medium; medium,"S1 [19:52-21:17, 1.41h]: excessive_events - 339 events/hr (max=300)
S2 [22:12-22:20, 0.13h]: excessive_events - 374 events/hr (max=300); single_activity_loop - 96% of events on ""Quiz:  Unit 2 - Key vocabulary (1 - 10)""",https://glow.paclinks.org/report/log/index.php?chooselog=1&logreader=logstore_standard&id=0&user=8534&date=1773360000
2026-03-14,8534,BD24P0377 NGUYỄN PHƯƠNG ANH,3.11,2,1097,0.77,1,1.12,HAS ANOMALIES,excessive_events,medium,"S1 [07:53-09:52, 1.98h]: excessive_events - 389 events/hr (max=300)",https://glow.paclinks.org/report/log/index.php?chooselog=1&logreader=logstore_standard&id=0&user=8534&date=1773446400
2026-03-15,8534,BD24P0377 NGUYỄN PHƯƠNG ANH,0.95,1,418,0.65,1,0.0,HAS ANOMALIES,excessive_events,medium,"S1 [08:58-09:55, 0.95h]: excessive_events - 438 events/hr (max=300)",https://glow.paclinks.org/report/log/index.php?chooselog=1&logreader=logstore_standard&id=0&user=8534&date=1773532800
2026-03-16,8534,BD24P0377 NGUYỄN PHƯƠNG ANH,1.95,1,632,0.7,1,0.0,HAS ANOMALIES,excessive_events,medium,"S1 [19:21-21:17, 1.95h]: excessive_events - 325 events/hr (max=300)",https://glow.paclinks.org/report/log/index.php?chooselog=1&logreader=logstore_standard&id=0&user=8534&date=1773619200
2026-03-18,8534,BD24P0377 NGUYỄN PHƯƠNG ANH,2.0,1,544,0.85,0,2.0,CLEAN,,,,https://glow.paclinks.org/report/log/index.php?chooselog=1&logreader=logstore_standard&id=0&user=8534&date=1773792000
2026-03-20,8534,BD24P0377 NGUYỄN PHƯƠNG ANH,0.53,2,113,0.65,0,0.53,CLEAN,,,,https://glow.paclinks.org/report/log/index.php?chooselog=1&logreader=logstore_standard&id=0&user=8534&date=1773964800
2026-03-21,8534,BD24P0377 NGUYỄN PHƯƠNG ANH,1.4,1,319,0.85,0,1.4,CLEAN,,,,https://glow.paclinks.org/report/log/index.php?chooselog=1&logreader=logstore_standard&id=0&user=8534&date=1774051200
2026-03-23,8534,BD24P0377 NGUYỄN PHƯƠNG ANH,1.06,1,191,0.85,0,1.06,CLEAN,,,,https://glow.paclinks.org/report/log/index.php?chooselog=1&logreader=logstore_standard&id=0&user=8534&date=1774224000
2026-03-24,8534,BD24P0377 NGUYỄN PHƯƠNG ANH,0.48,1,70,0.8,0,0.48,CLEAN,,,,https://glow.paclinks.org/report/log/index.php?chooselog=1&logreader=logstore_standard&id=0&user=8534&date=1774310400
2026-03-25,8534,BD24P0377 NGUYỄN PHƯƠNG ANH,0.73,2,110,0.77,0,0.73,CLEAN,,,,https://glow.paclinks.org/report/log/index.php?chooselog=1&logreader=logstore_standard&id=0&user=8534&date=1774396800
2026-03-27,8534,BD24P0377 NGUYỄN PHƯƠNG ANH,2.11,3,105,0.67,0,2.11,CLEAN,,,,https://glow.paclinks.org/report/log/index.php?chooselog=1&logreader=logstore_standard&id=0&user=8534&date=1774569600
2026-03-28,8534,BD24P0377 NGUYỄN PHƯƠNG ANH,1.51,1,132,0.7,1,0.0,HAS ANOMALIES,single_activity_loop,medium,"S1 [09:11-10:42, 1.51h]: single_activity_loop - 92% of events on ""Quiz: Speaking""",https://glow.paclinks.org/report/log/index.php?chooselog=1&logreader=logstore_standard&id=0&user=8534&date=1774656000
2026-03-29,8534,BD24P0377 NGUYỄN PHƯƠNG ANH,0.12,1,7,0.6,0,0.12,CLEAN,,,,https://glow.paclinks.org/report/log/index.php?chooselog=1&logreader=logstore_standard&id=0&user=8534&date=1774742400
2026-03-30,8534,BD24P0377 NGUYỄN PHƯƠNG ANH,0.89,2,62,0.7,0,0.89,CLEAN,,,,https://glow.paclinks.org/report/log/index.php?chooselog=1&logreader=logstore_standard&id=0&user=8534&date=1774828800
2026-03-02,8640,BD24P0378 VÕ THÀNH TÍN,0.15,1,23,0.85,0,0.15,CLEAN,,,,https://glow.paclinks.org/report/log/index.php?chooselog=1&logreader=logstore_standard&id=0&user=8640&date=1772409600
2026-03-05,8640,BD24P0378 VÕ THÀNH TÍN,0.48,2,16,0.57,0,0.48,CLEAN,,,,https://glow.paclinks.org/report/log/index.php?chooselog=1&logreader=logstore_standard&id=0&user=8640&date=1772668800
2026-03-07,8640,BD24P0378 VÕ THÀNH TÍN,1.17,2,131,0.72,0,1.17,CLEAN,,,,https://glow.paclinks.org/report/log/index.php?chooselog=1&logreader=logstore_standard&id=0&user=8640&date=1772841600
2026-03-22,8640,BD24P0378 VÕ THÀNH TÍN,0.6,1,58,0.85,0,0.6,CLEAN,,,,https://glow.paclinks.org/report/log/index.php?chooselog=1&logreader=logstore_standard&id=0&user=8640&date=1774137600
2026-03-24,8640,BD24P0378 VÕ THÀNH TÍN,1.16,1,15,0.6,0,1.16,CLEAN,,,,https://glow.paclinks.org/report/log/index.php?chooselog=1&logreader=logstore_standard&id=0&user=8640&date=1774310400
2026-03-25,8640,BD24P0378 VÕ THÀNH TÍN,2.05,2,98,0.85,0,2.05,CLEAN,,,,https://glow.paclinks.org/report/log/index.php?chooselog=1&logreader=logstore_standard&id=0&user=8640&date=1774396800
2026-03-26,8640,BD24P0378 VÕ THÀNH TÍN,0.66,2,22,0.57,0,0.66,CLEAN,,,,https://glow.paclinks.org/report/log/index.php?chooselog=1&logreader=logstore_standard&id=0&user=8640&date=1774483200
2026-03-27,8640,BD24P0378 VÕ THÀNH TÍN,0.49,2,23,0.57,0,0.49,CLEAN,,,,https://glow.paclinks.org/report/log/index.php?chooselog=1&logreader=logstore_standard&id=0&user=8640&date=1774569600
2026-03-29,8640,BD24P0378 VÕ THÀNH TÍN,1.63,2,70,0.65,0,1.63,CLEAN,,,,https://glow.paclinks.org/report/log/index.php?chooselog=1&logreader=logstore_standard&id=0&user=8640&date=1774742400
2026-03-30,8640,BD24P0378 VÕ THÀNH TÍN,1.99,4,51,0.59,0,1.99,CLEAN,,,,https://glow.paclinks.org/report/log/index.php?chooselog=1&logreader=logstore_standard&id=0&user=8640&date=1774828800
2026-03-31,8640,BD24P0378 VÕ THÀNH TÍN,0.35,1,7,0.55,0,0.35,CLEAN,,,,https://glow.paclinks.org/report/log/index.php?chooselog=1&logreader=logstore_standard&id=0&user=8640&date=1774915200
2026-03-01,8744,BD24P0379 PHẠM THỊ TRÀ GIANG,0.47,2,72,0.72,0,0.47,CLEAN,,,,https://glow.paclinks.org/report/log/index.php?chooselog=1&logreader=logstore_standard&id=0&user=8744&date=1772323200
2026-03-02,8765,BD24P0380 NGUYỄN THỊ THANH VÂN,0.48,1,7,0.55,0,0.48,CLEAN,,,,https://glow.paclinks.org/report/log/index.php?chooselog=1&logreader=logstore_standard&id=0&user=8765&date=1772409600
2026-03-03,8765,BD24P0380 NGUYỄN THỊ THANH VÂN,0.91,2,23,0.57,0,0.91,CLEAN,,,,https://glow.paclinks.org/report/log/index.php?chooselog=1&logreader=logstore_standard&id=0&user=8765&date=1772496000
2026-03-05,8765,BD24P0380 NGUYỄN THỊ THANH VÂN,0.13,1,9,0.6,0,0.13,CLEAN,,,,https://glow.paclinks.org/report/log/index.php?chooselog=1&logreader=logstore_standard&id=0&user=8765&date=1772668800
2026-03-08,8765,BD24P0380 NGUYỄN THỊ THANH VÂN,0.46,2,8,0.53,0,0.46,CLEAN,,,,https://glow.paclinks.org/report/log/index.php?chooselog=1&logreader=logstore_standard&id=0&user=8765&date=1772928000
2026-03-11,8765,BD24P0380 NGUYỄN THỊ THANH VÂN,1.41,2,17,0.53,0,1.41,CLEAN,,,,https://glow.paclinks.org/report/log/index.php?chooselog=1&logreader=logstore_standard&id=0&user=8765&date=1773187200
2026-03-16,8765,BD24P0380 NGUYỄN THỊ THANH VÂN,0.81,1,4,0.5,0,0.81,CLEAN,,,,https://glow.paclinks.org/report/log/index.php?chooselog=1&logreader=logstore_standard&id=0&user=8765&date=1773619200
2026-03-17,8765,BD24P0380 NGUYỄN THỊ THANH VÂN,0.2,1,6,0.55,0,0.2,CLEAN,,,,https://glow.paclinks.org/report/log/index.php?chooselog=1&logreader=logstore_standard&id=0&user=8765&date=1773705600
2026-03-18,8765,BD24P0380 NGUYỄN THỊ THANH VÂN,0.72,1,8,0.55,0,0.72,CLEAN,,,,https://glow.paclinks.org/report/log/index.php?chooselog=1&logreader=logstore_standard&id=0&user=8765&date=1773792000
2026-03-22,8765,BD24P0380 NGUYỄN THỊ THANH VÂN,0.17,1,7,0.55,0,0.17,CLEAN,,,,https://glow.paclinks.org/report/log/index.php?chooselog=1&logreader=logstore_standard&id=0&user=8765&date=1774137600
2026-03-27,8765,BD24P0380 NGUYỄN THỊ THANH VÂN,0.64,3,17,0.55,0,0.64,CLEAN,,,,https://glow.paclinks.org/report/log/index.php?chooselog=1&logreader=logstore_standard&id=0&user=8765&date=1774569600
2026-03-31,8765,BD24P0380 NGUYỄN THỊ THANH VÂN,1.36,4,12,0.51,0,1.36,CLEAN,,,,https://glow.paclinks.org/report/log/index.php?chooselog=1&logreader=logstore_standard&id=0&user=8765&date=1774915200
2026-03-01,8755,BD24P0381 LÊ THỊ TRÚC NGÂN,0.62,1,9,0.55,0,0.62,CLEAN,,,,https://glow.paclinks.org/report/log/index.php?chooselog=1&logreader=logstore_standard&id=0&user=8755&date=1772323200
2026-03-13,8755,BD24P0381 LÊ THỊ TRÚC NGÂN,0.2,1,7,0.55,0,0.2,CLEAN,,,,https://glow.paclinks.org/report/log/index.php?chooselog=1&logreader=logstore_standard&id=0&user=8755&date=1773360000
2026-03-19,8755,BD24P0381 LÊ THỊ TRÚC NGÂN,0.95,2,171,0.7,0,0.95,CLEAN,,,,https://glow.paclinks.org/report/log/index.php?chooselog=1&logreader=logstore_standard&id=0&user=8755&date=1773878400
2026-03-20,8755,BD24P0381 LÊ THỊ TRÚC NGÂN,0.38,1,3,0.55,0,0.38,CLEAN,,,,https://glow.paclinks.org/report/log/index.php?chooselog=1&logreader=logstore_standard&id=0&user=8755&date=1773964800
2026-03-22,8755,BD24P0381 LÊ THỊ TRÚC NGÂN,0.07,1,6,0.55,0,0.07,CLEAN,,,,https://glow.paclinks.org/report/log/index.php?chooselog=1&logreader=logstore_standard&id=0&user=8755&date=1774137600
2026-03-13,9046,BD25G0402 Nguyễn Thanh Thảo,0.05,1,6,0.55,0,0.05,CLEAN,,,,https://glow.paclinks.org/report/log/index.php?chooselog=1&logreader=logstore_standard&id=0&user=9046&date=1773360000
2026-03-18,9046,BD25G0402 Nguyễn Thanh Thảo,0.1,1,7,0.55,0,0.1,CLEAN,,,,https://glow.paclinks.org/report/log/index.php?chooselog=1&logreader=logstore_standard&id=0&user=9046&date=1773792000
2026-03-19,9046,BD25G0402 Nguyễn Thanh Thảo,0.06,1,6,0.55,0,0.06,CLEAN,,,,https://glow.paclinks.org/report/log/index.php?chooselog=1&logreader=logstore_standard&id=0&user=9046&date=1773878400
2026-03-20,9046,BD25G0402 Nguyễn Thanh Thảo,0.29,1,7,0.55,0,0.29,CLEAN,,,,https://glow.paclinks.org/report/log/index.php?chooselog=1&logreader=logstore_standard&id=0&user=9046&date=1773964800
2026-03-21,9046,BD25G0402 Nguyễn Thanh Thảo,0.27,1,7,0.55,0,0.27,CLEAN,,,,https://glow.paclinks.org/report/log/index.php?chooselog=1&logreader=logstore_standard&id=0&user=9046&date=1774051200
2026-03-01,9053,BD25P0384 Đỗ Ngọc Tính,0.49,1,16,0.55,0,0.49,CLEAN,,,,https://glow.paclinks.org/report/log/index.php?chooselog=1&logreader=logstore_standard&id=0&user=9053&date=1772323200
2026-03-02,9053,BD25P0384 Đỗ Ngọc Tính,0.41,1,10,0.6,0,0.41,CLEAN,,,,https://glow.paclinks.org/report/log/index.php?chooselog=1&logreader=logstore_standard&id=0&user=9053&date=1772409600
2026-03-03,9053,BD25P0384 Đỗ Ngọc Tính,0.47,1,15,0.55,0,0.47,CLEAN,,,,https://glow.paclinks.org/report/log/index.php?chooselog=1&logreader=logstore_standard&id=0&user=9053&date=1772496000
2026-03-09,9053,BD25P0384 Đỗ Ngọc Tính,1.35,1,26,0.55,0,1.35,CLEAN,,,,https://glow.paclinks.org/report/log/index.php?chooselog=1&logreader=logstore_standard&id=0&user=9053&date=1773014400
2026-03-11,9053,BD25P0384 Đỗ Ngọc Tính,1.46,1,27,0.6,0,1.46,CLEAN,,,,https://glow.paclinks.org/report/log/index.php?chooselog=1&logreader=logstore_standard&id=0&user=9053&date=1773187200
2026-03-12,9053,BD25P0384 Đỗ Ngọc Tính,1.91,2,39,0.55,0,1.91,CLEAN,,,,https://glow.paclinks.org/report/log/index.php?chooselog=1&logreader=logstore_standard&id=0&user=9053&date=1773273600
2026-03-14,9053,BD25P0384 Đỗ Ngọc Tính,2.41,1,37,0.55,0,2.41,CLEAN,,,,https://glow.paclinks.org/report/log/index.php?chooselog=1&logreader=logstore_standard&id=0&user=9053&date=1773446400
2026-03-02,9054,BD25P0385 Lò Đặng Minh Kỳ,0.53,1,24,0.55,0,0.53,CLEAN,,,,https://glow.paclinks.org/report/log/index.php?chooselog=1&logreader=logstore_standard&id=0&user=9054&date=1772409600
2026-03-04,9054,BD25P0385 Lò Đặng Minh Kỳ,0.07,1,6,0.55,0,0.07,CLEAN,,,,https://glow.paclinks.org/report/log/index.php?chooselog=1&logreader=logstore_standard&id=0&user=9054&date=1772582400
2026-03-05,9054,BD25P0385 Lò Đặng Minh Kỳ,0.48,2,22,0.55,0,0.48,CLEAN,,,,https://glow.paclinks.org/report/log/index.php?chooselog=1&logreader=logstore_standard&id=0&user=9054&date=1772668800
2026-03-07,9054,BD25P0385 Lò Đặng Minh Kỳ,0.61,1,11,0.55,0,0.61,CLEAN,,,,https://glow.paclinks.org/report/log/index.php?chooselog=1&logreader=logstore_standard&id=0&user=9054&date=1772841600
2026-03-09,9054,BD25P0385 Lò Đặng Minh Kỳ,0.32,3,30,0.57,0,0.32,CLEAN,,,,https://glow.paclinks.org/report/log/index.php?chooselog=1&logreader=logstore_standard&id=0&user=9054&date=1773014400
2026-03-10,9054,BD25P0385 Lò Đặng Minh Kỳ,0.45,2,20,0.55,0,0.45,CLEAN,,,,https://glow.paclinks.org/report/log/index.php?chooselog=1&logreader=logstore_standard&id=0&user=9054&date=1773100800
2026-03-11,9054,BD25P0385 Lò Đặng Minh Kỳ,0.59,1,33,0.7,0,0.59,CLEAN,,,,https://glow.paclinks.org/report/log/index.php?chooselog=1&logreader=logstore_standard&id=0&user=9054&date=1773187200
2026-03-12,9054,BD25P0385 Lò Đặng Minh Kỳ,0.84,2,24,0.57,0,0.84,CLEAN,,,,https://glow.paclinks.org/report/log/index.php?chooselog=1&logreader=logstore_standard&id=0&user=9054&date=1773273600
2026-03-17,9054,BD25P0385 Lò Đặng Minh Kỳ,0.05,1,6,0.55,0,0.05,CLEAN,,,,https://glow.paclinks.org/report/log/index.php?chooselog=1&logreader=logstore_standard&id=0&user=9054&date=1773705600
2026-03-18,9054,BD25P0385 Lò Đặng Minh Kỳ,0.38,3,28,0.52,0,0.38,CLEAN,,,,https://glow.paclinks.org/report/log/index.php?chooselog=1&logreader=logstore_standard&id=0&user=9054&date=1773792000
2026-03-19,9054,BD25P0385 Lò Đặng Minh Kỳ,0.77,2,14,0.55,0,0.77,CLEAN,,,,https://glow.paclinks.org/report/log/index.php?chooselog=1&logreader=logstore_standard&id=0&user=9054&date=1773878400
2026-03-21,9054,BD25P0385 Lò Đặng Minh Kỳ,0.79,2,13,0.53,0,0.79,CLEAN,,,,https://glow.paclinks.org/report/log/index.php?chooselog=1&logreader=logstore_standard&id=0&user=9054&date=1774051200
2026-03-22,9054,BD25P0385 Lò Đặng Minh Kỳ,0.3,1,8,0.55,0,0.3,CLEAN,,,,https://glow.paclinks.org/report/log/index.php?chooselog=1&logreader=logstore_standard&id=0&user=9054&date=1774137600
2026-03-25,9054,BD25P0385 Lò Đặng Minh Kỳ,0.08,1,7,0.55,0,0.08,CLEAN,,,,https://glow.paclinks.org/report/log/index.php?chooselog=1&logreader=logstore_standard&id=0&user=9054&date=1774396800
2026-03-30,9054,BD25P0385 Lò Đặng Minh Kỳ,0.13,1,6,0.55,0,0.13,CLEAN,,,,https://glow.paclinks.org/report/log/index.php?chooselog=1&logreader=logstore_standard&id=0&user=9054&date=1774828800
2026-03-31,9054,BD25P0385 Lò Đặng Minh Kỳ,0.64,1,14,0.55,0,0.64,CLEAN,,,,https://glow.paclinks.org/report/log/index.php?chooselog=1&logreader=logstore_standard&id=0&user=9054&date=1774915200
2026-03-02,9055,BD25P0386 Nguyễn Đức Trường Thiên,0.06,1,9,0.65,0,0.06,CLEAN,,,,https://glow.paclinks.org/report/log/index.php?chooselog=1&logreader=logstore_standard&id=0&user=9055&date=1772409600
2026-03-08,9056,BD25P0387 Nguyễn Duy Phát,0.18,1,5,0.55,0,0.18,CLEAN,,,,https://glow.paclinks.org/report/log/index.php?chooselog=1&logreader=logstore_standard&id=0&user=9056&date=1772928000
2026-03-19,9056,BD25P0387 Nguyễn Duy Phát,0.11,1,5,0.55,0,0.11,CLEAN,,,,https://glow.paclinks.org/report/log/index.php?chooselog=1&logreader=logstore_standard&id=0&user=9056&date=1773878400
2026-03-25,9056,BD25P0387 Nguyễn Duy Phát,0.4,3,18,0.55,0,0.4,CLEAN,,,,https://glow.paclinks.org/report/log/index.php?chooselog=1&logreader=logstore_standard&id=0&user=9056&date=1774396800
2026-03-29,9056,BD25P0387 Nguyễn Duy Phát,0.29,2,20,0.55,0,0.29,CLEAN,,,,https://glow.paclinks.org/report/log/index.php?chooselog=1&logreader=logstore_standard&id=0&user=9056&date=1774742400
2026-03-31,9056,BD25P0387 Nguyễn Duy Phát,0.25,1,3,0.55,0,0.25,CLEAN,,,,https://glow.paclinks.org/report/log/index.php?chooselog=1&logreader=logstore_standard&id=0&user=9056&date=1774915200
2026-03-01,9058,BD25P0389 Lê My Khánh,0.42,2,44,0.57,1,0.13,HAS ANOMALIES,single_activity_loop,medium,"S2 [18:38-18:55, 0.29h]: single_activity_loop - 100% of events on ""Quiz:  Unit 2 - Sounds/Minimal Pairs (11 - 18)""",https://glow.paclinks.org/report/log/index.php?chooselog=1&logreader=logstore_standard&id=0&user=9058&date=1772323200
2026-03-02,9058,BD25P0389 Lê My Khánh,1.07,1,51,0.8,0,1.07,CLEAN,,,,https://glow.paclinks.org/report/log/index.php?chooselog=1&logreader=logstore_standard&id=0&user=9058&date=1772409600
2026-03-03,9058,BD25P0389 Lê My Khánh,0.91,2,58,0.6,1,0.36,HAS ANOMALIES,single_activity_loop,medium,"S1 [18:18-18:51, 0.55h]: single_activity_loop - 94% of events on ""Quiz:  Unit 2 - Key vocabulary (1 - 10)""",https://glow.paclinks.org/report/log/index.php?chooselog=1&logreader=logstore_standard&id=0&user=9058&date=1772496000
2026-03-04,9058,BD25P0389 Lê My Khánh,0.94,1,32,0.4,1,0.0,HAS ANOMALIES,single_activity_loop,medium,"S1 [17:02-17:58, 0.94h]: single_activity_loop - 94% of events on ""Quiz:  Unit 2 - Key vocabulary (11 - 20)""",https://glow.paclinks.org/report/log/index.php?chooselog=1&logreader=logstore_standard&id=0&user=9058&date=1772582400
2026-03-05,9058,BD25P0389 Lê My Khánh,0.23,1,7,0.55,0,0.23,CLEAN,,,,https://glow.paclinks.org/report/log/index.php?chooselog=1&logreader=logstore_standard&id=0&user=9058&date=1772668800
2026-03-06,9058,BD25P0389 Lê My Khánh,0.91,1,70,0.8,0,0.91,CLEAN,,,,https://glow.paclinks.org/report/log/index.php?chooselog=1&logreader=logstore_standard&id=0&user=9058&date=1772755200
2026-03-11,9058,BD25P0389 Lê My Khánh,0.95,1,58,0.8,0,0.95,CLEAN,,,,https://glow.paclinks.org/report/log/index.php?chooselog=1&logreader=logstore_standard&id=0&user=9058&date=1773187200
2026-03-13,9058,BD25P0389 Lê My Khánh,0.77,2,42,0.48,1,0.44,HAS ANOMALIES,single_activity_loop,medium,"S2 [19:00-19:20, 0.33h]: single_activity_loop - 93% of events on ""Quiz:  Unit 2 - Word groups &amp; Syllable Stress (11 - 20)""",https://glow.paclinks.org/report/log/index.php?chooselog=1&logreader=logstore_standard&id=0&user=9058&date=1773360000
2026-03-14,9058,BD25P0389 Lê My Khánh,0.74,1,20,0.4,1,0.0,HAS ANOMALIES,single_activity_loop,medium,"S1 [16:36-17:21, 0.74h]: single_activity_loop - 95% of events on ""Quiz:  Unit 2 - Word groups &amp; Syllable Stress (11 - 20)""",https://glow.paclinks.org/report/log/index.php?chooselog=1&logreader=logstore_standard&id=0&user=9058&date=1773446400
2026-03-17,9058,BD25P0389 Lê My Khánh,1.27,1,38,0.8,0,1.27,CLEAN,,,,https://glow.paclinks.org/report/log/index.php?chooselog=1&logreader=logstore_standard&id=0&user=9058&date=1773705600
2026-03-18,9058,BD25P0389 Lê My Khánh,1.02,1,31,0.4,1,0.0,HAS ANOMALIES,single_activity_loop,medium,"S1 [16:00-17:01, 1.02h]: single_activity_loop - 97% of events on ""Quiz:  Unit 2 - Word groups &amp; Syllable Stress (21 - 34)""",https://glow.paclinks.org/report/log/index.php?chooselog=1&logreader=logstore_standard&id=0&user=9058&date=1773792000
2026-03-19,9058,BD25P0389 Lê My Khánh,0.57,1,21,0.4,1,0.0,HAS ANOMALIES,single_activity_loop,medium,"S1 [16:38-17:12, 0.57h]: single_activity_loop - 95% of events on ""Quiz:  Unit 2 - Word groups &amp; Syllable Stress (21 - 34)""",https://glow.paclinks.org/report/log/index.php?chooselog=1&logreader=logstore_standard&id=0&user=9058&date=1773878400
2026-03-20,9058,BD25P0389 Lê My Khánh,1.07,1,43,0.8,0,1.07,CLEAN,,,,https://glow.paclinks.org/report/log/index.php?chooselog=1&logreader=logstore_standard&id=0&user=9058&date=1773964800
2026-03-21,9058,BD25P0389 Lê My Khánh,0.89,1,23,0.4,1,0.0,HAS ANOMALIES,single_activity_loop,medium,"S1 [15:43-16:37, 0.89h]: single_activity_loop - 96% of events on ""Quiz:  Unit 2 - Sentences (1 - 8)""",https://glow.paclinks.org/report/log/index.php?chooselog=1&logreader=logstore_standard&id=0&user=9058&date=1774051200
2026-03-22,9058,BD25P0389 Lê My Khánh,0.59,1,15,0.6,0,0.59,CLEAN,,,,https://glow.paclinks.org/report/log/index.php?chooselog=1&logreader=logstore_standard&id=0&user=9058&date=1774137600
2026-03-23,9058,BD25P0389 Lê My Khánh,0.93,1,19,0.4,1,0.0,HAS ANOMALIES,single_activity_loop,medium,"S1 [16:30-17:25, 0.93h]: single_activity_loop - 95% of events on ""Quiz:  Unit 2 - Sentences (1 - 8)""",https://glow.paclinks.org/report/log/index.php?chooselog=1&logreader=logstore_standard&id=0&user=9058&date=1774224000
2026-03-26,9058,BD25P0389 Lê My Khánh,0.92,1,18,0.4,1,0.0,HAS ANOMALIES,single_activity_loop,medium,"S1 [17:00-17:55, 0.92h]: single_activity_loop - 94% of events on ""Quiz:  Unit 2 - Sentences (1 - 8)""",https://glow.paclinks.org/report/log/index.php?chooselog=1&logreader=logstore_standard&id=0&user=9058&date=1774483200
2026-03-27,9058,BD25P0389 Lê My Khánh,0.54,1,26,0.8,0,0.54,CLEAN,,,,https://glow.paclinks.org/report/log/index.php?chooselog=1&logreader=logstore_standard&id=0&user=9058&date=1774569600
2026-03-28,9058,BD25P0389 Lê My Khánh,1.44,3,27,0.47,1,0.89,HAS ANOMALIES,single_activity_loop,medium,"S1 [15:15-15:48, 0.55h]: single_activity_loop - 92% of events on ""Quiz:  Unit 2 - Paragraph (1 - 5)""",https://glow.paclinks.org/report/log/index.php?chooselog=1&logreader=logstore_standard&id=0&user=9058&date=1774656000
2026-03-02,9059,BD25P0390 Bùi Nguyễn Như Ý,0.78,2,23,0.55,0,0.78,CLEAN,,,,https://glow.paclinks.org/report/log/index.php?chooselog=1&logreader=logstore_standard&id=0&user=9059&date=1772409600
2026-03-04,9059,BD25P0390 Bùi Nguyễn Như Ý,0.41,2,11,0.53,0,0.41,CLEAN,,,,https://glow.paclinks.org/report/log/index.php?chooselog=1&logreader=logstore_standard&id=0&user=9059&date=1772582400
2026-03-07,9059,BD25P0390 Bùi Nguyễn Như Ý,0.93,2,23,0.55,0,0.93,CLEAN,,,,https://glow.paclinks.org/report/log/index.php?chooselog=1&logreader=logstore_standard&id=0&user=9059&date=1772841600
2026-03-12,9059,BD25P0390 Bùi Nguyễn Như Ý,1.24,2,46,0.45,1,0.07,HAS ANOMALIES,single_activity_loop,medium,"S2 [18:29-19:39, 1.17h]: single_activity_loop - 93% of events on ""Quiz: Unit 6 - Word Groups and Syllable Stress (1-10)""",https://glow.paclinks.org/report/log/index.php?chooselog=1&logreader=logstore_standard&id=0&user=9059&date=1773273600
2026-03-13,9059,BD25P0390 Bùi Nguyễn Như Ý,0.19,1,12,0.55,0,0.19,CLEAN,,,,https://glow.paclinks.org/report/log/index.php?chooselog=1&logreader=logstore_standard&id=0&user=9059&date=1773360000
2026-03-14,9059,BD25P0390 Bùi Nguyễn Như Ý,0.48,2,13,0.53,0,0.48,CLEAN,,,,https://glow.paclinks.org/report/log/index.php?chooselog=1&logreader=logstore_standard&id=0&user=9059&date=1773446400
2026-03-17,9059,BD25P0390 Bùi Nguyễn Như Ý,0.11,1,8,0.55,0,0.11,CLEAN,,,,https://glow.paclinks.org/report/log/index.php?chooselog=1&logreader=logstore_standard&id=0&user=9059&date=1773705600
2026-03-18,9059,BD25P0390 Bùi Nguyễn Như Ý,0.54,1,18,0.55,0,0.54,CLEAN,,,,https://glow.paclinks.org/report/log/index.php?chooselog=1&logreader=logstore_standard&id=0&user=9059&date=1773792000
2026-03-22,9059,BD25P0390 Bùi Nguyễn Như Ý,0.45,2,22,0.55,0,0.45,CLEAN,,,,https://glow.paclinks.org/report/log/index.php?chooselog=1&logreader=logstore_standard&id=0&user=9059&date=1774137600
2026-03-27,9059,BD25P0390 Bùi Nguyễn Như Ý,1.29,2,29,0.53,0,1.29,CLEAN,,,,https://glow.paclinks.org/report/log/index.php?chooselog=1&logreader=logstore_standard&id=0&user=9059&date=1774569600
2026-03-28,9059,BD25P0390 Bùi Nguyễn Như Ý,1.52,3,47,0.52,1,0.36,HAS ANOMALIES,single_activity_loop,medium,"S2 [18:07-19:16, 1.15h]: single_activity_loop - 100% of events on ""Quiz: Unit 1 - Sounds/Minimal Pairs (1 - 10)""",https://glow.paclinks.org/report/log/index.php?chooselog=1&logreader=logstore_standard&id=0&user=9059&date=1774656000
2026-03-31,9059,BD25P0390 Bùi Nguyễn Như Ý,1.56,3,46,0.62,0,1.56,CLEAN,,,,https://glow.paclinks.org/report/log/index.php?chooselog=1&logreader=logstore_standard&id=0&user=9059&date=1774915200
2026-03-02,9060,BD25P0391 Nguyễn Phương Thùy,0.07,1,7,0.55,0,0.07,CLEAN,,,,https://glow.paclinks.org/report/log/index.php?chooselog=1&logreader=logstore_standard&id=0&user=9060&date=1772409600
2026-03-04,9060,BD25P0391 Nguyễn Phương Thùy,0.11,1,13,0.55,0,0.11,CLEAN,,,,https://glow.paclinks.org/report/log/index.php?chooselog=1&logreader=logstore_standard&id=0&user=9060&date=1772582400
2026-03-05,9060,BD25P0391 Nguyễn Phương Thùy,0.48,2,9,0.53,0,0.48,CLEAN,,,,https://glow.paclinks.org/report/log/index.php?chooselog=1&logreader=logstore_standard&id=0&user=9060&date=1772668800
2026-03-07,9060,BD25P0391 Nguyễn Phương Thùy,0.69,1,28,0.8,0,0.69,CLEAN,,,,https://glow.paclinks.org/report/log/index.php?chooselog=1&logreader=logstore_standard&id=0&user=9060&date=1772841600
2026-03-10,9060,BD25P0391 Nguyễn Phương Thùy,0.81,4,23,0.54,0,0.81,CLEAN,,,,https://glow.paclinks.org/report/log/index.php?chooselog=1&logreader=logstore_standard&id=0&user=9060&date=1773100800
2026-03-12,9060,BD25P0391 Nguyễn Phương Thùy,0.55,1,21,0.6,0,0.55,CLEAN,,,,https://glow.paclinks.org/report/log/index.php?chooselog=1&logreader=logstore_standard&id=0&user=9060&date=1773273600
2026-03-14,9060,BD25P0391 Nguyễn Phương Thùy,0.52,3,16,0.52,0,0.52,CLEAN,,,,https://glow.paclinks.org/report/log/index.php?chooselog=1&logreader=logstore_standard&id=0&user=9060&date=1773446400
2026-03-15,9060,BD25P0391 Nguyễn Phương Thùy,0.55,2,32,0.73,0,0.55,CLEAN,,,,https://glow.paclinks.org/report/log/index.php?chooselog=1&logreader=logstore_standard&id=0&user=9060&date=1773532800
2026-03-16,9060,BD25P0391 Nguyễn Phương Thùy,0.5,1,28,0.8,0,0.5,CLEAN,,,,https://glow.paclinks.org/report/log/index.php?chooselog=1&logreader=logstore_standard&id=0&user=9060&date=1773619200
2026-03-18,9060,BD25P0391 Nguyễn Phương Thùy,0.23,1,11,0.55,0,0.23,CLEAN,,,,https://glow.paclinks.org/report/log/index.php?chooselog=1&logreader=logstore_standard&id=0&user=9060&date=1773792000
2026-03-19,9060,BD25P0391 Nguyễn Phương Thùy,0.19,3,27,0.55,0,0.19,CLEAN,,,,https://glow.paclinks.org/report/log/index.php?chooselog=1&logreader=logstore_standard&id=0&user=9060&date=1773878400
2026-03-20,9060,BD25P0391 Nguyễn Phương Thùy,0.14,1,11,0.55,0,0.14,CLEAN,,,,https://glow.paclinks.org/report/log/index.php?chooselog=1&logreader=logstore_standard&id=0&user=9060&date=1773964800
2026-03-21,9060,BD25P0391 Nguyễn Phương Thùy,0.46,2,31,0.68,0,0.46,CLEAN,,,,https://glow.paclinks.org/report/log/index.php?chooselog=1&logreader=logstore_standard&id=0&user=9060&date=1774051200
2026-03-25,9060,BD25P0391 Nguyễn Phương Thùy,0.19,1,7,0.55,0,0.19,CLEAN,,,,https://glow.paclinks.org/report/log/index.php?chooselog=1&logreader=logstore_standard&id=0&user=9060&date=1774396800
2026-03-26,9060,BD25P0391 Nguyễn Phương Thùy,0.34,1,13,0.6,0,0.34,CLEAN,,,,https://glow.paclinks.org/report/log/index.php?chooselog=1&logreader=logstore_standard&id=0&user=9060&date=1774483200
2026-03-27,9060,BD25P0391 Nguyễn Phương Thùy,0.31,2,13,0.57,0,0.31,CLEAN,,,,https://glow.paclinks.org/report/log/index.php?chooselog=1&logreader=logstore_standard&id=0&user=9060&date=1774569600
2026-03-28,9060,BD25P0391 Nguyễn Phương Thùy,0.8,3,21,0.52,0,0.8,CLEAN,,,,https://glow.paclinks.org/report/log/index.php?chooselog=1&logreader=logstore_standard&id=0&user=9060&date=1774656000
2026-03-30,9060,BD25P0391 Nguyễn Phương Thùy,0.67,3,45,0.63,0,0.67,CLEAN,,,,https://glow.paclinks.org/report/log/index.php?chooselog=1&logreader=logstore_standard&id=0&user=9060&date=1774828800
2026-03-31,9060,BD25P0391 Nguyễn Phương Thùy,0.7,2,20,0.68,0,0.7,CLEAN,,,,https://glow.paclinks.org/report/log/index.php?chooselog=1&logreader=logstore_standard&id=0&user=9060&date=1774915200
2026-03-02,9061,BD25P0401 Phạm Bảo Khang,1.0,1,4,0.5,0,1.0,CLEAN,,,,https://glow.paclinks.org/report/log/index.php?chooselog=1&logreader=logstore_standard&id=0&user=9061&date=1772409600
2026-03-04,9061,BD25P0401 Phạm Bảo Khang,0.83,1,8,0.55,0,0.83,CLEAN,,,,https://glow.paclinks.org/report/log/index.php?chooselog=1&logreader=logstore_standard&id=0&user=9061&date=1772582400
2026-03-02,8387,BV23S0001 Nguyen Le Thanh Huyen,0.56,1,15,0.55,0,0.56,CLEAN,,,,https://glow.paclinks.org/report/log/index.php?chooselog=1&logreader=logstore_standard&id=0&user=8387&date=1772409600
2026-03-08,8387,BV23S0001 Nguyen Le Thanh Huyen,0.2,1,3,0.55,0,0.2,CLEAN,,,,https://glow.paclinks.org/report/log/index.php?chooselog=1&logreader=logstore_standard&id=0&user=8387&date=1772928000
2026-03-09,8387,BV23S0001 Nguyen Le Thanh Huyen,0.06,1,5,0.55,0,0.06,CLEAN,,,,https://glow.paclinks.org/report/log/index.php?chooselog=1&logreader=logstore_standard&id=0&user=8387&date=1773014400
2026-03-14,8387,BV23S0001 Nguyen Le Thanh Huyen,0.4,1,3,0.5,0,0.4,CLEAN,,,,https://glow.paclinks.org/report/log/index.php?chooselog=1&logreader=logstore_standard&id=0&user=8387&date=1773446400
2026-03-16,8387,BV23S0001 Nguyen Le Thanh Huyen,0.07,1,3,0.55,0,0.07,CLEAN,,,,https://glow.paclinks.org/report/log/index.php?chooselog=1&logreader=logstore_standard&id=0&user=8387&date=1773619200
2026-03-24,8387,BV23S0001 Nguyen Le Thanh Huyen,0.22,1,3,0.55,0,0.22,CLEAN,,,,https://glow.paclinks.org/report/log/index.php?chooselog=1&logreader=logstore_standard&id=0&user=8387&date=1774310400
2026-03-29,8387,BV23S0001 Nguyen Le Thanh Huyen,0.66,1,4,0.55,0,0.66,CLEAN,,,,https://glow.paclinks.org/report/log/index.php?chooselog=1&logreader=logstore_standard&id=0&user=8387&date=1774742400
2026-03-30,8387,BV23S0001 Nguyen Le Thanh Huyen,0.32,1,7,0.55,0,0.32,CLEAN,,,,https://glow.paclinks.org/report/log/index.php?chooselog=1&logreader=logstore_standard&id=0&user=8387&date=1774828800
2026-03-18,816,DN18P0248 NGUYỄN THỊ THANH MAI,0.32,1,12,0.55,0,0.32,CLEAN,,,,https://glow.paclinks.org/report/log/index.php?chooselog=1&logreader=logstore_standard&id=0&user=816&date=1773792000
2026-03-23,816,DN18P0248 NGUYỄN THỊ THANH MAI,0.08,1,14,0.55,0,0.08,CLEAN,,,,https://glow.paclinks.org/report/log/index.php?chooselog=1&logreader=logstore_standard&id=0&user=816&date=1774224000
2026-03-05,858,DN18P0285 PHẠM MAI THI,0.36,1,32,0.55,0,0.36,CLEAN,,,,https://glow.paclinks.org/report/log/index.php?chooselog=1&logreader=logstore_standard&id=0&user=858&date=1772668800
2026-03-07,858,DN18P0285 PHẠM MAI THI,0.76,3,7,0.5,0,0.76,CLEAN,,,,https://glow.paclinks.org/report/log/index.php?chooselog=1&logreader=logstore_standard&id=0&user=858&date=1772841600
2026-03-13,858,DN18P0285 PHẠM MAI THI,0.37,1,3,0.5,0,0.37,CLEAN,,,,https://glow.paclinks.org/report/log/index.php?chooselog=1&logreader=logstore_standard&id=0&user=858&date=1773360000
2026-03-16,858,DN18P0285 PHẠM MAI THI,0.4,1,2,0.5,0,0.4,CLEAN,,,,https://glow.paclinks.org/report/log/index.php?chooselog=1&logreader=logstore_standard&id=0&user=858&date=1773619200
2026-03-24,858,DN18P0285 PHẠM MAI THI,0.17,1,3,0.5,0,0.17,CLEAN,,,,https://glow.paclinks.org/report/log/index.php?chooselog=1&logreader=logstore_standard&id=0&user=858&date=1774310400
2026-03-25,858,DN18P0285 PHẠM MAI THI,0.48,2,6,0.5,0,0.48,CLEAN,,,,https://glow.paclinks.org/report/log/index.php?chooselog=1&logreader=logstore_standard&id=0&user=858&date=1774396800
2026-03-26,858,DN18P0285 PHẠM MAI THI,0.85,3,12,0.5,0,0.85,CLEAN,,,,https://glow.paclinks.org/report/log/index.php?chooselog=1&logreader=logstore_standard&id=0&user=858&date=1774483200
2026-03-27,858,DN18P0285 PHẠM MAI THI,0.55,1,3,0.5,0,0.55,CLEAN,,,,https://glow.paclinks.org/report/log/index.php?chooselog=1&logreader=logstore_standard&id=0&user=858&date=1774569600
2026-03-29,858,DN18P0285 PHẠM MAI THI,0.45,3,13,0.5,0,0.45,CLEAN,,,,https://glow.paclinks.org/report/log/index.php?chooselog=1&logreader=logstore_standard&id=0&user=858&date=1774742400
2026-03-23,1807,DN19P0336 Nguyễn Hồ Kim Xuyến,0.94,1,80,0.7,0,0.94,CLEAN,,,,https://glow.paclinks.org/report/log/index.php?chooselog=1&logreader=logstore_standard&id=0&user=1807&date=1774224000
2026-03-02,3903,DN19P0358 ĐỖ THỊ THANH NGA,0.1,1,5,0.5,0,0.1,CLEAN,,,,https://glow.paclinks.org/report/log/index.php?chooselog=1&logreader=logstore_standard&id=0&user=3903&date=1772409600
2026-03-27,3903,DN19P0358 ĐỖ THỊ THANH NGA,1.33,4,24,0.54,0,1.33,CLEAN,,,,https://glow.paclinks.org/report/log/index.php?chooselog=1&logreader=logstore_standard&id=0&user=3903&date=1774569600
2026-03-28,3903,DN19P0358 ĐỖ THỊ THANH NGA,0.3,1,2,0.5,0,0.3,CLEAN,,,,https://glow.paclinks.org/report/log/index.php?chooselog=1&logreader=logstore_standard&id=0&user=3903&date=1774656000
2026-03-29,3903,DN19P0358 ĐỖ THỊ THANH NGA,0.23,1,10,0.55,0,0.23,CLEAN,,,,https://glow.paclinks.org/report/log/index.php?chooselog=1&logreader=logstore_standard&id=0&user=3903&date=1774742400
2026-03-31,3903,DN19P0358 ĐỖ THỊ THANH NGA,1.48,3,34,0.6,0,1.48,CLEAN,,,,https://glow.paclinks.org/report/log/index.php?chooselog=1&logreader=logstore_standard&id=0&user=3903&date=1774915200
2026-03-03,5286,DN20P0393 NGUYỄN THIỆN NHÂN,0.38,1,13,0.55,0,0.38,CLEAN,,,,https://glow.paclinks.org/report/log/index.php?chooselog=1&logreader=logstore_standard&id=0&user=5286&date=1772496000
2026-03-04,5286,DN20P0393 NGUYỄN THIỆN NHÂN,1.04,3,19,0.5,0,1.04,CLEAN,,,,https://glow.paclinks.org/report/log/index.php?chooselog=1&logreader=logstore_standard&id=0&user=5286&date=1772582400
2026-03-10,5286,DN20P0393 NGUYỄN THIỆN NHÂN,0.31,1,3,0.55,0,0.31,CLEAN,,,,https://glow.paclinks.org/report/log/index.php?chooselog=1&logreader=logstore_standard&id=0&user=5286&date=1773100800
2026-03-12,5286,DN20P0393 NGUYỄN THIỆN NHÂN,0.06,1,7,0.55,0,0.06,CLEAN,,,,https://glow.paclinks.org/report/log/index.php?chooselog=1&logreader=logstore_standard&id=0&user=5286&date=1773273600
2026-03-17,5286,DN20P0393 NGUYỄN THIỆN NHÂN,0.07,1,5,0.55,0,0.07,CLEAN,,,,https://glow.paclinks.org/report/log/index.php?chooselog=1&logreader=logstore_standard&id=0&user=5286&date=1773705600
2026-03-25,5286,DN20P0393 NGUYỄN THIỆN NHÂN,0.17,1,2,0.55,0,0.17,CLEAN,,,,https://glow.paclinks.org/report/log/index.php?chooselog=1&logreader=logstore_standard&id=0&user=5286&date=1774396800
2026-03-06,5653,DN20P0413 Phạm Thị Kim Ngân,1.37,4,113,0.57,1,1.28,HAS ANOMALIES,excessive_events,medium,"S4 [23:26-23:30, 0.08h]: excessive_events - 322 events/hr (max=300)",https://glow.paclinks.org/report/log/index.php?chooselog=1&logreader=logstore_standard&id=0&user=5653&date=1772755200
2026-03-20,5653,DN20P0413 Phạm Thị Kim Ngân,1.09,3,132,0.73,0,1.09,CLEAN,,,,https://glow.paclinks.org/report/log/index.php?chooselog=1&logreader=logstore_standard&id=0&user=5653&date=1773964800
2026-03-21,5653,DN20P0413 Phạm Thị Kim Ngân,0.6,2,83,0.75,0,0.6,CLEAN,,,,https://glow.paclinks.org/report/log/index.php?chooselog=1&logreader=logstore_standard&id=0&user=5653&date=1774051200
2026-03-23,5653,DN20P0413 Phạm Thị Kim Ngân,0.05,1,32,0.55,1,0.0,HAS ANOMALIES,excessive_events,medium,"S1 [14:50-14:53, 0.05h]: excessive_events - 597 events/hr (max=300)",https://glow.paclinks.org/report/log/index.php?chooselog=1&logreader=logstore_standard&id=0&user=5653&date=1774224000
2026-03-24,5653,DN20P0413 Phạm Thị Kim Ngân,0.87,4,117,0.6,1,0.79,HAS ANOMALIES,excessive_events,medium,"S4 [23:17-23:22, 0.08h]: excessive_events - 365 events/hr (max=300)",https://glow.paclinks.org/report/log/index.php?chooselog=1&logreader=logstore_standard&id=0&user=5653&date=1774310400
2026-03-25,5653,DN20P0413 Phạm Thị Kim Ngân,1.39,4,204,0.66,1,1.17,HAS ANOMALIES,excessive_events,medium,"S4 [15:57-16:11, 0.23h]: excessive_events - 381 events/hr (max=300)",https://glow.paclinks.org/report/log/index.php?chooselog=1&logreader=logstore_standard&id=0&user=5653&date=1774396800
2026-03-28,5653,DN20P0413 Phạm Thị Kim Ngân,0.18,1,18,0.65,0,0.18,CLEAN,,,,https://glow.paclinks.org/report/log/index.php?chooselog=1&logreader=logstore_standard&id=0&user=5653&date=1774656000
2026-03-30,5653,DN20P0413 Phạm Thị Kim Ngân,0.1,1,29,0.6,0,0.1,CLEAN,,,,https://glow.paclinks.org/report/log/index.php?chooselog=1&logreader=logstore_standard&id=0&user=5653&date=1774828800
2026-03-14,5647,DN20P0415 Đỗ Thị Minh Nguyệt,0.08,1,7,0.55,0,0.08,CLEAN,,,,https://glow.paclinks.org/report/log/index.php?chooselog=1&logreader=logstore_standard&id=0&user=5647&date=1773446400
2026-03-24,6325,DN21P0440 NGUYỄN ĐẶNG MINH HƯƠNG,1.51,1,96,0.4,1,0.0,HAS ANOMALIES,single_activity_loop,medium,"S1 [21:31-23:01, 1.51h]: single_activity_loop - 96% of events on ""Quiz: UNIT 1 - Key vocabulary""",https://glow.paclinks.org/report/log/index.php?chooselog=1&logreader=logstore_standard&id=0&user=6325&date=1774310400
2026-03-02,6700,DN21P0442 PHẠM THỊ ANH ĐÀO,0.12,1,7,0.55,0,0.12,CLEAN,,,,https://glow.paclinks.org/report/log/index.php?chooselog=1&logreader=logstore_standard&id=0&user=6700&date=1772409600
2026-03-03,6700,DN21P0442 PHẠM THỊ ANH ĐÀO,0.47,2,10,0.55,0,0.47,CLEAN,,,,https://glow.paclinks.org/report/log/index.php?chooselog=1&logreader=logstore_standard&id=0&user=6700&date=1772496000
2026-03-04,6700,DN21P0442 PHẠM THỊ ANH ĐÀO,0.57,1,18,0.55,0,0.57,CLEAN,,,,https://glow.paclinks.org/report/log/index.php?chooselog=1&logreader=logstore_standard&id=0&user=6700&date=1772582400
2026-03-05,6700,DN21P0442 PHẠM THỊ ANH ĐÀO,0.95,3,28,0.53,0,0.95,CLEAN,,,,https://glow.paclinks.org/report/log/index.php?chooselog=1&logreader=logstore_standard&id=0&user=6700&date=1772668800
2026-03-09,6700,DN21P0442 PHẠM THỊ ANH ĐÀO,0.14,1,3,0.55,0,0.14,CLEAN,,,,https://glow.paclinks.org/report/log/index.php?chooselog=1&logreader=logstore_standard&id=0&user=6700&date=1773014400
2026-03-30,6700,DN21P0442 PHẠM THỊ ANH ĐÀO,0.15,1,6,0.55,0,0.15,CLEAN,,,,https://glow.paclinks.org/report/log/index.php?chooselog=1&logreader=logstore_standard&id=0&user=6700&date=1774828800
2026-03-27,6691,DN21P0445 TRẦN LÊ NHƯ Ý,0.14,1,8,0.55,0,0.14,CLEAN,,,,https://glow.paclinks.org/report/log/index.php?chooselog=1&logreader=logstore_standard&id=0&user=6691&date=1774569600
2026-03-28,6691,DN21P0445 TRẦN LÊ NHƯ Ý,1.62,2,40,0.55,0,1.62,CLEAN,,,,https://glow.paclinks.org/report/log/index.php?chooselog=1&logreader=logstore_standard&id=0&user=6691&date=1774656000
2026-03-31,6691,DN21P0445 TRẦN LÊ NHƯ Ý,1.05,3,36,0.57,0,1.05,CLEAN,,,,https://glow.paclinks.org/report/log/index.php?chooselog=1&logreader=logstore_standard&id=0&user=6691&date=1774915200
2026-03-13,6694,DN21P0449 ĐOÀN GIA KHÁNH,1.44,2,40,0.53,0,1.44,CLEAN,,,,https://glow.paclinks.org/report/log/index.php?chooselog=1&logreader=logstore_standard&id=0&user=6694&date=1773360000
2026-03-01,7320,DN22P0461 NGUYỄN MỸ KỲ DUYÊN,0.22,1,11,0.55,0,0.22,CLEAN,,,,https://glow.paclinks.org/report/log/index.php?chooselog=1&logreader=logstore_standard&id=0&user=7320&date=1772323200
2026-03-01,7323,DN22P0464 HỒ THỊ Ý NHI,0.38,1,3,0.55,0,0.38,CLEAN,,,,https://glow.paclinks.org/report/log/index.php?chooselog=1&logreader=logstore_standard&id=0&user=7323&date=1772323200
2026-03-04,7323,DN22P0464 HỒ THỊ Ý NHI,0.29,1,5,0.55,0,0.29,CLEAN,,,,https://glow.paclinks.org/report/log/index.php?chooselog=1&logreader=logstore_standard&id=0&user=7323&date=1772582400
2026-03-11,7323,DN22P0464 HỒ THỊ Ý NHI,0.09,1,5,0.55,0,0.09,CLEAN,,,,https://glow.paclinks.org/report/log/index.php?chooselog=1&logreader=logstore_standard&id=0&user=7323&date=1773187200
2026-03-18,7323,DN22P0464 HỒ THỊ Ý NHI,2.34,1,838,0.1,3,0.0,REVIEW REQUIRED,auto_refresh; excessive_events; single_activity_loop,medium; medium; medium,"S1 [20:32-22:53, 2.34h]: auto_refresh - 98% of gaps within ±2.0s of mean 10.0s; excessive_events - 358 events/hr (max=300); single_activity_loop - 99% of events on ""Quiz: UNIT 1 - Sounds/Minimal Pairs""",https://glow.paclinks.org/report/log/index.php?chooselog=1&logreader=logstore_standard&id=0&user=7323&date=1773792000
2026-03-04,7325,DN22P0466 NGUYỄN ĐĂNG QUANG,0.88,1,295,0.0,3,0.0,REVIEW REQUIRED,auto_refresh; excessive_events; single_activity_loop,high; medium; medium,"S1 [20:40-21:32, 0.88h]: auto_refresh - Gaps extremely regular: mean=10.8s, std=1.32s across 294 gaps; excessive_events - 335 events/hr (max=300); single_activity_loop - 98% of events on ""Quiz:  Unit 1 - Key vocabulary (11 - 24)""",https://glow.paclinks.org/report/log/index.php?chooselog=1&logreader=logstore_standard&id=0&user=7325&date=1772582400
2026-03-10,7325,DN22P0466 NGUYỄN ĐĂNG QUANG,6.22,1,2048,0.0,4,0.0,REVIEW REQUIRED,session_too_long; auto_refresh; excessive_events; single_activity_loop,high; high; medium; medium,"S1 [17:47-00:00, 6.22h]: session_too_long - Session duration 6.2h exceeds 6h limit; auto_refresh - Gaps extremely regular: mean=10.9s, std=0.73s across 2047 gaps; excessive_events - 329 events/hr (max=300); single_activity_loop - 100% of events on ""Quiz:  Unit 1 - Key vocabulary (11 - 24)""",https://glow.paclinks.org/report/log/index.php?chooselog=1&logreader=logstore_standard&id=0&user=7325&date=1773100800
2026-03-11,7325,DN22P0466 NGUYỄN ĐĂNG QUANG,3.53,2,1162,0.03,6,0.0,REVIEW REQUIRED,auto_refresh; excessive_events; single_activity_loop,high; medium; medium,"S1 [00:00-00:19, 0.32h]: auto_refresh - 99% of gaps within ±2.0s of mean 11.1s; excessive_events - 324 events/hr (max=300); single_activity_loop - 100% of events on ""Quiz:  Unit 1 - Key vocabulary (11 - 24)""
S2 [20:47-00:00, 3.21h]: auto_refresh - Gaps extremely regular: mean=10.9s, std=0.81s across 1057 gaps; excessive_events - 330 events/hr (max=300); single_activity_loop - 99% of events on ""Quiz:  Unit 1 - Key vocabulary (11 - 24)""",https://glow.paclinks.org/report/log/index.php?chooselog=1&logreader=logstore_standard&id=0&user=7325&date=1773187200
2026-03-18,7325,DN22P0466 NGUYỄN ĐĂNG QUANG,4.8,1,1564,0.0,3,0.0,REVIEW REQUIRED,auto_refresh; excessive_events; single_activity_loop,high; medium; medium,"S1 [16:34-21:22, 4.80h]: auto_refresh - Gaps extremely regular: mean=11.0s, std=0.62s across 1563 gaps; excessive_events - 326 events/hr (max=300); single_activity_loop - 100% of events on ""Page: Listening - WATCH THIS FIRST""",https://glow.paclinks.org/report/log/index.php?chooselog=1&logreader=logstore_standard&id=0&user=7325&date=1773792000
2026-03-21,7325,DN22P0466 NGUYỄN ĐĂNG QUANG,0.46,1,159,0.1,3,0.0,REVIEW REQUIRED,auto_refresh; excessive_events; single_activity_loop,medium; medium; medium,"S1 [22:55-23:23, 0.46h]: auto_refresh - 95% of gaps within ±2.0s of mean 10.5s; excessive_events - 344 events/hr (max=300); single_activity_loop - 96% of events on ""Quiz:  Unit 1 - Key vocabulary (11 - 24)""",https://glow.paclinks.org/report/log/index.php?chooselog=1&logreader=logstore_standard&id=0&user=7325&date=1774051200
2026-03-04,7327,DN22P0468 NGUYỄN NGỌC MINH THƯ,0.19,1,4,0.5,0,0.19,CLEAN,,,,https://glow.paclinks.org/report/log/index.php?chooselog=1&logreader=logstore_standard&id=0&user=7327&date=1772582400
2026-03-09,7327,DN22P0468 NGUYỄN NGỌC MINH THƯ,0.25,1,7,0.5,0,0.25,CLEAN,,,,https://glow.paclinks.org/report/log/index.php?chooselog=1&logreader=logstore_standard&id=0&user=7327&date=1773014400
2026-03-18,7327,DN22P0468 NGUYỄN NGỌC MINH THƯ,0.3,1,10,0.55,0,0.3,CLEAN,,,,https://glow.paclinks.org/report/log/index.php?chooselog=1&logreader=logstore_standard&id=0&user=7327&date=1773792000
2026-03-20,7327,DN22P0468 NGUYỄN NGỌC MINH THƯ,0.06,1,3,0.5,0,0.06,CLEAN,,,,https://glow.paclinks.org/report/log/index.php?chooselog=1&logreader=logstore_standard&id=0&user=7327&date=1773964800
2026-03-21,7327,DN22P0468 NGUYỄN NGỌC MINH THƯ,0.18,1,5,0.55,0,0.18,CLEAN,,,,https://glow.paclinks.org/report/log/index.php?chooselog=1&logreader=logstore_standard&id=0&user=7327&date=1774051200
2026-03-22,7327,DN22P0468 NGUYỄN NGỌC MINH THƯ,0.24,1,5,0.55,0,0.24,CLEAN,,,,https://glow.paclinks.org/report/log/index.php?chooselog=1&logreader=logstore_standard&id=0&user=7327&date=1774137600
2026-03-23,7327,DN22P0468 NGUYỄN NGỌC MINH THƯ,0.14,1,6,0.55,0,0.14,CLEAN,,,,https://glow.paclinks.org/report/log/index.php?chooselog=1&logreader=logstore_standard&id=0&user=7327&date=1774224000
2026-03-27,7327,DN22P0468 NGUYỄN NGỌC MINH THƯ,0.21,1,4,0.55,0,0.21,CLEAN,,,,https://glow.paclinks.org/report/log/index.php?chooselog=1&logreader=logstore_standard&id=0&user=7327&date=1774569600
2026-03-01,7328,DN22P0469 TRẦN PHÙNG KHÁNH NGỌC,1.72,1,620,0.0,3,0.0,REVIEW REQUIRED,auto_refresh; excessive_events; single_activity_loop,high; medium; medium,"S1 [09:54-11:38, 1.72h]: auto_refresh - Gaps extremely regular: mean=10.0s, std=1.04s across 619 gaps; excessive_events - 360 events/hr (max=300); single_activity_loop - 99% of events on ""Quiz: UNIT 9 Sounds/Minimal Pairs""",https://glow.paclinks.org/report/log/index.php?chooselog=1&logreader=logstore_standard&id=0&user=7328&date=1772323200
2026-03-11,7328,DN22P0469 TRẦN PHÙNG KHÁNH NGỌC,0.51,1,169,0.1,3,0.0,REVIEW REQUIRED,auto_refresh; excessive_events; single_activity_loop,medium; medium; medium,"S1 [23:29-00:00, 0.51h]: auto_refresh - 94% of gaps within ±2.0s of mean 10.8s; excessive_events - 334 events/hr (max=300); single_activity_loop - 95% of events on ""Interactive Content: Pronunciation Lesson 1: Consonant Sound""",https://glow.paclinks.org/report/log/index.php?chooselog=1&logreader=logstore_standard&id=0&user=7328&date=1773187200
2026-03-12,7328,DN22P0469 TRẦN PHÙNG KHÁNH NGỌC,1.62,2,582,0.0,6,0.0,REVIEW REQUIRED,auto_refresh; excessive_events; single_activity_loop,high; medium; medium,"S1 [00:00-00:23, 0.40h]: auto_refresh - Gaps extremely regular: mean=10.0s, std=0.27s across 142 gaps; excessive_events - 360 events/hr (max=300); single_activity_loop - 100% of events on ""Interactive Content: Pronunciation Lesson 1: Consonant Sound""
S2 [13:50-15:03, 1.22h]: auto_refresh - Gaps extremely regular: mean=10.0s, std=1.00s across 438 gaps; excessive_events - 360 events/hr (max=300); single_activity_loop - 99% of events on ""Interactive Content: Listening""",https://glow.paclinks.org/report/log/index.php?chooselog=1&logreader=logstore_standard&id=0&user=7328&date=1773273600
2026-03-18,7328,DN22P0469 TRẦN PHÙNG KHÁNH NGỌC,1.84,1,663,0.0,3,0.0,REVIEW REQUIRED,auto_refresh; excessive_events; single_activity_loop,high; medium; medium,"S1 [09:12-11:02, 1.84h]: auto_refresh - Gaps extremely regular: mean=10.0s, std=0.81s across 662 gaps; excessive_events - 361 events/hr (max=300); single_activity_loop - 99% of events on ""Interactive Content: Reading""",https://glow.paclinks.org/report/log/index.php?chooselog=1&logreader=logstore_standard&id=0&user=7328&date=1773792000
2026-03-19,7328,DN22P0469 TRẦN PHÙNG KHÁNH NGỌC,0.65,1,216,0.1,3,0.0,REVIEW REQUIRED,auto_refresh; excessive_events; single_activity_loop,medium; medium; medium,"S1 [23:21-00:00, 0.65h]: auto_refresh - 98% of gaps within ±2.0s of mean 10.8s; excessive_events - 332 events/hr (max=300); single_activity_loop - 98% of events on ""Interactive Content: Pronunciation Lesson 1: Vowel Sound / i""",https://glow.paclinks.org/report/log/index.php?chooselog=1&logreader=logstore_standard&id=0&user=7328&date=1773878400
2026-03-20,7328,DN22P0469 TRẦN PHÙNG KHÁNH NGỌC,0.74,1,265,0.0,3,0.0,REVIEW REQUIRED,auto_refresh; excessive_events; single_activity_loop,high; medium; medium,"S1 [00:00-00:44, 0.74h]: auto_refresh - Gaps extremely regular: mean=10.0s, std=0.28s across 264 gaps; excessive_events - 360 events/hr (max=300); single_activity_loop - 100% of events on ""Interactive Content: Pronunciation Lesson 1: Vowel Sound / i""",https://glow.paclinks.org/report/log/index.php?chooselog=1&logreader=logstore_standard&id=0&user=7328&date=1773964800
2026-03-23,7328,DN22P0469 TRẦN PHÙNG KHÁNH NGỌC,2.09,1,703,0.05,3,0.0,REVIEW REQUIRED,auto_refresh; excessive_events; single_activity_loop,medium; medium; medium,"S1 [14:52-16:57, 2.09h]: auto_refresh - 92% of gaps within ±2.0s of mean 10.7s; excessive_events - 336 events/hr (max=300); single_activity_loop - 100% of events on ""Course: TED Talks - General 1""",https://glow.paclinks.org/report/log/index.php?chooselog=1&logreader=logstore_standard&id=0&user=7328&date=1774224000
2026-03-27,7328,DN22P0469 TRẦN PHÙNG KHÁNH NGỌC,4.54,1,1624,0.1,3,0.0,REVIEW REQUIRED,auto_refresh; excessive_events; single_activity_loop,medium; medium; medium,"S1 [19:27-00:00, 4.54h]: auto_refresh - 99% of gaps within ±2.0s of mean 10.1s; excessive_events - 358 events/hr (max=300); single_activity_loop - 100% of events on ""Interactive Content: Pronunciation Lesson 1: Vowel Sound / ʊ""",https://glow.paclinks.org/report/log/index.php?chooselog=1&logreader=logstore_standard&id=0&user=7328&date=1774569600
2026-03-28,7328,DN22P0469 TRẦN PHÙNG KHÁNH NGỌC,0.91,2,280,0.25,3,0.14,REVIEW REQUIRED,auto_refresh; excessive_events; single_activity_loop,high; medium; medium,"S1 [00:00-00:46, 0.77h]: auto_refresh - Gaps extremely regular: mean=10.0s, std=0.24s across 276 gaps; excessive_events - 360 events/hr (max=300); single_activity_loop - 100% of events on ""Interactive Content: Pronunciation Lesson 1: Vowel Sound / ʊ""",https://glow.paclinks.org/report/log/index.php?chooselog=1&logreader=logstore_standard&id=0&user=7328&date=1774656000
2026-03-03,7331,DN22P0472 VŨ THỊ MAI HƯƠNG,0.36,1,7,0.55,0,0.36,CLEAN,,,,https://glow.paclinks.org/report/log/index.php?chooselog=1&logreader=logstore_standard&id=0&user=7331&date=1772496000
2026-03-07,7331,DN22P0472 VŨ THỊ MAI HƯƠNG,0.2,1,6,0.55,0,0.2,CLEAN,,,,https://glow.paclinks.org/report/log/index.php?chooselog=1&logreader=logstore_standard&id=0&user=7331&date=1772841600
2026-03-21,7331,DN22P0472 VŨ THỊ MAI HƯƠNG,0.14,1,6,0.55,0,0.14,CLEAN,,,,https://glow.paclinks.org/report/log/index.php?chooselog=1&logreader=logstore_standard&id=0&user=7331&date=1774051200
2026-03-23,7331,DN22P0472 VŨ THỊ MAI HƯƠNG,0.17,1,5,0.5,0,0.17,CLEAN,,,,https://glow.paclinks.org/report/log/index.php?chooselog=1&logreader=logstore_standard&id=0&user=7331&date=1774224000
2026-03-24,7331,DN22P0472 VŨ THỊ MAI HƯƠNG,0.13,1,6,0.55,0,0.13,CLEAN,,,,https://glow.paclinks.org/report/log/index.php?chooselog=1&logreader=logstore_standard&id=0&user=7331&date=1774310400
2026-03-01,7691,DN22P0478 BÙI NGỌC BẢO,0.5,1,4,0.55,0,0.5,CLEAN,,,,https://glow.paclinks.org/report/log/index.php?chooselog=1&logreader=logstore_standard&id=0&user=7691&date=1772323200
2026-03-10,7691,DN22P0478 BÙI NGỌC BẢO,0.13,1,3,0.55,0,0.13,CLEAN,,,,https://glow.paclinks.org/report/log/index.php?chooselog=1&logreader=logstore_standard&id=0&user=7691&date=1773100800
2026-03-11,7691,DN22P0478 BÙI NGỌC BẢO,0.85,2,12,0.55,0,0.85,CLEAN,,,,https://glow.paclinks.org/report/log/index.php?chooselog=1&logreader=logstore_standard&id=0&user=7691&date=1773187200
2026-03-12,7691,DN22P0478 BÙI NGỌC BẢO,0.31,1,6,0.55,0,0.31,CLEAN,,,,https://glow.paclinks.org/report/log/index.php?chooselog=1&logreader=logstore_standard&id=0&user=7691&date=1773273600
2026-03-13,7691,DN22P0478 BÙI NGỌC BẢO,0.33,1,5,0.55,0,0.33,CLEAN,,,,https://glow.paclinks.org/report/log/index.php?chooselog=1&logreader=logstore_standard&id=0&user=7691&date=1773360000
2026-03-14,7691,DN22P0478 BÙI NGỌC BẢO,0.06,1,3,0.55,0,0.06,CLEAN,,,,https://glow.paclinks.org/report/log/index.php?chooselog=1&logreader=logstore_standard&id=0&user=7691&date=1773446400
2026-03-15,7691,DN22P0478 BÙI NGỌC BẢO,0.93,2,14,0.55,0,0.93,CLEAN,,,,https://glow.paclinks.org/report/log/index.php?chooselog=1&logreader=logstore_standard&id=0&user=7691&date=1773532800
2026-03-17,7691,DN22P0478 BÙI NGỌC BẢO,0.35,1,6,0.55,0,0.35,CLEAN,,,,https://glow.paclinks.org/report/log/index.php?chooselog=1&logreader=logstore_standard&id=0&user=7691&date=1773705600
2026-03-19,7691,DN22P0478 BÙI NGỌC BẢO,0.6,1,11,0.55,0,0.6,CLEAN,,,,https://glow.paclinks.org/report/log/index.php?chooselog=1&logreader=logstore_standard&id=0&user=7691&date=1773878400
2026-03-20,7691,DN22P0478 BÙI NGỌC BẢO,0.34,1,6,0.55,0,0.34,CLEAN,,,,https://glow.paclinks.org/report/log/index.php?chooselog=1&logreader=logstore_standard&id=0&user=7691&date=1773964800
2026-03-22,7691,DN22P0478 BÙI NGỌC BẢO,0.31,1,5,0.55,0,0.31,CLEAN,,,,https://glow.paclinks.org/report/log/index.php?chooselog=1&logreader=logstore_standard&id=0&user=7691&date=1774137600
2026-03-23,7691,DN22P0478 BÙI NGỌC BẢO,0.4,1,10,0.55,0,0.4,CLEAN,,,,https://glow.paclinks.org/report/log/index.php?chooselog=1&logreader=logstore_standard&id=0&user=7691&date=1774224000
2026-03-25,7691,DN22P0478 BÙI NGỌC BẢO,0.45,1,6,0.55,0,0.45,CLEAN,,,,https://glow.paclinks.org/report/log/index.php?chooselog=1&logreader=logstore_standard&id=0&user=7691&date=1774396800
2026-03-26,7691,DN22P0478 BÙI NGỌC BẢO,0.05,1,7,0.55,0,0.05,CLEAN,,,,https://glow.paclinks.org/report/log/index.php?chooselog=1&logreader=logstore_standard&id=0&user=7691&date=1774483200
2026-03-29,7691,DN22P0478 BÙI NGỌC BẢO,0.63,1,11,0.55,0,0.63,CLEAN,,,,https://glow.paclinks.org/report/log/index.php?chooselog=1&logreader=logstore_standard&id=0&user=7691&date=1774742400
2026-03-30,7691,DN22P0478 BÙI NGỌC BẢO,0.18,1,3,0.55,0,0.18,CLEAN,,,,https://glow.paclinks.org/report/log/index.php?chooselog=1&logreader=logstore_standard&id=0&user=7691&date=1774828800
2026-03-01,8067,DN23P0483 NGUYỄN VĂN MINH KHÔI,0.4,1,9,0.55,0,0.4,CLEAN,,,,https://glow.paclinks.org/report/log/index.php?chooselog=1&logreader=logstore_standard&id=0&user=8067&date=1772323200
2026-03-31,8067,DN23P0483 NGUYỄN VĂN MINH KHÔI,0.59,2,31,0.55,0,0.59,CLEAN,,,,https://glow.paclinks.org/report/log/index.php?chooselog=1&logreader=logstore_standard&id=0&user=8067&date=1774915200
2026-03-01,8069,DN23P0485 HOÀNG ANH THƯ,0.47,1,12,0.55,0,0.47,CLEAN,,,,https://glow.paclinks.org/report/log/index.php?chooselog=1&logreader=logstore_standard&id=0&user=8069&date=1772323200
2026-03-10,8069,DN23P0485 HOÀNG ANH THƯ,0.9,1,17,0.55,0,0.9,CLEAN,,,,https://glow.paclinks.org/report/log/index.php?chooselog=1&logreader=logstore_standard&id=0&user=8069&date=1773100800
2026-03-11,8069,DN23P0485 HOÀNG ANH THƯ,0.55,1,6,0.55,0,0.55,CLEAN,,,,https://glow.paclinks.org/report/log/index.php?chooselog=1&logreader=logstore_standard&id=0&user=8069&date=1773187200
2026-03-17,8069,DN23P0485 HOÀNG ANH THƯ,0.49,1,14,0.55,0,0.49,CLEAN,,,,https://glow.paclinks.org/report/log/index.php?chooselog=1&logreader=logstore_standard&id=0&user=8069&date=1773705600
2026-03-18,8069,DN23P0485 HOÀNG ANH THƯ,0.63,1,11,0.55,0,0.63,CLEAN,,,,https://glow.paclinks.org/report/log/index.php?chooselog=1&logreader=logstore_standard&id=0&user=8069&date=1773792000
2026-03-22,8069,DN23P0485 HOÀNG ANH THƯ,0.21,1,11,0.55,0,0.21,CLEAN,,,,https://glow.paclinks.org/report/log/index.php?chooselog=1&logreader=logstore_standard&id=0&user=8069&date=1774137600
2026-03-24,8069,DN23P0485 HOÀNG ANH THƯ,0.19,1,4,0.55,0,0.19,CLEAN,,,,https://glow.paclinks.org/report/log/index.php?chooselog=1&logreader=logstore_standard&id=0&user=8069&date=1774310400
2026-03-26,8069,DN23P0485 HOÀNG ANH THƯ,0.33,1,8,0.55,0,0.33,CLEAN,,,,https://glow.paclinks.org/report/log/index.php?chooselog=1&logreader=logstore_standard&id=0&user=8069&date=1774483200
2026-03-29,8069,DN23P0485 HOÀNG ANH THƯ,0.13,1,10,0.55,0,0.13,CLEAN,,,,https://glow.paclinks.org/report/log/index.php?chooselog=1&logreader=logstore_standard&id=0&user=8069&date=1774742400
2026-03-04,8074,DN23P0490 NGUYỄN HỒNG HUYỀN TRÂN,0.13,1,6,0.55,0,0.13,CLEAN,,,,https://glow.paclinks.org/report/log/index.php?chooselog=1&logreader=logstore_standard&id=0&user=8074&date=1772582400
2026-03-05,8074,DN23P0490 NGUYỄN HỒNG HUYỀN TRÂN,0.05,1,6,0.55,0,0.05,CLEAN,,,,https://glow.paclinks.org/report/log/index.php?chooselog=1&logreader=logstore_standard&id=0&user=8074&date=1772668800
2026-03-08,8074,DN23P0490 NGUYỄN HỒNG HUYỀN TRÂN,0.05,1,5,0.5,0,0.05,CLEAN,,,,https://glow.paclinks.org/report/log/index.php?chooselog=1&logreader=logstore_standard&id=0&user=8074&date=1772928000
2026-03-10,8074,DN23P0490 NGUYỄN HỒNG HUYỀN TRÂN,0.37,1,10,0.6,0,0.37,CLEAN,,,,https://glow.paclinks.org/report/log/index.php?chooselog=1&logreader=logstore_standard&id=0&user=8074&date=1773100800
2026-03-03,8075,DN23P0491 NGUYỄN THỊ PHƯỚC VIÊN,0.36,1,2,0.5,0,0.36,CLEAN,,,,https://glow.paclinks.org/report/log/index.php?chooselog=1&logreader=logstore_standard&id=0&user=8075&date=1772496000
2026-03-04,8075,DN23P0491 NGUYỄN THỊ PHƯỚC VIÊN,0.87,2,12,0.55,0,0.87,CLEAN,,,,https://glow.paclinks.org/report/log/index.php?chooselog=1&logreader=logstore_standard&id=0&user=8075&date=1772582400
2026-03-06,8075,DN23P0491 NGUYỄN THỊ PHƯỚC VIÊN,0.16,1,7,0.55,0,0.16,CLEAN,,,,https://glow.paclinks.org/report/log/index.php?chooselog=1&logreader=logstore_standard&id=0&user=8075&date=1772755200
2026-03-10,8075,DN23P0491 NGUYỄN THỊ PHƯỚC VIÊN,0.82,2,13,0.5,0,0.82,CLEAN,,,,https://glow.paclinks.org/report/log/index.php?chooselog=1&logreader=logstore_standard&id=0&user=8075&date=1773100800
2026-03-12,8075,DN23P0491 NGUYỄN THỊ PHƯỚC VIÊN,0.14,1,5,0.55,0,0.14,CLEAN,,,,https://glow.paclinks.org/report/log/index.php?chooselog=1&logreader=logstore_standard&id=0&user=8075&date=1773273600
2026-03-17,8075,DN23P0491 NGUYỄN THỊ PHƯỚC VIÊN,0.2,1,10,0.55,0,0.2,CLEAN,,,,https://glow.paclinks.org/report/log/index.php?chooselog=1&logreader=logstore_standard&id=0&user=8075&date=1773705600
2026-03-23,8075,DN23P0491 NGUYỄN THỊ PHƯỚC VIÊN,0.79,1,22,0.55,0,0.79,CLEAN,,,,https://glow.paclinks.org/report/log/index.php?chooselog=1&logreader=logstore_standard&id=0&user=8075&date=1774224000
2026-03-24,8075,DN23P0491 NGUYỄN THỊ PHƯỚC VIÊN,1.44,4,85,0.75,0,1.44,CLEAN,,,,https://glow.paclinks.org/report/log/index.php?chooselog=1&logreader=logstore_standard&id=0&user=8075&date=1774310400
2026-03-31,8075,DN23P0491 NGUYỄN THỊ PHƯỚC VIÊN,1.53,2,120,0.77,0,1.53,CLEAN,,,,https://glow.paclinks.org/report/log/index.php?chooselog=1&logreader=logstore_standard&id=0&user=8075&date=1774915200
2026-03-09,8076,DN23P0492 NGUYỄN THỊ NY,0.05,1,5,0.55,0,0.05,CLEAN,,,,https://glow.paclinks.org/report/log/index.php?chooselog=1&logreader=logstore_standard&id=0&user=8076&date=1773014400
2026-03-10,8076,DN23P0492 NGUYỄN THỊ NY,0.09,1,5,0.55,0,0.09,CLEAN,,,,https://glow.paclinks.org/report/log/index.php?chooselog=1&logreader=logstore_standard&id=0&user=8076&date=1773100800
2026-03-11,8076,DN23P0492 NGUYỄN THỊ NY,0.1,1,5,0.55,0,0.1,CLEAN,,,,https://glow.paclinks.org/report/log/index.php?chooselog=1&logreader=logstore_standard&id=0&user=8076&date=1773187200
2026-03-14,8076,DN23P0492 NGUYỄN THỊ NY,0.13,2,10,0.55,0,0.13,CLEAN,,,,https://glow.paclinks.org/report/log/index.php?chooselog=1&logreader=logstore_standard&id=0&user=8076&date=1773446400
2026-03-19,8076,DN23P0492 NGUYỄN THỊ NY,0.13,1,4,0.55,0,0.13,CLEAN,,,,https://glow.paclinks.org/report/log/index.php?chooselog=1&logreader=logstore_standard&id=0&user=8076&date=1773878400
2026-03-30,8076,DN23P0492 NGUYỄN THỊ NY,0.13,1,9,0.55,0,0.13,CLEAN,,,,https://glow.paclinks.org/report/log/index.php?chooselog=1&logreader=logstore_standard&id=0&user=8076&date=1774828800
2026-03-02,8079,DN23P0495 ĐẶNG TÂM AN,1.64,1,30,0.35,1,0.0,REVIEW REQUIRED,single_activity_loop,medium,"S1 [13:52-15:30, 1.64h]: single_activity_loop - 100% of events on ""Course: TED Talks - General 2""",https://glow.paclinks.org/report/log/index.php?chooselog=1&logreader=logstore_standard&id=0&user=8079&date=1772409600
2026-03-07,8079,DN23P0495 ĐẶNG TÂM AN,2.44,1,47,0.55,0,2.44,CLEAN,,,,https://glow.paclinks.org/report/log/index.php?chooselog=1&logreader=logstore_standard&id=0&user=8079&date=1772841600
2026-03-08,8079,DN23P0495 ĐẶNG TÂM AN,0.21,1,9,0.5,0,0.21,CLEAN,,,,https://glow.paclinks.org/report/log/index.php?chooselog=1&logreader=logstore_standard&id=0&user=8079&date=1772928000
2026-03-10,8079,DN23P0495 ĐẶNG TÂM AN,4.03,2,76,0.45,1,2.27,HAS ANOMALIES,single_activity_loop,medium,"S2 [22:16-00:01, 1.75h]: single_activity_loop - 94% of events on ""Course: Pronunciation - Advanced""",https://glow.paclinks.org/report/log/index.php?chooselog=1&logreader=logstore_standard&id=0&user=8079&date=1773100800
2026-03-11,8079,DN23P0495 ĐẶNG TÂM AN,4.22,2,76,0.45,1,3.55,HAS ANOMALIES,single_activity_loop,medium,"S1 [00:01-00:41, 0.67h]: single_activity_loop - 100% of events on ""Course: Pronunciation - Advanced""",https://glow.paclinks.org/report/log/index.php?chooselog=1&logreader=logstore_standard&id=0&user=8079&date=1773187200
2026-03-16,8079,DN23P0495 ĐẶNG TÂM AN,0.65,1,16,0.55,0,0.65,CLEAN,,,,https://glow.paclinks.org/report/log/index.php?chooselog=1&logreader=logstore_standard&id=0&user=8079&date=1773619200
2026-03-19,8079,DN23P0495 ĐẶNG TÂM AN,1.43,1,25,0.35,1,0.0,REVIEW REQUIRED,single_activity_loop,medium,"S1 [22:15-23:41, 1.43h]: single_activity_loop - 92% of events on ""Course: Learn vocabulary with Quizlet""",https://glow.paclinks.org/report/log/index.php?chooselog=1&logreader=logstore_standard&id=0&user=8079&date=1773878400
2026-03-23,8079,DN23P0495 ĐẶNG TÂM AN,2.83,1,50,0.35,1,0.0,REVIEW REQUIRED,single_activity_loop,medium,"S1 [10:41-13:31, 2.83h]: single_activity_loop - 96% of events on ""Course: Pronunciation - Advanced""",https://glow.paclinks.org/report/log/index.php?chooselog=1&logreader=logstore_standard&id=0&user=8079&date=1774224000
2026-03-25,8079,DN23P0495 ĐẶNG TÂM AN,0.7,1,16,0.5,0,0.7,CLEAN,,,,https://glow.paclinks.org/report/log/index.php?chooselog=1&logreader=logstore_standard&id=0&user=8079&date=1774396800
2026-03-31,8079,DN23P0495 ĐẶNG TÂM AN,2.62,1,50,0.35,1,0.0,REVIEW REQUIRED,single_activity_loop,medium,"S1 [20:06-22:43, 2.62h]: single_activity_loop - 96% of events on ""Course: Pronunciation - Advanced""",https://glow.paclinks.org/report/log/index.php?chooselog=1&logreader=logstore_standard&id=0&user=8079&date=1774915200
2026-03-01,8084,DN23P0500 PHAN QUANG HÀ,1.23,1,252,0.4,1,0.0,HAS ANOMALIES,single_activity_loop,medium,"S1 [22:29-23:43, 1.23h]: single_activity_loop - 99% of events on ""Quiz: Unit 1 - Key Vocabulary (1-10)""",https://glow.paclinks.org/report/log/index.php?chooselog=1&logreader=logstore_standard&id=0&user=8084&date=1772323200
2026-03-13,8084,DN23P0500 PHAN QUANG HÀ,2.86,1,536,0.4,1,0.0,HAS ANOMALIES,single_activity_loop,medium,"S1 [20:55-23:46, 2.86h]: single_activity_loop - 99% of events on ""Interactive Content: Reading""",https://glow.paclinks.org/report/log/index.php?chooselog=1&logreader=logstore_standard&id=0&user=8084&date=1773360000
2026-03-16,8084,DN23P0500 PHAN QUANG HÀ,4.81,1,1240,0.1,2,0.0,REVIEW REQUIRED,auto_refresh; single_activity_loop,high; medium,"S1 [15:55-20:43, 4.81h]: auto_refresh - Gaps extremely regular: mean=14.0s, std=1.41s across 1239 gaps; single_activity_loop - 100% of events on ""Page: Listening - WATCH THIS FIRST""",https://glow.paclinks.org/report/log/index.php?chooselog=1&logreader=logstore_standard&id=0&user=8084&date=1773619200
2026-03-18,8084,DN23P0500 PHAN QUANG HÀ,4.62,1,907,0.4,1,0.0,HAS ANOMALIES,single_activity_loop,medium,"S1 [19:23-00:00, 4.62h]: single_activity_loop - 100% of events on ""Interactive Content: Reading""",https://glow.paclinks.org/report/log/index.php?chooselog=1&logreader=logstore_standard&id=0&user=8084&date=1773792000
2026-03-19,8084,DN23P0500 PHAN QUANG HÀ,3.79,2,743,0.38,2,0.0,REVIEW REQUIRED,single_activity_loop,medium,"S1 [00:00-02:08, 2.14h]: single_activity_loop - 100% of events on ""Interactive Content: Reading""
S2 [22:21-00:00, 1.65h]: single_activity_loop - 99% of events on ""Interactive Content: Reading""",https://glow.paclinks.org/report/log/index.php?chooselog=1&logreader=logstore_standard&id=0&user=8084&date=1773878400
2026-03-20,8084,DN23P0500 PHAN QUANG HÀ,0.09,1,16,0.35,1,0.0,REVIEW REQUIRED,single_activity_loop,medium,"S1 [00:00-00:05, 0.09h]: single_activity_loop - 100% of events on ""Interactive Content: Reading""",https://glow.paclinks.org/report/log/index.php?chooselog=1&logreader=logstore_standard&id=0&user=8084&date=1773964800
2026-03-23,8084,DN23P0500 PHAN QUANG HÀ,5.91,1,1188,0.5,1,0.0,HAS ANOMALIES,single_activity_loop,medium,"S1 [13:28-19:23, 5.91h]: single_activity_loop - 100% of events on ""Quiz: Unit 3 - Key Vocabulary (1-10)""",https://glow.paclinks.org/report/log/index.php?chooselog=1&logreader=logstore_standard&id=0&user=8084&date=1774224000
2026-03-28,8084,DN23P0500 PHAN QUANG HÀ,5.04,1,978,0.4,1,0.0,HAS ANOMALIES,single_activity_loop,medium,"S1 [18:41-23:44, 5.04h]: single_activity_loop - 100% of events on ""Interactive Content: Reading""",https://glow.paclinks.org/report/log/index.php?chooselog=1&logreader=logstore_standard&id=0&user=8084&date=1774656000
2026-03-08,8085,DN23P0501 HUỲNH PHÚC TẤN,1.15,1,234,0.4,1,0.0,HAS ANOMALIES,single_activity_loop,medium,"S1 [21:54-23:03, 1.15h]: single_activity_loop - 98% of events on ""Interactive Content: Reading""",https://glow.paclinks.org/report/log/index.php?chooselog=1&logreader=logstore_standard&id=0&user=8085&date=1772928000
2026-03-16,8085,DN23P0501 HUỲNH PHÚC TẤN,1.45,1,251,0.45,1,0.0,HAS ANOMALIES,single_activity_loop,medium,"S1 [21:01-22:28, 1.45h]: single_activity_loop - 94% of events on ""Interactive Content: Reading""",https://glow.paclinks.org/report/log/index.php?chooselog=1&logreader=logstore_standard&id=0&user=8085&date=1773619200
2026-03-23,8085,DN23P0501 HUỲNH PHÚC TẤN,0.72,1,139,0.4,1,0.0,HAS ANOMALIES,single_activity_loop,medium,"S1 [14:46-15:29, 0.72h]: single_activity_loop - 96% of events on ""Interactive Content: Reading""",https://glow.paclinks.org/report/log/index.php?chooselog=1&logreader=logstore_standard&id=0&user=8085&date=1774224000
2026-03-24,8086,DN23P0502 ĐINH VŨ HÀ THI,2.03,1,38,0.6,0,2.03,CLEAN,,,,https://glow.paclinks.org/report/log/index.php?chooselog=1&logreader=logstore_standard&id=0&user=8086&date=1774310400
2026-03-25,8086,DN23P0502 ĐINH VŨ HÀ THI,5.2,4,150,0.57,0,5.2,CLEAN,,,,https://glow.paclinks.org/report/log/index.php?chooselog=1&logreader=logstore_standard&id=0&user=8086&date=1774396800
2026-03-26,8086,DN23P0502 ĐINH VŨ HÀ THI,1.29,1,18,0.55,0,1.29,CLEAN,,,,https://glow.paclinks.org/report/log/index.php?chooselog=1&logreader=logstore_standard&id=0&user=8086&date=1774483200
2026-03-30,8086,DN23P0502 ĐINH VŨ HÀ THI,0.68,1,15,0.55,0,0.68,CLEAN,,,,https://glow.paclinks.org/report/log/index.php?chooselog=1&logreader=logstore_standard&id=0&user=8086&date=1774828800
2026-03-31,8086,DN23P0502 ĐINH VŨ HÀ THI,3.33,5,69,0.55,0,3.33,CLEAN,,,,https://glow.paclinks.org/report/log/index.php?chooselog=1&logreader=logstore_standard&id=0&user=8086&date=1774915200
2026-03-01,8165,DN23P0508 NGUYỄN HẢI TRÍ,0.23,1,9,0.6,0,0.23,CLEAN,,,,https://glow.paclinks.org/report/log/index.php?chooselog=1&logreader=logstore_standard&id=0&user=8165&date=1772323200
2026-03-02,8165,DN23P0508 NGUYỄN HẢI TRÍ,0.09,1,18,0.55,0,0.09,CLEAN,,,,https://glow.paclinks.org/report/log/index.php?chooselog=1&logreader=logstore_standard&id=0&user=8165&date=1772409600
2026-03-14,8165,DN23P0508 NGUYỄN HẢI TRÍ,0.52,3,49,0.58,0,0.52,CLEAN,,,,https://glow.paclinks.org/report/log/index.php?chooselog=1&logreader=logstore_standard&id=0&user=8165&date=1773446400
2026-03-15,8165,DN23P0508 NGUYỄN HẢI TRÍ,0.3,3,33,0.57,0,0.3,CLEAN,,,,https://glow.paclinks.org/report/log/index.php?chooselog=1&logreader=logstore_standard&id=0&user=8165&date=1773532800
2026-03-17,8165,DN23P0508 NGUYỄN HẢI TRÍ,0.24,2,23,0.57,0,0.24,CLEAN,,,,https://glow.paclinks.org/report/log/index.php?chooselog=1&logreader=logstore_standard&id=0&user=8165&date=1773705600
2026-03-19,8165,DN23P0508 NGUYỄN HẢI TRÍ,0.24,1,8,0.55,0,0.24,CLEAN,,,,https://glow.paclinks.org/report/log/index.php?chooselog=1&logreader=logstore_standard&id=0&user=8165&date=1773878400
2026-03-20,8165,DN23P0508 NGUYỄN HẢI TRÍ,0.08,1,8,0.55,0,0.08,CLEAN,,,,https://glow.paclinks.org/report/log/index.php?chooselog=1&logreader=logstore_standard&id=0&user=8165&date=1773964800
2026-03-21,8165,DN23P0508 NGUYỄN HẢI TRÍ,0.84,3,94,0.5,2,0.66,HAS ANOMALIES,excessive_events,medium,"S2 [10:42-10:47, 0.07h]: excessive_events - 354 events/hr (max=300)
S3 [11:32-11:38, 0.11h]: excessive_events - 316 events/hr (max=300)",https://glow.paclinks.org/report/log/index.php?chooselog=1&logreader=logstore_standard&id=0&user=8165&date=1774051200
2026-03-24,8165,DN23P0508 NGUYỄN HẢI TRÍ,0.13,1,13,0.45,1,0.0,HAS ANOMALIES,single_activity_loop,medium,"S1 [21:26-21:34, 0.13h]: single_activity_loop - 92% of events on ""Fast Assignment: Practice: Task 2 test 2""",https://glow.paclinks.org/report/log/index.php?chooselog=1&logreader=logstore_standard&id=0&user=8165&date=1774310400
2026-03-26,8165,DN23P0508 NGUYỄN HẢI TRÍ,0.11,2,16,0.55,0,0.11,CLEAN,,,,https://glow.paclinks.org/report/log/index.php?chooselog=1&logreader=logstore_standard&id=0&user=8165&date=1774483200
2026-03-27,8165,DN23P0508 NGUYỄN HẢI TRÍ,0.16,1,38,0.6,0,0.16,CLEAN,,,,https://glow.paclinks.org/report/log/index.php?chooselog=1&logreader=logstore_standard&id=0&user=8165&date=1774569600
2026-03-28,8165,DN23P0508 NGUYỄN HẢI TRÍ,0.37,2,43,0.5,1,0.2,HAS ANOMALIES,single_activity_loop,medium,"S2 [08:23-08:33, 0.17h]: single_activity_loop - 93% of events on ""Fast Assignment: Practice Task 1 test 7""",https://glow.paclinks.org/report/log/index.php?chooselog=1&logreader=logstore_standard&id=0&user=8165&date=1774656000
2026-03-31,8165,DN23P0508 NGUYỄN HẢI TRÍ,0.76,4,57,0.55,0,0.76,CLEAN,,,,https://glow.paclinks.org/report/log/index.php?chooselog=1&logreader=logstore_standard&id=0&user=8165&date=1774915200
2026-03-16,8581,DN24P0512 TRẦN HOÀNG BẢO TRÂM,0.67,2,12,0.55,0,0.67,CLEAN,,,,https://glow.paclinks.org/report/log/index.php?chooselog=1&logreader=logstore_standard&id=0&user=8581&date=1773619200
2026-03-23,8581,DN24P0512 TRẦN HOÀNG BẢO TRÂM,0.43,1,9,0.6,0,0.43,CLEAN,,,,https://glow.paclinks.org/report/log/index.php?chooselog=1&logreader=logstore_standard&id=0&user=8581&date=1774224000
2026-03-28,8581,DN24P0512 TRẦN HOÀNG BẢO TRÂM,1.38,1,22,0.55,0,1.38,CLEAN,,,,https://glow.paclinks.org/report/log/index.php?chooselog=1&logreader=logstore_standard&id=0&user=8581&date=1774656000
2026-03-29,8581,DN24P0512 TRẦN HOÀNG BẢO TRÂM,0.25,1,8,0.55,0,0.25,CLEAN,,,,https://glow.paclinks.org/report/log/index.php?chooselog=1&logreader=logstore_standard&id=0&user=8581&date=1774742400
2026-03-01,8582,DN24P0513 NGÔ VŨ KIỀU ANH,0.09,1,10,0.65,0,0.09,CLEAN,,,,https://glow.paclinks.org/report/log/index.php?chooselog=1&logreader=logstore_standard&id=0&user=8582&date=1772323200
2026-03-16,8584,DN24P0515 LÊ HOÀNG KHÁNH UYÊN,0.1,1,6,0.55,0,0.1,CLEAN,,,,https://glow.paclinks.org/report/log/index.php?chooselog=1&logreader=logstore_standard&id=0&user=8584&date=1773619200
2026-03-21,8584,DN24P0515 LÊ HOÀNG KHÁNH UYÊN,1.14,3,96,0.47,1,0.67,HAS ANOMALIES,single_activity_loop,medium,"S2 [19:53-20:21, 0.47h]: single_activity_loop - 100% of events on ""Page: Hướng dẫn chi tiết tổng hợp 12 thì tiếng Anh dành cho """,https://glow.paclinks.org/report/log/index.php?chooselog=1&logreader=logstore_standard&id=0&user=8584&date=1774051200
2026-03-24,8584,DN24P0515 LÊ HOÀNG KHÁNH UYÊN,2.71,3,41,0.55,0,2.71,CLEAN,,,,https://glow.paclinks.org/report/log/index.php?chooselog=1&logreader=logstore_standard&id=0&user=8584&date=1774310400
2026-03-27,8584,DN24P0515 LÊ HOÀNG KHÁNH UYÊN,1.68,1,20,0.55,0,1.68,CLEAN,,,,https://glow.paclinks.org/report/log/index.php?chooselog=1&logreader=logstore_standard&id=0&user=8584&date=1774569600
2026-03-28,8584,DN24P0515 LÊ HOÀNG KHÁNH UYÊN,0.83,1,21,0.55,0,0.83,CLEAN,,,,https://glow.paclinks.org/report/log/index.php?chooselog=1&logreader=logstore_standard&id=0&user=8584&date=1774656000
2026-03-30,8584,DN24P0515 LÊ HOÀNG KHÁNH UYÊN,4.6,1,39,0.55,0,4.6,CLEAN,,,,https://glow.paclinks.org/report/log/index.php?chooselog=1&logreader=logstore_standard&id=0&user=8584&date=1774828800
2026-03-31,8584,DN24P0515 LÊ HOÀNG KHÁNH UYÊN,0.68,1,10,0.55,0,0.68,CLEAN,,,,https://glow.paclinks.org/report/log/index.php?chooselog=1&logreader=logstore_standard&id=0&user=8584&date=1774915200
2026-03-01,8585,DN24P0516 HÀ THỊ BÍCH NGỌC,0.32,1,5,0.55,0,0.32,CLEAN,,,,https://glow.paclinks.org/report/log/index.php?chooselog=1&logreader=logstore_standard&id=0&user=8585&date=1772323200
2026-03-02,8585,DN24P0516 HÀ THỊ BÍCH NGỌC,0.7,3,30,0.55,0,0.7,CLEAN,,,,https://glow.paclinks.org/report/log/index.php?chooselog=1&logreader=logstore_standard&id=0&user=8585&date=1772409600
2026-03-06,8585,DN24P0516 HÀ THỊ BÍCH NGỌC,0.1,1,47,0.65,1,0.0,HAS ANOMALIES,excessive_events,medium,"S1 [14:09-14:15, 0.10h]: excessive_events - 489 events/hr (max=300)",https://glow.paclinks.org/report/log/index.php?chooselog=1&logreader=logstore_standard&id=0&user=8585&date=1772755200
2026-03-20,8585,DN24P0516 HÀ THỊ BÍCH NGỌC,0.11,1,10,0.55,0,0.11,CLEAN,,,,https://glow.paclinks.org/report/log/index.php?chooselog=1&logreader=logstore_standard&id=0&user=8585&date=1773964800
2026-03-13,8591,DN24P0522 NGUYỄN THIÊN PHƯỚC,0.21,1,6,0.55,0,0.21,CLEAN,,,,https://glow.paclinks.org/report/log/index.php?chooselog=1&logreader=logstore_standard&id=0&user=8591&date=1773360000
2026-03-16,8592,DN24P0523 NGÔ QUANG NHÂN,0.68,2,22,0.55,0,0.68,CLEAN,,,,https://glow.paclinks.org/report/log/index.php?chooselog=1&logreader=logstore_standard&id=0&user=8592&date=1773619200
2026-03-19,8592,DN24P0523 NGÔ QUANG NHÂN,0.26,1,8,0.55,0,0.26,CLEAN,,,,https://glow.paclinks.org/report/log/index.php?chooselog=1&logreader=logstore_standard&id=0&user=8592&date=1773878400
2026-03-29,8592,DN24P0523 NGÔ QUANG NHÂN,0.59,1,11,0.55,0,0.59,CLEAN,,,,https://glow.paclinks.org/report/log/index.php?chooselog=1&logreader=logstore_standard&id=0&user=8592&date=1774742400
2026-03-01,8593,DN24P0524 TRẦN THU NGÂN,0.63,1,31,0.5,1,0.0,HAS ANOMALIES,single_activity_loop,medium,"S1 [09:53-10:30, 0.63h]: single_activity_loop - 90% of events on ""Quiz: Unit 5 Word Groups &amp; Syllable Stress (1 - 10)""",https://glow.paclinks.org/report/log/index.php?chooselog=1&logreader=logstore_standard&id=0&user=8593&date=1772323200
2026-03-02,8593,DN24P0524 TRẦN THU NGÂN,0.43,1,40,0.65,0,0.43,CLEAN,,,,https://glow.paclinks.org/report/log/index.php?chooselog=1&logreader=logstore_standard&id=0&user=8593&date=1772409600
2026-03-03,8593,DN24P0524 TRẦN THU NGÂN,0.88,2,35,0.65,0,0.88,CLEAN,,,,https://glow.paclinks.org/report/log/index.php?chooselog=1&logreader=logstore_standard&id=0&user=8593&date=1772496000
2026-03-04,8593,DN24P0524 TRẦN THU NGÂN,0.23,1,30,0.65,0,0.23,CLEAN,,,,https://glow.paclinks.org/report/log/index.php?chooselog=1&logreader=logstore_standard&id=0&user=8593&date=1772582400
2026-03-05,8593,DN24P0524 TRẦN THU NGÂN,0.3,3,40,0.55,1,0.22,HAS ANOMALIES,single_activity_loop,medium,"S2 [11:37-11:41, 0.08h]: single_activity_loop - 100% of events on ""Quiz: Unit 5 Key Vocabulary (1 - 10)""",https://glow.paclinks.org/report/log/index.php?chooselog=1&logreader=logstore_standard&id=0&user=8593&date=1772668800
2026-03-06,8593,DN24P0524 TRẦN THU NGÂN,0.07,1,20,0.5,1,0.0,HAS ANOMALIES,excessive_events,medium,"S1 [09:38-09:42, 0.07h]: excessive_events - 306 events/hr (max=300)",https://glow.paclinks.org/report/log/index.php?chooselog=1&logreader=logstore_standard&id=0&user=8593&date=1772755200
2026-03-07,8593,DN24P0524 TRẦN THU NGÂN,0.61,2,49,0.57,1,0.12,HAS ANOMALIES,single_activity_loop,medium,"S2 [13:03-13:32, 0.48h]: single_activity_loop - 92% of events on ""Quiz: Unit 4 Key Vocabulary (1 - 10)""",https://glow.paclinks.org/report/log/index.php?chooselog=1&logreader=logstore_standard&id=0&user=8593&date=1772841600
2026-03-08,8593,DN24P0524 TRẦN THU NGÂN,0.68,2,31,0.42,1,0.06,HAS ANOMALIES,single_activity_loop,medium,"S2 [09:40-10:18, 0.63h]: single_activity_loop - 100% of events on ""Quiz: Unit 4 Key Vocabulary (11 - 24)""",https://glow.paclinks.org/report/log/index.php?chooselog=1&logreader=logstore_standard&id=0&user=8593&date=1772928000
2026-03-09,8593,DN24P0524 TRẦN THU NGÂN,0.37,1,33,0.5,1,0.0,HAS ANOMALIES,single_activity_loop,medium,"S1 [10:51-11:13, 0.37h]: single_activity_loop - 91% of events on ""Quiz:  Unit 3 - Key Vocabulary (11 - 23)""",https://glow.paclinks.org/report/log/index.php?chooselog=1&logreader=logstore_standard&id=0&user=8593&date=1773014400
2026-03-10,8593,DN24P0524 TRẦN THU NGÂN,0.35,1,39,0.65,0,0.35,CLEAN,,,,https://glow.paclinks.org/report/log/index.php?chooselog=1&logreader=logstore_standard&id=0&user=8593&date=1773100800
2026-03-11,8593,DN24P0524 TRẦN THU NGÂN,0.16,1,29,0.65,0,0.16,CLEAN,,,,https://glow.paclinks.org/report/log/index.php?chooselog=1&logreader=logstore_standard&id=0&user=8593&date=1773187200
2026-03-12,8593,DN24P0524 TRẦN THU NGÂN,0.36,2,32,0.65,0,0.36,CLEAN,,,,https://glow.paclinks.org/report/log/index.php?chooselog=1&logreader=logstore_standard&id=0&user=8593&date=1773273600
2026-03-13,8593,DN24P0524 TRẦN THU NGÂN,0.16,2,32,0.65,0,0.16,CLEAN,,,,https://glow.paclinks.org/report/log/index.php?chooselog=1&logreader=logstore_standard&id=0&user=8593&date=1773360000
2026-03-14,8593,DN24P0524 TRẦN THU NGÂN,0.59,1,70,0.4,1,0.0,HAS ANOMALIES,single_activity_loop,medium,"S1 [15:48-16:23, 0.59h]: single_activity_loop - 93% of events on ""Quiz: Unit 9 Key Vocabulary (11- 36)""",https://glow.paclinks.org/report/log/index.php?chooselog=1&logreader=logstore_standard&id=0&user=8593&date=1773446400
2026-03-16,8593,DN24P0524 TRẦN THU NGÂN,0.67,1,36,0.5,1,0.0,HAS ANOMALIES,single_activity_loop,medium,"S1 [12:02-12:42, 0.67h]: single_activity_loop - 92% of events on ""Quiz: Unit 5 Key Vocabulary (11 - 24)""",https://glow.paclinks.org/report/log/index.php?chooselog=1&logreader=logstore_standard&id=0&user=8593&date=1773619200
2026-03-17,8593,DN24P0524 TRẦN THU NGÂN,0.55,1,45,0.65,0,0.55,CLEAN,,,,https://glow.paclinks.org/report/log/index.php?chooselog=1&logreader=logstore_standard&id=0&user=8593&date=1773705600
2026-03-18,8593,DN24P0524 TRẦN THU NGÂN,0.27,1,47,0.8,0,0.27,CLEAN,,,,https://glow.paclinks.org/report/log/index.php?chooselog=1&logreader=logstore_standard&id=0&user=8593&date=1773792000
2026-03-19,8593,DN24P0524 TRẦN THU NGÂN,0.35,1,33,0.65,0,0.35,CLEAN,,,,https://glow.paclinks.org/report/log/index.php?chooselog=1&logreader=logstore_standard&id=0&user=8593&date=1773878400
2026-03-21,8593,DN24P0524 TRẦN THU NGÂN,0.62,2,33,0.57,0,0.62,CLEAN,,,,https://glow.paclinks.org/report/log/index.php?chooselog=1&logreader=logstore_standard&id=0&user=8593&date=1774051200
2026-03-22,8593,DN24P0524 TRẦN THU NGÂN,0.49,1,51,0.5,1,0.0,HAS ANOMALIES,single_activity_loop,medium,"S1 [12:41-13:11, 0.49h]: single_activity_loop - 92% of events on ""Quiz: Unit 10 Key Vocabulary (11 - 25)""",https://glow.paclinks.org/report/log/index.php?chooselog=1&logreader=logstore_standard&id=0&user=8593&date=1774137600
2026-03-23,8593,DN24P0524 TRẦN THU NGÂN,1.09,3,83,0.72,0,1.09,CLEAN,,,,https://glow.paclinks.org/report/log/index.php?chooselog=1&logreader=logstore_standard&id=0&user=8593&date=1774224000
2026-03-24,8593,DN24P0524 TRẦN THU NGÂN,0.53,1,48,0.35,1,0.0,REVIEW REQUIRED,single_activity_loop,medium,"S1 [07:15-07:47, 0.53h]: single_activity_loop - 100% of events on ""Quiz:  Unit 3 - Sentences (1 - 8)""",https://glow.paclinks.org/report/log/index.php?chooselog=1&logreader=logstore_standard&id=0&user=8593&date=1774310400
2026-03-25,8593,DN24P0524 TRẦN THU NGÂN,0.54,2,34,0.57,0,0.54,CLEAN,,,,https://glow.paclinks.org/report/log/index.php?chooselog=1&logreader=logstore_standard&id=0&user=8593&date=1774396800
2026-03-26,8593,DN24P0524 TRẦN THU NGÂN,0.19,1,41,0.65,0,0.19,CLEAN,,,,https://glow.paclinks.org/report/log/index.php?chooselog=1&logreader=logstore_standard&id=0&user=8593&date=1774483200
2026-03-27,8593,DN24P0524 TRẦN THU NGÂN,0.6,1,71,0.5,1,0.0,HAS ANOMALIES,single_activity_loop,medium,"S1 [19:28-20:04, 0.60h]: single_activity_loop - 90% of events on ""Quiz: Unit 9 Key Vocabulary (11- 36)""",https://glow.paclinks.org/report/log/index.php?chooselog=1&logreader=logstore_standard&id=0&user=8593&date=1774569600
2026-03-28,8593,DN24P0524 TRẦN THU NGÂN,0.37,1,40,0.65,0,0.37,CLEAN,,,,https://glow.paclinks.org/report/log/index.php?chooselog=1&logreader=logstore_standard&id=0&user=8593&date=1774656000
2026-03-29,8593,DN24P0524 TRẦN THU NGÂN,0.34,1,26,0.65,0,0.34,CLEAN,,,,https://glow.paclinks.org/report/log/index.php?chooselog=1&logreader=logstore_standard&id=0&user=8593&date=1774742400
2026-03-30,8593,DN24P0524 TRẦN THU NGÂN,0.48,1,37,0.65,0,0.48,CLEAN,,,,https://glow.paclinks.org/report/log/index.php?chooselog=1&logreader=logstore_standard&id=0&user=8593&date=1774828800
2026-03-31,8593,DN24P0524 TRẦN THU NGÂN,0.38,2,31,0.5,1,0.23,HAS ANOMALIES,single_activity_loop,medium,"S2 [10:02-10:11, 0.15h]: single_activity_loop - 100% of events on ""Quiz:  Unit 2 - Key vocabulary (11 - 20)""",https://glow.paclinks.org/report/log/index.php?chooselog=1&logreader=logstore_standard&id=0&user=8593&date=1774915200
2026-03-21,8595,DN24P0526 PHẠM QUỐC CƯỜNG,2.01,2,28,0.55,0,2.01,CLEAN,,,,https://glow.paclinks.org/report/log/index.php?chooselog=1&logreader=logstore_standard&id=0&user=8595&date=1774051200
2026-03-22,8595,DN24P0526 PHẠM QUỐC CƯỜNG,2.47,4,45,0.59,0,2.47,CLEAN,,,,https://glow.paclinks.org/report/log/index.php?chooselog=1&logreader=logstore_standard&id=0&user=8595&date=1774137600
2026-03-23,8595,DN24P0526 PHẠM QUỐC CƯỜNG,1.16,2,21,0.57,0,1.16,CLEAN,,,,https://glow.paclinks.org/report/log/index.php?chooselog=1&logreader=logstore_standard&id=0&user=8595&date=1774224000
2026-03-24,8595,DN24P0526 PHẠM QUỐC CƯỜNG,0.4,1,8,0.55,0,0.4,CLEAN,,,,https://glow.paclinks.org/report/log/index.php?chooselog=1&logreader=logstore_standard&id=0&user=8595&date=1774310400
2026-03-27,8595,DN24P0526 PHẠM QUỐC CƯỜNG,0.24,1,5,0.6,0,0.24,CLEAN,,,,https://glow.paclinks.org/report/log/index.php?chooselog=1&logreader=logstore_standard&id=0&user=8595&date=1774569600
2026-03-28,8595,DN24P0526 PHẠM QUỐC CƯỜNG,5.61,8,111,0.58,0,5.61,CLEAN,,,,https://glow.paclinks.org/report/log/index.php?chooselog=1&logreader=logstore_standard&id=0&user=8595&date=1774656000
2026-03-29,8595,DN24P0526 PHẠM QUỐC CƯỜNG,3.37,5,47,0.56,0,3.37,CLEAN,,,,https://glow.paclinks.org/report/log/index.php?chooselog=1&logreader=logstore_standard&id=0&user=8595&date=1774742400
2026-03-03,8747,DN24P0530 NGUYỄN VIẾT BẢO,0.08,1,5,0.55,0,0.08,CLEAN,,,,https://glow.paclinks.org/report/log/index.php?chooselog=1&logreader=logstore_standard&id=0&user=8747&date=1772496000
2026-03-05,8747,DN24P0530 NGUYỄN VIẾT BẢO,0.38,1,4,0.55,0,0.38,CLEAN,,,,https://glow.paclinks.org/report/log/index.php?chooselog=1&logreader=logstore_standard&id=0&user=8747&date=1772668800
2026-03-07,8747,DN24P0530 NGUYỄN VIẾT BẢO,0.79,1,9,0.55,0,0.79,CLEAN,,,,https://glow.paclinks.org/report/log/index.php?chooselog=1&logreader=logstore_standard&id=0&user=8747&date=1772841600
2026-03-08,8747,DN24P0530 NGUYỄN VIẾT BẢO,0.51,2,13,0.55,0,0.51,CLEAN,,,,https://glow.paclinks.org/report/log/index.php?chooselog=1&logreader=logstore_standard&id=0&user=8747&date=1772928000
2026-03-10,8747,DN24P0530 NGUYỄN VIẾT BẢO,0.07,1,3,0.55,0,0.07,CLEAN,,,,https://glow.paclinks.org/report/log/index.php?chooselog=1&logreader=logstore_standard&id=0&user=8747&date=1773100800
2026-03-12,8747,DN24P0530 NGUYỄN VIẾT BẢO,0.49,2,11,0.55,0,0.49,CLEAN,,,,https://glow.paclinks.org/report/log/index.php?chooselog=1&logreader=logstore_standard&id=0&user=8747&date=1773273600
2026-03-14,8747,DN24P0530 NGUYỄN VIẾT BẢO,0.37,2,14,0.55,0,0.37,CLEAN,,,,https://glow.paclinks.org/report/log/index.php?chooselog=1&logreader=logstore_standard&id=0&user=8747&date=1773446400
2026-03-15,8747,DN24P0530 NGUYỄN VIẾT BẢO,1.14,3,29,0.55,0,1.14,CLEAN,,,,https://glow.paclinks.org/report/log/index.php?chooselog=1&logreader=logstore_standard&id=0&user=8747&date=1773532800
2026-03-16,8747,DN24P0530 NGUYỄN VIẾT BẢO,1.38,4,30,0.55,0,1.38,CLEAN,,,,https://glow.paclinks.org/report/log/index.php?chooselog=1&logreader=logstore_standard&id=0&user=8747&date=1773619200
2026-03-18,8747,DN24P0530 NGUYỄN VIẾT BẢO,0.9,1,16,0.55,0,0.9,CLEAN,,,,https://glow.paclinks.org/report/log/index.php?chooselog=1&logreader=logstore_standard&id=0&user=8747&date=1773792000
2026-03-21,8747,DN24P0530 NGUYỄN VIẾT BẢO,0.88,2,14,0.55,0,0.88,CLEAN,,,,https://glow.paclinks.org/report/log/index.php?chooselog=1&logreader=logstore_standard&id=0&user=8747&date=1774051200
2026-03-22,8747,DN24P0530 NGUYỄN VIẾT BẢO,5.94,9,93,0.55,0,5.94,CLEAN,,,,https://glow.paclinks.org/report/log/index.php?chooselog=1&logreader=logstore_standard&id=0&user=8747&date=1774137600
2026-03-24,8747,DN24P0530 NGUYỄN VIẾT BẢO,0.85,1,15,0.55,0,0.85,CLEAN,,,,https://glow.paclinks.org/report/log/index.php?chooselog=1&logreader=logstore_standard&id=0&user=8747&date=1774310400
2026-03-28,8747,DN24P0530 NGUYỄN VIẾT BẢO,0.72,2,13,0.55,0,0.72,CLEAN,,,,https://glow.paclinks.org/report/log/index.php?chooselog=1&logreader=logstore_standard&id=0&user=8747&date=1774656000
2026-03-29,8747,DN24P0530 NGUYỄN VIẾT BẢO,0.62,1,9,0.55,0,0.62,CLEAN,,,,https://glow.paclinks.org/report/log/index.php?chooselog=1&logreader=logstore_standard&id=0&user=8747&date=1774742400
2026-03-01,9065,DN25G0552 Nguyễn Nam Hãn,0.6,1,5,0.5,0,0.6,CLEAN,,,,https://glow.paclinks.org/report/log/index.php?chooselog=1&logreader=logstore_standard&id=0&user=9065&date=1772323200
2026-03-07,9065,DN25G0552 Nguyễn Nam Hãn,0.41,1,5,0.55,0,0.41,CLEAN,,,,https://glow.paclinks.org/report/log/index.php?chooselog=1&logreader=logstore_standard&id=0&user=9065&date=1772841600
2026-03-08,9065,DN25G0552 Nguyễn Nam Hãn,0.72,1,13,0.55,0,0.72,CLEAN,,,,https://glow.paclinks.org/report/log/index.php?chooselog=1&logreader=logstore_standard&id=0&user=9065&date=1772928000
2026-03-10,9065,DN25G0552 Nguyễn Nam Hãn,0.79,2,15,0.53,0,0.79,CLEAN,,,,https://glow.paclinks.org/report/log/index.php?chooselog=1&logreader=logstore_standard&id=0&user=9065&date=1773100800
2026-03-11,9065,DN25G0552 Nguyễn Nam Hãn,1.67,1,41,0.55,0,1.67,CLEAN,,,,https://glow.paclinks.org/report/log/index.php?chooselog=1&logreader=logstore_standard&id=0&user=9065&date=1773187200
2026-03-12,9065,DN25G0552 Nguyễn Nam Hãn,0.08,1,8,0.55,0,0.08,CLEAN,,,,https://glow.paclinks.org/report/log/index.php?chooselog=1&logreader=logstore_standard&id=0&user=9065&date=1773273600
2026-03-13,9065,DN25G0552 Nguyễn Nam Hãn,2.09,1,60,0.5,1,0.0,HAS ANOMALIES,single_activity_loop,medium,"S1 [13:56-16:02, 2.09h]: single_activity_loop - 92% of events on ""Quiz: Pronunciation - Practice 3""",https://glow.paclinks.org/report/log/index.php?chooselog=1&logreader=logstore_standard&id=0&user=9065&date=1773360000
2026-03-14,9065,DN25G0552 Nguyễn Nam Hãn,0.07,1,13,0.55,0,0.07,CLEAN,,,,https://glow.paclinks.org/report/log/index.php?chooselog=1&logreader=logstore_standard&id=0&user=9065&date=1773446400
2026-03-20,9065,DN25G0552 Nguyễn Nam Hãn,1.21,3,18,0.52,0,1.21,CLEAN,,,,https://glow.paclinks.org/report/log/index.php?chooselog=1&logreader=logstore_standard&id=0&user=9065&date=1773964800
2026-03-24,9065,DN25G0552 Nguyễn Nam Hãn,1.3,2,29,0.47,1,0.77,HAS ANOMALIES,single_activity_loop,medium,"S2 [16:35-17:07, 0.54h]: single_activity_loop - 100% of events on ""Quiz: Pronunciation - Practice 2""",https://glow.paclinks.org/report/log/index.php?chooselog=1&logreader=logstore_standard&id=0&user=9065&date=1774310400
2026-03-25,9065,DN25G0552 Nguyễn Nam Hãn,0.96,3,41,0.57,0,0.96,CLEAN,,,,https://glow.paclinks.org/report/log/index.php?chooselog=1&logreader=logstore_standard&id=0&user=9065&date=1774396800
2026-03-28,9065,DN25G0552 Nguyễn Nam Hãn,0.53,1,17,0.7,0,0.53,CLEAN,,,,https://glow.paclinks.org/report/log/index.php?chooselog=1&logreader=logstore_standard&id=0&user=9065&date=1774656000
2026-03-15,9067,DN25G0555 Phan Quỳnh Nhi,6.59,7,124,0.54,1,5.71,HAS ANOMALIES,single_activity_loop,medium,"S6 [21:20-22:12, 0.87h]: single_activity_loop - 100% of events on ""Quiz: Unit 1 - Key Vocabulary (11-20)""",https://glow.paclinks.org/report/log/index.php?chooselog=1&logreader=logstore_standard&id=0&user=9067&date=1773532800
2026-03-16,9067,DN25G0555 Phan Quỳnh Nhi,0.94,1,24,0.65,0,0.94,CLEAN,,,,https://glow.paclinks.org/report/log/index.php?chooselog=1&logreader=logstore_standard&id=0&user=9067&date=1773619200
2026-03-29,9067,DN25G0555 Phan Quỳnh Nhi,0.86,1,20,0.55,0,0.86,CLEAN,,,,https://glow.paclinks.org/report/log/index.php?chooselog=1&logreader=logstore_standard&id=0&user=9067&date=1774742400
2026-03-30,9067,DN25G0555 Phan Quỳnh Nhi,1.05,2,21,0.53,0,1.05,CLEAN,,,,https://glow.paclinks.org/report/log/index.php?chooselog=1&logreader=logstore_standard&id=0&user=9067&date=1774828800
2026-03-31,9067,DN25G0555 Phan Quỳnh Nhi,3.66,6,80,0.58,0,3.66,CLEAN,,,,https://glow.paclinks.org/report/log/index.php?chooselog=1&logreader=logstore_standard&id=0&user=9067&date=1774915200
2026-03-02,9073,DN25P0536 Văn Hoàng Viễn,0.88,1,55,0.4,1,0.0,HAS ANOMALIES,single_activity_loop,medium,"S1 [21:05-21:57, 0.88h]: single_activity_loop - 96% of events on ""Course: English for Starters""",https://glow.paclinks.org/report/log/index.php?chooselog=1&logreader=logstore_standard&id=0&user=9073&date=1772409600
2026-03-11,9077,DN25P0540 Lê Đăng Phương Oanh,1.09,2,38,0.57,0,1.09,CLEAN,,,,https://glow.paclinks.org/report/log/index.php?chooselog=1&logreader=logstore_standard&id=0&user=9077&date=1773187200
2026-03-30,9077,DN25P0540 Lê Đăng Phương Oanh,0.63,2,84,0.72,0,0.63,CLEAN,,,,https://glow.paclinks.org/report/log/index.php?chooselog=1&logreader=logstore_standard&id=0&user=9077&date=1774828800
2026-03-01,9078,DN25P0541 Nguyễn Phúc Huy,0.06,1,4,0.5,0,0.06,CLEAN,,,,https://glow.paclinks.org/report/log/index.php?chooselog=1&logreader=logstore_standard&id=0&user=9078&date=1772323200
2026-03-12,9079,DN25P0542 Nguyễn Thị Ngân Hà,0.15,1,6,0.55,0,0.15,CLEAN,,,,https://glow.paclinks.org/report/log/index.php?chooselog=1&logreader=logstore_standard&id=0&user=9079&date=1773273600
2026-03-13,9079,DN25P0542 Nguyễn Thị Ngân Hà,0.09,1,6,0.55,0,0.09,CLEAN,,,,https://glow.paclinks.org/report/log/index.php?chooselog=1&logreader=logstore_standard&id=0&user=9079&date=1773360000
2026-03-15,9079,DN25P0542 Nguyễn Thị Ngân Hà,0.29,1,10,0.55,0,0.29,CLEAN,,,,https://glow.paclinks.org/report/log/index.php?chooselog=1&logreader=logstore_standard&id=0&user=9079&date=1773532800
2026-03-30,9079,DN25P0542 Nguyễn Thị Ngân Hà,0.4,2,12,0.55,0,0.4,CLEAN,,,,https://glow.paclinks.org/report/log/index.php?chooselog=1&logreader=logstore_standard&id=0&user=9079&date=1774828800
2026-03-31,9079,DN25P0542 Nguyễn Thị Ngân Hà,0.08,1,6,0.55,0,0.08,CLEAN,,,,https://glow.paclinks.org/report/log/index.php?chooselog=1&logreader=logstore_standard&id=0&user=9079&date=1774915200
2026-03-04,9082,DN25P0545 Nguyễn Ngọc Diệp,0.37,1,21,0.55,0,0.37,CLEAN,,,,https://glow.paclinks.org/report/log/index.php?chooselog=1&logreader=logstore_standard&id=0&user=9082&date=1772582400
2026-03-04,9083,DN25P0546 Lê Huỳnh Trúc Ngân,0.09,1,8,0.55,0,0.09,CLEAN,,,,https://glow.paclinks.org/report/log/index.php?chooselog=1&logreader=logstore_standard&id=0&user=9083&date=1772582400
2026-03-05,9083,DN25P0546 Lê Huỳnh Trúc Ngân,0.29,1,33,0.55,0,0.29,CLEAN,,,,https://glow.paclinks.org/report/log/index.php?chooselog=1&logreader=logstore_standard&id=0&user=9083&date=1772668800
2026-03-01,9449,DN25U0004 Nguyễn Nữ Trà Giang,0.52,2,9,0.57,0,0.52,CLEAN,,,,https://glow.paclinks.org/report/log/index.php?chooselog=1&logreader=logstore_standard&id=0&user=9449&date=1772323200
2026-03-02,9449,DN25U0004 Nguyễn Nữ Trà Giang,0.47,3,18,0.57,0,0.47,CLEAN,,,,https://glow.paclinks.org/report/log/index.php?chooselog=1&logreader=logstore_standard&id=0&user=9449&date=1772409600
2026-03-03,9449,DN25U0004 Nguyễn Nữ Trà Giang,0.05,1,8,0.55,0,0.05,CLEAN,,,,https://glow.paclinks.org/report/log/index.php?chooselog=1&logreader=logstore_standard&id=0&user=9449&date=1772496000
2026-03-04,9449,DN25U0004 Nguyễn Nữ Trà Giang,1.48,5,121,0.64,2,1.17,HAS ANOMALIES,multi_ip; excessive_events,low; medium,"S2 [09:14-09:28, 0.24h]: multi_ip - 5 IPs: 115.78.100.76, 42.119.228.206, 14.161.6.190, 203.205.32.65, 42.116.6.46
S5 [22:38-22:42, 0.07h]: excessive_events - 726 events/hr (max=300)",https://glow.paclinks.org/report/log/index.php?chooselog=1&logreader=logstore_standard&id=0&user=9449&date=1772582400
2026-03-05,9449,DN25U0004 Nguyễn Nữ Trà Giang,1.14,3,70,0.63,1,1.08,HAS ANOMALIES,multi_ip,low,"S2 [11:43-11:47, 0.05h]: multi_ip - 5 IPs: 115.78.100.76, 42.119.228.206, 14.161.6.190, 203.205.32.65, 113.161.34.227",https://glow.paclinks.org/report/log/index.php?chooselog=1&logreader=logstore_standard&id=0&user=9449&date=1772668800
2026-03-06,9449,DN25U0004 Nguyễn Nữ Trà Giang,0.88,2,32,0.62,1,0.52,HAS ANOMALIES,multi_ip,low,"S1 [09:27-09:49, 0.36h]: multi_ip - 5 IPs: 42.119.228.206, 14.161.6.190, 115.78.13.71, 203.205.32.65, 42.116.6.46",https://glow.paclinks.org/report/log/index.php?chooselog=1&logreader=logstore_standard&id=0&user=9449&date=1772755200
2026-03-07,9449,DN25U0004 Nguyễn Nữ Trà Giang,2.99,2,496,0.77,1,2.61,HAS ANOMALIES,multi_ip,low,"S1 [13:34-13:57, 0.38h]: multi_ip - 7 IPs: 115.78.100.76, 14.161.6.190, 115.78.13.71, 203.205.32.65, 42.116.6.46",https://glow.paclinks.org/report/log/index.php?chooselog=1&logreader=logstore_standard&id=0&user=9449&date=1772841600
2026-03-08,9449,DN25U0004 Nguyễn Nữ Trà Giang,2.1,4,106,0.71,0,2.1,CLEAN,,,,https://glow.paclinks.org/report/log/index.php?chooselog=1&logreader=logstore_standard&id=0&user=9449&date=1772928000
2026-03-10,9449,DN25U0004 Nguyễn Nữ Trà Giang,0.79,2,19,0.55,1,0.59,HAS ANOMALIES,multi_ip,low,"S2 [16:40-16:52, 0.20h]: multi_ip - 6 IPs: 115.78.100.76, 14.161.6.190, 101.99.36.202, 203.205.32.65, 113.161.34.227",https://glow.paclinks.org/report/log/index.php?chooselog=1&logreader=logstore_standard&id=0&user=9449&date=1773100800
2026-03-12,9449,DN25U0004 Nguyễn Nữ Trà Giang,0.15,1,6,0.55,0,0.15,CLEAN,,,,https://glow.paclinks.org/report/log/index.php?chooselog=1&logreader=logstore_standard&id=0&user=9449&date=1773273600
2026-03-14,9449,DN25U0004 Nguyễn Nữ Trà Giang,1.65,5,214,0.62,2,1.46,HAS ANOMALIES,excessive_events; multi_ip,medium; low,"S1 [06:28-06:31, 0.05h]: excessive_events - 341 events/hr (max=300)
S3 [13:31-13:40, 0.14h]: multi_ip - 4 IPs: 203.205.32.65, 115.78.100.76, 1.52.185.67, 113.161.34.227",https://glow.paclinks.org/report/log/index.php?chooselog=1&logreader=logstore_standard&id=0&user=9449&date=1773446400
2026-03-15,9449,DN25U0004 Nguyễn Nữ Trà Giang,1.25,2,350,0.85,0,1.25,CLEAN,,,,https://glow.paclinks.org/report/log/index.php?chooselog=1&logreader=logstore_standard&id=0&user=9449&date=1773532800
2026-03-16,9449,DN25U0004 Nguyễn Nữ Trà Giang,0.86,2,31,0.6,1,0.6,HAS ANOMALIES,multi_ip,low,"S2 [07:39-07:54, 0.26h]: multi_ip - 6 IPs: 115.78.100.76, 14.161.6.190, 101.99.36.202, 115.78.13.71, 113.161.34.227",https://glow.paclinks.org/report/log/index.php?chooselog=1&logreader=logstore_standard&id=0&user=9449&date=1773619200
2026-03-19,9449,DN25U0004 Nguyễn Nữ Trà Giang,0.26,1,8,0.55,1,0.0,HAS ANOMALIES,multi_ip,low,"S1 [08:34-08:50, 0.26h]: multi_ip - 4 IPs: 14.161.6.190, 101.99.36.202, 1.52.185.67, 42.116.6.46",https://glow.paclinks.org/report/log/index.php?chooselog=1&logreader=logstore_standard&id=0&user=9449&date=1773878400
2026-03-20,9449,DN25U0004 Nguyễn Nữ Trà Giang,0.3,2,67,0.62,1,0.16,HAS ANOMALIES,excessive_events,medium,"S2 [13:16-13:25, 0.14h]: excessive_events - 452 events/hr (max=300)",https://glow.paclinks.org/report/log/index.php?chooselog=1&logreader=logstore_standard&id=0&user=9449&date=1773964800
2026-03-21,9449,DN25U0004 Nguyễn Nữ Trà Giang,1.53,2,138,0.7,0,1.53,CLEAN,,,,https://glow.paclinks.org/report/log/index.php?chooselog=1&logreader=logstore_standard&id=0&user=9449&date=1774051200
2026-03-22,9449,DN25U0004 Nguyễn Nữ Trà Giang,2.3,7,203,0.68,0,2.3,CLEAN,,,,https://glow.paclinks.org/report/log/index.php?chooselog=1&logreader=logstore_standard&id=0&user=9449&date=1774137600
2026-03-24,9449,DN25U0004 Nguyễn Nữ Trà Giang,0.33,2,22,0.57,1,0.17,HAS ANOMALIES,multi_ip,low,"S1 [10:13-10:23, 0.16h]: multi_ip - 5 IPs: 115.78.100.76, 14.161.6.190, 101.99.36.202, 203.205.32.65, 42.116.6.46",https://glow.paclinks.org/report/log/index.php?chooselog=1&logreader=logstore_standard&id=0&user=9449&date=1774310400
2026-03-25,9449,DN25U0004 Nguyễn Nữ Trà Giang,0.15,1,12,0.6,0,0.15,CLEAN,,,,https://glow.paclinks.org/report/log/index.php?chooselog=1&logreader=logstore_standard&id=0&user=9449&date=1774396800
2026-03-31,9449,DN25U0004 Nguyễn Nữ Trà Giang,0.08,1,9,0.55,0,0.08,CLEAN,,,,https://glow.paclinks.org/report/log/index.php?chooselog=1&logreader=logstore_standard&id=0&user=9449&date=1774915200
2026-03-10,7846,DT22P0726 Lê Thị Kim Đồng,0.31,1,38,0.65,0,0.31,CLEAN,,,,https://glow.paclinks.org/report/log/index.php?chooselog=1&logreader=logstore_standard&id=0&user=7846&date=1773100800
2026-03-19,7846,DT22P0726 Lê Thị Kim Đồng,0.15,1,17,0.55,0,0.15,CLEAN,,,,https://glow.paclinks.org/report/log/index.php?chooselog=1&logreader=logstore_standard&id=0&user=7846&date=1773878400
2026-03-26,7846,DT22P0726 Lê Thị Kim Đồng,0.2,1,19,0.55,0,0.2,CLEAN,,,,https://glow.paclinks.org/report/log/index.php?chooselog=1&logreader=logstore_standard&id=0&user=7846&date=1774483200
2026-03-22,8397,DT23P0688 Trần Lê Thanh Nhã,0.33,1,5,0.55,0,0.33,CLEAN,,,,https://glow.paclinks.org/report/log/index.php?chooselog=1&logreader=logstore_standard&id=0&user=8397&date=1774137600
2026-03-23,8397,DT23P0688 Trần Lê Thanh Nhã,0.62,1,14,0.55,0,0.62,CLEAN,,,,https://glow.paclinks.org/report/log/index.php?chooselog=1&logreader=logstore_standard&id=0&user=8397&date=1774224000
2026-03-02,8398,DT23P0741 Lê Thị Huỳnh Sen,0.16,1,9,0.55,0,0.16,CLEAN,,,,https://glow.paclinks.org/report/log/index.php?chooselog=1&logreader=logstore_standard&id=0&user=8398&date=1772409600
2026-03-03,8398,DT23P0741 Lê Thị Huỳnh Sen,0.3,1,9,0.55,0,0.3,CLEAN,,,,https://glow.paclinks.org/report/log/index.php?chooselog=1&logreader=logstore_standard&id=0&user=8398&date=1772496000
2026-03-04,8398,DT23P0741 Lê Thị Huỳnh Sen,0.22,2,16,0.68,0,0.22,CLEAN,,,,https://glow.paclinks.org/report/log/index.php?chooselog=1&logreader=logstore_standard&id=0&user=8398&date=1772582400
2026-03-05,8398,DT23P0741 Lê Thị Huỳnh Sen,0.81,2,30,0.55,0,0.81,CLEAN,,,,https://glow.paclinks.org/report/log/index.php?chooselog=1&logreader=logstore_standard&id=0&user=8398&date=1772668800
2026-03-06,8398,DT23P0741 Lê Thị Huỳnh Sen,0.72,1,20,0.65,0,0.72,CLEAN,,,,https://glow.paclinks.org/report/log/index.php?chooselog=1&logreader=logstore_standard&id=0&user=8398&date=1772755200
2026-03-07,8398,DT23P0741 Lê Thị Huỳnh Sen,0.24,1,12,0.55,0,0.24,CLEAN,,,,https://glow.paclinks.org/report/log/index.php?chooselog=1&logreader=logstore_standard&id=0&user=8398&date=1772841600
2026-03-08,8398,DT23P0741 Lê Thị Huỳnh Sen,0.1,1,5,0.55,0,0.1,CLEAN,,,,https://glow.paclinks.org/report/log/index.php?chooselog=1&logreader=logstore_standard&id=0&user=8398&date=1772928000
2026-03-10,8398,DT23P0741 Lê Thị Huỳnh Sen,1.02,5,30,0.54,0,1.02,CLEAN,,,,https://glow.paclinks.org/report/log/index.php?chooselog=1&logreader=logstore_standard&id=0&user=8398&date=1773100800
2026-03-12,8398,DT23P0741 Lê Thị Huỳnh Sen,0.2,1,7,0.55,0,0.2,CLEAN,,,,https://glow.paclinks.org/report/log/index.php?chooselog=1&logreader=logstore_standard&id=0&user=8398&date=1773273600
2026-03-14,8398,DT23P0741 Lê Thị Huỳnh Sen,0.25,2,26,0.6,0,0.25,CLEAN,,,,https://glow.paclinks.org/report/log/index.php?chooselog=1&logreader=logstore_standard&id=0&user=8398&date=1773446400
2026-03-16,8398,DT23P0741 Lê Thị Huỳnh Sen,0.75,3,31,0.57,0,0.75,CLEAN,,,,https://glow.paclinks.org/report/log/index.php?chooselog=1&logreader=logstore_standard&id=0&user=8398&date=1773619200
2026-03-18,8398,DT23P0741 Lê Thị Huỳnh Sen,0.4,3,21,0.58,0,0.4,CLEAN,,,,https://glow.paclinks.org/report/log/index.php?chooselog=1&logreader=logstore_standard&id=0&user=8398&date=1773792000
2026-03-21,8398,DT23P0741 Lê Thị Huỳnh Sen,0.61,3,19,0.53,0,0.61,CLEAN,,,,https://glow.paclinks.org/report/log/index.php?chooselog=1&logreader=logstore_standard&id=0&user=8398&date=1774051200
2026-03-22,8398,DT23P0741 Lê Thị Huỳnh Sen,1.04,3,41,0.57,0,1.04,CLEAN,,,,https://glow.paclinks.org/report/log/index.php?chooselog=1&logreader=logstore_standard&id=0&user=8398&date=1774137600
2026-03-23,8398,DT23P0741 Lê Thị Huỳnh Sen,2.06,4,68,0.54,0,2.06,CLEAN,,,,https://glow.paclinks.org/report/log/index.php?chooselog=1&logreader=logstore_standard&id=0&user=8398&date=1774224000
2026-03-24,8398,DT23P0741 Lê Thị Huỳnh Sen,1.23,3,79,0.65,0,1.23,CLEAN,,,,https://glow.paclinks.org/report/log/index.php?chooselog=1&logreader=logstore_standard&id=0&user=8398&date=1774310400
2026-03-25,8398,DT23P0741 Lê Thị Huỳnh Sen,1.1,4,38,0.55,0,1.1,CLEAN,,,,https://glow.paclinks.org/report/log/index.php?chooselog=1&logreader=logstore_standard&id=0&user=8398&date=1774396800
2026-03-26,8398,DT23P0741 Lê Thị Huỳnh Sen,0.26,3,18,0.55,0,0.26,CLEAN,,,,https://glow.paclinks.org/report/log/index.php?chooselog=1&logreader=logstore_standard&id=0&user=8398&date=1774483200
2026-03-27,8398,DT23P0741 Lê Thị Huỳnh Sen,0.93,2,30,0.48,1,0.63,HAS ANOMALIES,single_activity_loop,medium,"S1 [05:47-06:05, 0.30h]: single_activity_loop - 91% of events on ""Quiz: Unit 1 - Key Vocabulary (11-20)""",https://glow.paclinks.org/report/log/index.php?chooselog=1&logreader=logstore_standard&id=0&user=8398&date=1774569600
2026-03-28,8398,DT23P0741 Lê Thị Huỳnh Sen,1.4,5,47,0.59,0,1.4,CLEAN,,,,https://glow.paclinks.org/report/log/index.php?chooselog=1&logreader=logstore_standard&id=0&user=8398&date=1774656000
2026-03-30,8398,DT23P0741 Lê Thị Huỳnh Sen,0.61,3,26,0.57,0,0.61,CLEAN,,,,https://glow.paclinks.org/report/log/index.php?chooselog=1&logreader=logstore_standard&id=0&user=8398&date=1774828800
2026-03-31,8398,DT23P0741 Lê Thị Huỳnh Sen,0.4,2,14,0.55,0,0.4,CLEAN,,,,https://glow.paclinks.org/report/log/index.php?chooselog=1&logreader=logstore_standard&id=0&user=8398&date=1774915200
2026-03-02,8399,DT23P0742 Đỗ Thị Trâm Anh,0.95,2,14,0.55,0,0.95,CLEAN,,,,https://glow.paclinks.org/report/log/index.php?chooselog=1&logreader=logstore_standard&id=0&user=8399&date=1772409600
2026-03-03,8399,DT23P0742 Đỗ Thị Trâm Anh,1.85,2,9,0.53,0,1.85,CLEAN,,,,https://glow.paclinks.org/report/log/index.php?chooselog=1&logreader=logstore_standard&id=0&user=8399&date=1772496000
2026-03-04,8399,DT23P0742 Đỗ Thị Trâm Anh,1.33,1,15,0.6,0,1.33,CLEAN,,,,https://glow.paclinks.org/report/log/index.php?chooselog=1&logreader=logstore_standard&id=0&user=8399&date=1772582400
2026-03-05,8399,DT23P0742 Đỗ Thị Trâm Anh,2.09,2,15,0.53,0,2.09,CLEAN,,,,https://glow.paclinks.org/report/log/index.php?chooselog=1&logreader=logstore_standard&id=0&user=8399&date=1772668800
2026-03-06,8399,DT23P0742 Đỗ Thị Trâm Anh,0.06,1,13,0.55,0,0.06,CLEAN,,,,https://glow.paclinks.org/report/log/index.php?chooselog=1&logreader=logstore_standard&id=0&user=8399&date=1772755200
2026-03-07,8399,DT23P0742 Đỗ Thị Trâm Anh,1.49,1,12,0.55,0,1.49,CLEAN,,,,https://glow.paclinks.org/report/log/index.php?chooselog=1&logreader=logstore_standard&id=0&user=8399&date=1772841600
2026-03-08,8399,DT23P0742 Đỗ Thị Trâm Anh,0.46,1,3,0.5,0,0.46,CLEAN,,,,https://glow.paclinks.org/report/log/index.php?chooselog=1&logreader=logstore_standard&id=0&user=8399&date=1772928000
2026-03-09,8399,DT23P0742 Đỗ Thị Trâm Anh,2.03,1,15,0.55,0,2.03,CLEAN,,,,https://glow.paclinks.org/report/log/index.php?chooselog=1&logreader=logstore_standard&id=0&user=8399&date=1773014400
2026-03-10,8399,DT23P0742 Đỗ Thị Trâm Anh,0.82,1,9,0.55,0,0.82,CLEAN,,,,https://glow.paclinks.org/report/log/index.php?chooselog=1&logreader=logstore_standard&id=0&user=8399&date=1773100800
2026-03-11,8399,DT23P0742 Đỗ Thị Trâm Anh,3.53,2,19,0.53,0,3.53,CLEAN,,,,https://glow.paclinks.org/report/log/index.php?chooselog=1&logreader=logstore_standard&id=0&user=8399&date=1773187200
2026-03-12,8399,DT23P0742 Đỗ Thị Trâm Anh,0.91,1,13,0.55,0,0.91,CLEAN,,,,https://glow.paclinks.org/report/log/index.php?chooselog=1&logreader=logstore_standard&id=0&user=8399&date=1773273600
2026-03-13,8399,DT23P0742 Đỗ Thị Trâm Anh,2.64,2,12,0.53,0,2.64,CLEAN,,,,https://glow.paclinks.org/report/log/index.php?chooselog=1&logreader=logstore_standard&id=0&user=8399&date=1773360000
2026-03-15,8399,DT23P0742 Đỗ Thị Trâm Anh,0.79,2,14,0.55,0,0.79,CLEAN,,,,https://glow.paclinks.org/report/log/index.php?chooselog=1&logreader=logstore_standard&id=0&user=8399&date=1773532800
2026-03-16,8399,DT23P0742 Đỗ Thị Trâm Anh,0.86,2,11,0.55,0,0.86,CLEAN,,,,https://glow.paclinks.org/report/log/index.php?chooselog=1&logreader=logstore_standard&id=0&user=8399&date=1773619200
2026-03-17,8399,DT23P0742 Đỗ Thị Trâm Anh,2.02,2,13,0.53,0,2.02,CLEAN,,,,https://glow.paclinks.org/report/log/index.php?chooselog=1&logreader=logstore_standard&id=0&user=8399&date=1773705600
2026-03-18,8399,DT23P0742 Đỗ Thị Trâm Anh,2.71,3,22,0.53,0,2.71,CLEAN,,,,https://glow.paclinks.org/report/log/index.php?chooselog=1&logreader=logstore_standard&id=0&user=8399&date=1773792000
2026-03-19,8399,DT23P0742 Đỗ Thị Trâm Anh,0.94,2,15,0.55,0,0.94,CLEAN,,,,https://glow.paclinks.org/report/log/index.php?chooselog=1&logreader=logstore_standard&id=0&user=8399&date=1773878400
2026-03-20,8399,DT23P0742 Đỗ Thị Trâm Anh,0.52,1,3,0.5,0,0.52,CLEAN,,,,https://glow.paclinks.org/report/log/index.php?chooselog=1&logreader=logstore_standard&id=0&user=8399&date=1773964800
2026-03-23,8399,DT23P0742 Đỗ Thị Trâm Anh,1.8,1,11,0.55,0,1.8,CLEAN,,,,https://glow.paclinks.org/report/log/index.php?chooselog=1&logreader=logstore_standard&id=0&user=8399&date=1774224000
2026-03-25,8399,DT23P0742 Đỗ Thị Trâm Anh,0.72,2,9,0.53,0,0.72,CLEAN,,,,https://glow.paclinks.org/report/log/index.php?chooselog=1&logreader=logstore_standard&id=0&user=8399&date=1774396800
2026-03-28,8399,DT23P0742 Đỗ Thị Trâm Anh,0.27,1,12,0.55,0,0.27,CLEAN,,,,https://glow.paclinks.org/report/log/index.php?chooselog=1&logreader=logstore_standard&id=0&user=8399&date=1774656000
2026-03-29,8399,DT23P0742 Đỗ Thị Trâm Anh,2.52,2,22,0.55,0,2.52,CLEAN,,,,https://glow.paclinks.org/report/log/index.php?chooselog=1&logreader=logstore_standard&id=0&user=8399&date=1774742400
2026-03-30,8399,DT23P0742 Đỗ Thị Trâm Anh,3.82,3,21,0.52,0,3.82,CLEAN,,,,https://glow.paclinks.org/report/log/index.php?chooselog=1&logreader=logstore_standard&id=0&user=8399&date=1774828800
2026-03-31,8399,DT23P0742 Đỗ Thị Trâm Anh,2.63,1,11,0.35,1,0.0,REVIEW REQUIRED,single_activity_loop,medium,"S1 [19:33-22:10, 2.63h]: single_activity_loop - 100% of events on ""Interactive Content: Reading""",https://glow.paclinks.org/report/log/index.php?chooselog=1&logreader=logstore_standard&id=0&user=8399&date=1774915200
2026-03-03,8400,DT23P0743 Trần Thị Mỹ Anh,0.2,1,8,0.55,0,0.2,CLEAN,,,,https://glow.paclinks.org/report/log/index.php?chooselog=1&logreader=logstore_standard&id=0&user=8400&date=1772496000
2026-03-04,8400,DT23P0743 Trần Thị Mỹ Anh,0.3,2,13,0.53,0,0.3,CLEAN,,,,https://glow.paclinks.org/report/log/index.php?chooselog=1&logreader=logstore_standard&id=0&user=8400&date=1772582400
2026-03-05,8400,DT23P0743 Trần Thị Mỹ Anh,0.07,1,2,0.55,0,0.07,CLEAN,,,,https://glow.paclinks.org/report/log/index.php?chooselog=1&logreader=logstore_standard&id=0&user=8400&date=1772668800
2026-03-07,8400,DT23P0743 Trần Thị Mỹ Anh,0.26,1,6,0.55,0,0.26,CLEAN,,,,https://glow.paclinks.org/report/log/index.php?chooselog=1&logreader=logstore_standard&id=0&user=8400&date=1772841600
2026-03-08,8400,DT23P0743 Trần Thị Mỹ Anh,0.46,2,11,0.55,0,0.46,CLEAN,,,,https://glow.paclinks.org/report/log/index.php?chooselog=1&logreader=logstore_standard&id=0&user=8400&date=1772928000
2026-03-09,8400,DT23P0743 Trần Thị Mỹ Anh,0.11,1,5,0.55,0,0.11,CLEAN,,,,https://glow.paclinks.org/report/log/index.php?chooselog=1&logreader=logstore_standard&id=0&user=8400&date=1773014400
2026-03-10,8400,DT23P0743 Trần Thị Mỹ Anh,0.58,4,16,0.55,0,0.58,CLEAN,,,,https://glow.paclinks.org/report/log/index.php?chooselog=1&logreader=logstore_standard&id=0&user=8400&date=1773100800
2026-03-11,8400,DT23P0743 Trần Thị Mỹ Anh,0.42,2,14,0.55,0,0.42,CLEAN,,,,https://glow.paclinks.org/report/log/index.php?chooselog=1&logreader=logstore_standard&id=0&user=8400&date=1773187200
2026-03-12,8400,DT23P0743 Trần Thị Mỹ Anh,0.16,1,5,0.55,0,0.16,CLEAN,,,,https://glow.paclinks.org/report/log/index.php?chooselog=1&logreader=logstore_standard&id=0&user=8400&date=1773273600
2026-03-13,8400,DT23P0743 Trần Thị Mỹ Anh,0.11,1,6,0.55,0,0.11,CLEAN,,,,https://glow.paclinks.org/report/log/index.php?chooselog=1&logreader=logstore_standard&id=0&user=8400&date=1773360000
2026-03-17,8400,DT23P0743 Trần Thị Mỹ Anh,0.26,2,10,0.55,0,0.26,CLEAN,,,,https://glow.paclinks.org/report/log/index.php?chooselog=1&logreader=logstore_standard&id=0&user=8400&date=1773705600
2026-03-18,8400,DT23P0743 Trần Thị Mỹ Anh,0.14,1,3,0.55,0,0.14,CLEAN,,,,https://glow.paclinks.org/report/log/index.php?chooselog=1&logreader=logstore_standard&id=0&user=8400&date=1773792000
2026-03-19,8400,DT23P0743 Trần Thị Mỹ Anh,0.18,1,4,0.55,0,0.18,CLEAN,,,,https://glow.paclinks.org/report/log/index.php?chooselog=1&logreader=logstore_standard&id=0&user=8400&date=1773878400
2026-03-01,8401,DT23P0744 Đỗ Kim Đầm,0.22,1,21,0.55,0,0.22,CLEAN,,,,https://glow.paclinks.org/report/log/index.php?chooselog=1&logreader=logstore_standard&id=0&user=8401&date=1772323200
2026-03-04,8402,DT23P0745 Lê Ngọc Lụa,0.67,3,21,0.55,0,0.67,CLEAN,,,,https://glow.paclinks.org/report/log/index.php?chooselog=1&logreader=logstore_standard&id=0&user=8402&date=1772582400
2026-03-19,8402,DT23P0745 Lê Ngọc Lụa,0.14,1,10,0.55,0,0.14,CLEAN,,,,https://glow.paclinks.org/report/log/index.php?chooselog=1&logreader=logstore_standard&id=0&user=8402&date=1773878400
2026-03-25,8402,DT23P0745 Lê Ngọc Lụa,1.23,2,10,0.53,0,1.23,CLEAN,,,,https://glow.paclinks.org/report/log/index.php?chooselog=1&logreader=logstore_standard&id=0&user=8402&date=1774396800
2026-03-29,8402,DT23P0745 Lê Ngọc Lụa,0.33,1,6,0.55,0,0.33,CLEAN,,,,https://glow.paclinks.org/report/log/index.php?chooselog=1&logreader=logstore_standard&id=0&user=8402&date=1774742400
2026-03-31,8402,DT23P0745 Lê Ngọc Lụa,0.39,1,3,0.55,0,0.39,CLEAN,,,,https://glow.paclinks.org/report/log/index.php?chooselog=1&logreader=logstore_standard&id=0&user=8402&date=1774915200
2026-03-01,8405,DT23P0748 Lê Thảo Như,0.16,2,35,0.57,1,0.11,HAS ANOMALIES,excessive_events,medium,"S2 [11:01-11:05, 0.06h]: excessive_events - 488 events/hr (max=300)",https://glow.paclinks.org/report/log/index.php?chooselog=1&logreader=logstore_standard&id=0&user=8405&date=1772323200
2026-03-02,8405,DT23P0748 Lê Thảo Như,0.65,2,33,0.5,1,0.13,HAS ANOMALIES,single_activity_loop,medium,"S2 [17:25-17:55, 0.51h]: single_activity_loop - 100% of events on ""Quiz: Speaking""",https://glow.paclinks.org/report/log/index.php?chooselog=1&logreader=logstore_standard&id=0&user=8405&date=1772409600
2026-03-03,8405,DT23P0748 Lê Thảo Như,0.62,2,17,0.6,0,0.62,CLEAN,,,,https://glow.paclinks.org/report/log/index.php?chooselog=1&logreader=logstore_standard&id=0&user=8405&date=1772496000
2026-03-04,8405,DT23P0748 Lê Thảo Như,0.8,2,64,0.57,1,0.19,HAS ANOMALIES,single_activity_loop,medium,"S2 [18:42-19:18, 0.60h]: single_activity_loop - 96% of events on ""Quiz: Speaking""",https://glow.paclinks.org/report/log/index.php?chooselog=1&logreader=logstore_standard&id=0&user=8405&date=1772582400
2026-03-05,8405,DT23P0748 Lê Thảo Như,0.36,2,41,0.5,2,0.3,HAS ANOMALIES,excessive_events; single_activity_loop,medium; medium,"S2 [19:59-20:02, 0.06h]: excessive_events - 483 events/hr (max=300); single_activity_loop - 93% of events on ""Quiz: Unit 14 Key Vocabulary (1 - 13)""",https://glow.paclinks.org/report/log/index.php?chooselog=1&logreader=logstore_standard&id=0&user=8405&date=1772668800
2026-03-08,8405,DT23P0748 Lê Thảo Như,0.15,2,33,0.5,2,0.07,HAS ANOMALIES,excessive_events; single_activity_loop,medium; medium,"S2 [11:36-11:41, 0.08h]: excessive_events - 321 events/hr (max=300); single_activity_loop - 92% of events on ""Quiz: Unit 13 Key Vocabulary (1 - 10)""",https://glow.paclinks.org/report/log/index.php?chooselog=1&logreader=logstore_standard&id=0&user=8405&date=1772928000
2026-03-09,8405,DT23P0748 Lê Thảo Như,0.09,1,27,0.65,0,0.09,CLEAN,,,,https://glow.paclinks.org/report/log/index.php?chooselog=1&logreader=logstore_standard&id=0&user=8405&date=1773014400
2026-03-10,8405,DT23P0748 Lê Thảo Như,0.39,2,36,0.57,1,0.08,HAS ANOMALIES,single_activity_loop,medium,"S2 [20:20-20:39, 0.30h]: single_activity_loop - 93% of events on ""Quiz: Speaking""",https://glow.paclinks.org/report/log/index.php?chooselog=1&logreader=logstore_standard&id=0&user=8405&date=1773100800
2026-03-11,8405,DT23P0748 Lê Thảo Như,0.27,2,35,0.65,0,0.27,CLEAN,,,,https://glow.paclinks.org/report/log/index.php?chooselog=1&logreader=logstore_standard&id=0&user=8405&date=1773187200
2026-03-12,8405,DT23P0748 Lê Thảo Như,0.08,1,27,0.5,1,0.0,HAS ANOMALIES,excessive_events,medium,"S1 [22:03-22:08, 0.08h]: excessive_events - 326 events/hr (max=300)",https://glow.paclinks.org/report/log/index.php?chooselog=1&logreader=logstore_standard&id=0&user=8405&date=1773273600
2026-03-14,8405,DT23P0748 Lê Thảo Như,0.21,1,53,0.8,0,0.21,CLEAN,,,,https://glow.paclinks.org/report/log/index.php?chooselog=1&logreader=logstore_standard&id=0&user=8405&date=1773446400
2026-03-16,8405,DT23P0748 Lê Thảo Như,0.08,1,13,0.6,0,0.08,CLEAN,,,,https://glow.paclinks.org/report/log/index.php?chooselog=1&logreader=logstore_standard&id=0&user=8405&date=1773619200
2026-03-22,8405,DT23P0748 Lê Thảo Như,0.29,1,7,0.55,0,0.29,CLEAN,,,,https://glow.paclinks.org/report/log/index.php?chooselog=1&logreader=logstore_standard&id=0&user=8405&date=1774137600
2026-03-23,8405,DT23P0748 Lê Thảo Như,0.1,1,25,0.5,1,0.0,HAS ANOMALIES,single_activity_loop,medium,"S1 [18:34-18:40, 0.10h]: single_activity_loop - 92% of events on ""Quiz: Unit 11 - Key Vocabulary (1-10)""",https://glow.paclinks.org/report/log/index.php?chooselog=1&logreader=logstore_standard&id=0&user=8405&date=1774224000
2026-03-24,8405,DT23P0748 Lê Thảo Như,0.15,1,31,0.65,0,0.15,CLEAN,,,,https://glow.paclinks.org/report/log/index.php?chooselog=1&logreader=logstore_standard&id=0&user=8405&date=1774310400
2026-03-25,8405,DT23P0748 Lê Thảo Như,0.14,1,8,0.6,0,0.14,CLEAN,,,,https://glow.paclinks.org/report/log/index.php?chooselog=1&logreader=logstore_standard&id=0&user=8405&date=1774396800
2026-03-26,8405,DT23P0748 Lê Thảo Như,0.21,1,56,0.7,0,0.21,CLEAN,,,,https://glow.paclinks.org/report/log/index.php?chooselog=1&logreader=logstore_standard&id=0&user=8405&date=1774483200
2026-03-28,8405,DT23P0748 Lê Thảo Như,0.53,1,28,0.65,0,0.53,CLEAN,,,,https://glow.paclinks.org/report/log/index.php?chooselog=1&logreader=logstore_standard&id=0&user=8405&date=1774656000
2026-03-29,8405,DT23P0748 Lê Thảo Như,0.4,1,48,0.5,1,0.0,HAS ANOMALIES,single_activity_loop,medium,"S1 [12:28-12:53, 0.40h]: single_activity_loop - 94% of events on ""Quiz: Unit 16 Key Vocabulary (1 - 20)""",https://glow.paclinks.org/report/log/index.php?chooselog=1&logreader=logstore_standard&id=0&user=8405&date=1774742400
2026-03-30,8405,DT23P0748 Lê Thảo Như,0.6,2,92,0.45,2,0.0,HAS ANOMALIES,excessive_events; single_activity_loop,medium; medium,"S1 [18:34-18:43, 0.15h]: excessive_events - 310 events/hr (max=300)
S2 [19:50-20:18, 0.45h]: single_activity_loop - 98% of events on ""Quiz: UNIT 2 - Word groups and Syllable Stress""",https://glow.paclinks.org/report/log/index.php?chooselog=1&logreader=logstore_standard&id=0&user=8405&date=1774828800
2026-03-31,8405,DT23P0748 Lê Thảo Như,0.26,2,21,0.5,1,0.12,HAS ANOMALIES,single_activity_loop,medium,"S2 [18:18-18:26, 0.13h]: single_activity_loop - 100% of events on ""Quiz: Unit 1 - Word groups &amp; Syllable Stress (1 - 10)""",https://glow.paclinks.org/report/log/index.php?chooselog=1&logreader=logstore_standard&id=0&user=8405&date=1774915200
2026-03-22,8406,DT23P0749 Nguyễn Thị Ngọc Trân,0.24,1,5,0.55,0,0.24,CLEAN,,,,https://glow.paclinks.org/report/log/index.php?chooselog=1&logreader=logstore_standard&id=0&user=8406&date=1774137600
2026-03-23,8406,DT23P0749 Nguyễn Thị Ngọc Trân,0.17,2,10,0.55,0,0.17,CLEAN,,,,https://glow.paclinks.org/report/log/index.php?chooselog=1&logreader=logstore_standard&id=0&user=8406&date=1774224000
2026-03-24,8406,DT23P0749 Nguyễn Thị Ngọc Trân,0.76,2,15,0.55,0,0.76,CLEAN,,,,https://glow.paclinks.org/report/log/index.php?chooselog=1&logreader=logstore_standard&id=0&user=8406&date=1774310400
2026-03-25,8406,DT23P0749 Nguyễn Thị Ngọc Trân,0.39,2,7,0.53,0,0.39,CLEAN,,,,https://glow.paclinks.org/report/log/index.php?chooselog=1&logreader=logstore_standard&id=0&user=8406&date=1774396800
2026-03-26,8406,DT23P0749 Nguyễn Thị Ngọc Trân,0.43,1,7,0.55,0,0.43,CLEAN,,,,https://glow.paclinks.org/report/log/index.php?chooselog=1&logreader=logstore_standard&id=0&user=8406&date=1774483200
2026-03-27,8406,DT23P0749 Nguyễn Thị Ngọc Trân,0.15,2,12,0.6,0,0.15,CLEAN,,,,https://glow.paclinks.org/report/log/index.php?chooselog=1&logreader=logstore_standard&id=0&user=8406&date=1774569600
2026-03-28,8406,DT23P0749 Nguyễn Thị Ngọc Trân,0.06,1,5,0.55,0,0.06,CLEAN,,,,https://glow.paclinks.org/report/log/index.php?chooselog=1&logreader=logstore_standard&id=0&user=8406&date=1774656000
2026-03-31,8406,DT23P0749 Nguyễn Thị Ngọc Trân,0.11,1,5,0.55,0,0.11,CLEAN,,,,https://glow.paclinks.org/report/log/index.php?chooselog=1&logreader=logstore_standard&id=0&user=8406&date=1774915200
2026-03-01,8409,DT23P0751 Huỳnh Thị Như Yến,1.12,1,11,0.55,0,1.12,CLEAN,,,,https://glow.paclinks.org/report/log/index.php?chooselog=1&logreader=logstore_standard&id=0&user=8409&date=1772323200
2026-03-07,8409,DT23P0751 Huỳnh Thị Như Yến,0.71,2,59,0.68,0,0.71,CLEAN,,,,https://glow.paclinks.org/report/log/index.php?chooselog=1&logreader=logstore_standard&id=0&user=8409&date=1772841600
2026-03-11,8409,DT23P0751 Huỳnh Thị Như Yến,0.48,1,16,0.55,0,0.48,CLEAN,,,,https://glow.paclinks.org/report/log/index.php?chooselog=1&logreader=logstore_standard&id=0&user=8409&date=1773187200
2026-03-25,8409,DT23P0751 Huỳnh Thị Như Yến,0.67,1,12,0.55,0,0.67,CLEAN,,,,https://glow.paclinks.org/report/log/index.php?chooselog=1&logreader=logstore_standard&id=0&user=8409&date=1774396800
2026-03-27,8409,DT23P0751 Huỳnh Thị Như Yến,0.26,1,10,0.55,0,0.26,CLEAN,,,,https://glow.paclinks.org/report/log/index.php?chooselog=1&logreader=logstore_standard&id=0&user=8409&date=1774569600
2026-03-29,8409,DT23P0751 Huỳnh Thị Như Yến,0.74,1,15,0.55,0,0.74,CLEAN,,,,https://glow.paclinks.org/report/log/index.php?chooselog=1&logreader=logstore_standard&id=0&user=8409&date=1774742400
2026-03-31,8409,DT23P0751 Huỳnh Thị Như Yến,0.86,1,14,0.55,0,0.86,CLEAN,,,,https://glow.paclinks.org/report/log/index.php?chooselog=1&logreader=logstore_standard&id=0&user=8409&date=1774915200
2026-03-12,8422,DT23P0763 Ngô Lê Như Ngọc,0.06,1,6,0.55,0,0.06,CLEAN,,,,https://glow.paclinks.org/report/log/index.php?chooselog=1&logreader=logstore_standard&id=0&user=8422&date=1773273600
2026-03-28,8422,DT23P0763 Ngô Lê Như Ngọc,0.06,1,5,0.55,0,0.06,CLEAN,,,,https://glow.paclinks.org/report/log/index.php?chooselog=1&logreader=logstore_standard&id=0&user=8422&date=1774656000
2026-03-29,8422,DT23P0763 Ngô Lê Như Ngọc,0.08,1,8,0.55,0,0.08,CLEAN,,,,https://glow.paclinks.org/report/log/index.php?chooselog=1&logreader=logstore_standard&id=0&user=8422&date=1774742400
2026-03-01,8441,DT23P0782 Nguyễn Thị Bão Ngọc,0.21,1,6,0.6,0,0.21,CLEAN,,,,https://glow.paclinks.org/report/log/index.php?chooselog=1&logreader=logstore_standard&id=0&user=8441&date=1772323200
2026-03-06,8441,DT23P0782 Nguyễn Thị Bão Ngọc,0.57,1,9,0.55,0,0.57,CLEAN,,,,https://glow.paclinks.org/report/log/index.php?chooselog=1&logreader=logstore_standard&id=0&user=8441&date=1772755200
2026-03-07,8441,DT23P0782 Nguyễn Thị Bão Ngọc,0.65,1,11,0.6,0,0.65,CLEAN,,,,https://glow.paclinks.org/report/log/index.php?chooselog=1&logreader=logstore_standard&id=0&user=8441&date=1772841600
2026-03-09,8441,DT23P0782 Nguyễn Thị Bão Ngọc,0.94,1,13,0.6,0,0.94,CLEAN,,,,https://glow.paclinks.org/report/log/index.php?chooselog=1&logreader=logstore_standard&id=0&user=8441&date=1773014400
2026-03-10,8441,DT23P0782 Nguyễn Thị Bão Ngọc,0.56,1,12,0.55,0,0.56,CLEAN,,,,https://glow.paclinks.org/report/log/index.php?chooselog=1&logreader=logstore_standard&id=0&user=8441&date=1773100800
2026-03-11,8441,DT23P0782 Nguyễn Thị Bão Ngọc,0.51,1,11,0.6,0,0.51,CLEAN,,,,https://glow.paclinks.org/report/log/index.php?chooselog=1&logreader=logstore_standard&id=0&user=8441&date=1773187200
2026-03-12,8441,DT23P0782 Nguyễn Thị Bão Ngọc,0.36,1,8,0.55,0,0.36,CLEAN,,,,https://glow.paclinks.org/report/log/index.php?chooselog=1&logreader=logstore_standard&id=0&user=8441&date=1773273600
2026-03-14,8441,DT23P0782 Nguyễn Thị Bão Ngọc,1.13,1,15,0.6,0,1.13,CLEAN,,,,https://glow.paclinks.org/report/log/index.php?chooselog=1&logreader=logstore_standard&id=0&user=8441&date=1773446400
2026-03-17,8441,DT23P0782 Nguyễn Thị Bão Ngọc,0.2,1,7,0.55,0,0.2,CLEAN,,,,https://glow.paclinks.org/report/log/index.php?chooselog=1&logreader=logstore_standard&id=0&user=8441&date=1773705600
2026-03-19,8441,DT23P0782 Nguyễn Thị Bão Ngọc,0.69,2,13,0.6,0,0.69,CLEAN,,,,https://glow.paclinks.org/report/log/index.php?chooselog=1&logreader=logstore_standard&id=0&user=8441&date=1773878400
2026-03-20,8441,DT23P0782 Nguyễn Thị Bão Ngọc,0.57,1,9,0.55,0,0.57,CLEAN,,,,https://glow.paclinks.org/report/log/index.php?chooselog=1&logreader=logstore_standard&id=0&user=8441&date=1773964800
2026-03-21,8441,DT23P0782 Nguyễn Thị Bão Ngọc,0.45,1,7,0.5,0,0.45,CLEAN,,,,https://glow.paclinks.org/report/log/index.php?chooselog=1&logreader=logstore_standard&id=0&user=8441&date=1774051200
2026-03-22,8441,DT23P0782 Nguyễn Thị Bão Ngọc,1.1,1,17,0.6,0,1.1,CLEAN,,,,https://glow.paclinks.org/report/log/index.php?chooselog=1&logreader=logstore_standard&id=0&user=8441&date=1774137600
2026-03-24,8441,DT23P0782 Nguyễn Thị Bão Ngọc,0.06,1,7,0.55,0,0.06,CLEAN,,,,https://glow.paclinks.org/report/log/index.php?chooselog=1&logreader=logstore_standard&id=0&user=8441&date=1774310400
2026-03-25,8441,DT23P0782 Nguyễn Thị Bão Ngọc,0.78,1,11,0.5,0,0.78,CLEAN,,,,https://glow.paclinks.org/report/log/index.php?chooselog=1&logreader=logstore_standard&id=0&user=8441&date=1774396800
2026-03-28,8441,DT23P0782 Nguyễn Thị Bão Ngọc,0.73,1,10,0.55,0,0.73,CLEAN,,,,https://glow.paclinks.org/report/log/index.php?chooselog=1&logreader=logstore_standard&id=0&user=8441&date=1774656000
2026-03-29,8441,DT23P0782 Nguyễn Thị Bão Ngọc,0.59,1,9,0.55,0,0.59,CLEAN,,,,https://glow.paclinks.org/report/log/index.php?chooselog=1&logreader=logstore_standard&id=0&user=8441&date=1774742400
2026-03-31,8441,DT23P0782 Nguyễn Thị Bão Ngọc,0.91,1,14,0.55,0,0.91,CLEAN,,,,https://glow.paclinks.org/report/log/index.php?chooselog=1&logreader=logstore_standard&id=0&user=8441&date=1774915200
2026-03-06,8445,DT23P0786 Huỳnh Thị Yến Linh,0.55,2,4,0.5,0,0.55,CLEAN,,,,https://glow.paclinks.org/report/log/index.php?chooselog=1&logreader=logstore_standard&id=0&user=8445&date=1772755200
2026-03-09,8445,DT23P0786 Huỳnh Thị Yến Linh,0.33,1,3,0.5,0,0.33,CLEAN,,,,https://glow.paclinks.org/report/log/index.php?chooselog=1&logreader=logstore_standard&id=0&user=8445&date=1773014400
2026-03-25,8445,DT23P0786 Huỳnh Thị Yến Linh,1.14,3,12,0.5,0,1.14,CLEAN,,,,https://glow.paclinks.org/report/log/index.php?chooselog=1&logreader=logstore_standard&id=0&user=8445&date=1774396800
2026-03-26,8445,DT23P0786 Huỳnh Thị Yến Linh,0.15,1,6,0.5,0,0.15,CLEAN,,,,https://glow.paclinks.org/report/log/index.php?chooselog=1&logreader=logstore_standard&id=0&user=8445&date=1774483200
2026-03-27,8445,DT23P0786 Huỳnh Thị Yến Linh,1.34,3,14,0.5,0,1.34,CLEAN,,,,https://glow.paclinks.org/report/log/index.php?chooselog=1&logreader=logstore_standard&id=0&user=8445&date=1774569600
2026-03-28,8445,DT23P0786 Huỳnh Thị Yến Linh,0.57,2,4,0.5,0,0.57,CLEAN,,,,https://glow.paclinks.org/report/log/index.php?chooselog=1&logreader=logstore_standard&id=0&user=8445&date=1774656000
2026-03-29,8445,DT23P0786 Huỳnh Thị Yến Linh,0.35,1,3,0.5,0,0.35,CLEAN,,,,https://glow.paclinks.org/report/log/index.php?chooselog=1&logreader=logstore_standard&id=0&user=8445&date=1774742400
2026-03-30,8445,DT23P0786 Huỳnh Thị Yến Linh,1.41,3,11,0.52,0,1.41,CLEAN,,,,https://glow.paclinks.org/report/log/index.php?chooselog=1&logreader=logstore_standard&id=0&user=8445&date=1774828800
2026-03-31,8445,DT23P0786 Huỳnh Thị Yến Linh,1.13,2,17,0.55,0,1.13,CLEAN,,,,https://glow.paclinks.org/report/log/index.php?chooselog=1&logreader=logstore_standard&id=0&user=8445&date=1774915200
2026-03-01,8447,DT23P0787 Phạm Ái Vy,0.75,1,12,0.6,0,0.75,CLEAN,,,,https://glow.paclinks.org/report/log/index.php?chooselog=1&logreader=logstore_standard&id=0&user=8447&date=1772323200
2026-03-02,8447,DT23P0787 Phạm Ái Vy,0.71,2,20,0.6,0,0.71,CLEAN,,,,https://glow.paclinks.org/report/log/index.php?chooselog=1&logreader=logstore_standard&id=0&user=8447&date=1772409600
2026-03-03,8447,DT23P0787 Phạm Ái Vy,0.65,2,12,0.57,0,0.65,CLEAN,,,,https://glow.paclinks.org/report/log/index.php?chooselog=1&logreader=logstore_standard&id=0&user=8447&date=1772496000
2026-03-04,8447,DT23P0787 Phạm Ái Vy,0.74,1,13,0.6,0,0.74,CLEAN,,,,https://glow.paclinks.org/report/log/index.php?chooselog=1&logreader=logstore_standard&id=0&user=8447&date=1772582400
2026-03-05,8447,DT23P0787 Phạm Ái Vy,0.64,1,12,0.6,0,0.64,CLEAN,,,,https://glow.paclinks.org/report/log/index.php?chooselog=1&logreader=logstore_standard&id=0&user=8447&date=1772668800
2026-03-06,8447,DT23P0787 Phạm Ái Vy,0.72,1,12,0.6,0,0.72,CLEAN,,,,https://glow.paclinks.org/report/log/index.php?chooselog=1&logreader=logstore_standard&id=0&user=8447&date=1772755200
2026-03-07,8447,DT23P0787 Phạm Ái Vy,0.62,1,14,0.6,0,0.62,CLEAN,,,,https://glow.paclinks.org/report/log/index.php?chooselog=1&logreader=logstore_standard&id=0&user=8447&date=1772841600
2026-03-08,8447,DT23P0787 Phạm Ái Vy,0.71,1,12,0.6,0,0.71,CLEAN,,,,https://glow.paclinks.org/report/log/index.php?chooselog=1&logreader=logstore_standard&id=0&user=8447&date=1772928000
2026-03-09,8447,DT23P0787 Phạm Ái Vy,0.68,2,16,0.6,0,0.68,CLEAN,,,,https://glow.paclinks.org/report/log/index.php?chooselog=1&logreader=logstore_standard&id=0&user=8447&date=1773014400
2026-03-10,8447,DT23P0787 Phạm Ái Vy,0.69,1,16,0.6,0,0.69,CLEAN,,,,https://glow.paclinks.org/report/log/index.php?chooselog=1&logreader=logstore_standard&id=0&user=8447&date=1773100800
2026-03-11,8447,DT23P0787 Phạm Ái Vy,0.76,1,12,0.6,0,0.76,CLEAN,,,,https://glow.paclinks.org/report/log/index.php?chooselog=1&logreader=logstore_standard&id=0&user=8447&date=1773187200
2026-03-12,8447,DT23P0787 Phạm Ái Vy,0.83,1,12,0.6,0,0.83,CLEAN,,,,https://glow.paclinks.org/report/log/index.php?chooselog=1&logreader=logstore_standard&id=0&user=8447&date=1773273600
2026-03-13,8447,DT23P0787 Phạm Ái Vy,0.79,1,15,0.6,0,0.79,CLEAN,,,,https://glow.paclinks.org/report/log/index.php?chooselog=1&logreader=logstore_standard&id=0&user=8447&date=1773360000
2026-03-14,8447,DT23P0787 Phạm Ái Vy,0.65,1,15,0.6,0,0.65,CLEAN,,,,https://glow.paclinks.org/report/log/index.php?chooselog=1&logreader=logstore_standard&id=0&user=8447&date=1773446400
2026-03-15,8447,DT23P0787 Phạm Ái Vy,0.77,1,12,0.6,0,0.77,CLEAN,,,,https://glow.paclinks.org/report/log/index.php?chooselog=1&logreader=logstore_standard&id=0&user=8447&date=1773532800
2026-03-16,8447,DT23P0787 Phạm Ái Vy,0.62,1,13,0.6,0,0.62,CLEAN,,,,https://glow.paclinks.org/report/log/index.php?chooselog=1&logreader=logstore_standard&id=0&user=8447&date=1773619200
2026-03-17,8447,DT23P0787 Phạm Ái Vy,0.72,1,16,0.6,0,0.72,CLEAN,,,,https://glow.paclinks.org/report/log/index.php?chooselog=1&logreader=logstore_standard&id=0&user=8447&date=1773705600
2026-03-18,8447,DT23P0787 Phạm Ái Vy,0.68,1,14,0.6,0,0.68,CLEAN,,,,https://glow.paclinks.org/report/log/index.php?chooselog=1&logreader=logstore_standard&id=0&user=8447&date=1773792000
2026-03-19,8447,DT23P0787 Phạm Ái Vy,0.79,2,18,0.6,0,0.79,CLEAN,,,,https://glow.paclinks.org/report/log/index.php?chooselog=1&logreader=logstore_standard&id=0&user=8447&date=1773878400
2026-03-20,8447,DT23P0787 Phạm Ái Vy,0.84,2,17,0.6,0,0.84,CLEAN,,,,https://glow.paclinks.org/report/log/index.php?chooselog=1&logreader=logstore_standard&id=0&user=8447&date=1773964800
2026-03-21,8447,DT23P0787 Phạm Ái Vy,0.48,1,10,0.6,0,0.48,CLEAN,,,,https://glow.paclinks.org/report/log/index.php?chooselog=1&logreader=logstore_standard&id=0&user=8447&date=1774051200
2026-03-22,8447,DT23P0787 Phạm Ái Vy,0.58,1,12,0.6,0,0.58,CLEAN,,,,https://glow.paclinks.org/report/log/index.php?chooselog=1&logreader=logstore_standard&id=0&user=8447&date=1774137600
2026-03-23,8447,DT23P0787 Phạm Ái Vy,0.79,1,12,0.6,0,0.79,CLEAN,,,,https://glow.paclinks.org/report/log/index.php?chooselog=1&logreader=logstore_standard&id=0&user=8447&date=1774224000
2026-03-26,8447,DT23P0787 Phạm Ái Vy,0.7,1,12,0.6,0,0.7,CLEAN,,,,https://glow.paclinks.org/report/log/index.php?chooselog=1&logreader=logstore_standard&id=0&user=8447&date=1774483200
2026-03-27,8447,DT23P0787 Phạm Ái Vy,0.65,1,14,0.6,0,0.65,CLEAN,,,,https://glow.paclinks.org/report/log/index.php?chooselog=1&logreader=logstore_standard&id=0&user=8447&date=1774569600
2026-03-28,8447,DT23P0787 Phạm Ái Vy,0.76,1,12,0.6,0,0.76,CLEAN,,,,https://glow.paclinks.org/report/log/index.php?chooselog=1&logreader=logstore_standard&id=0&user=8447&date=1774656000
2026-03-29,8447,DT23P0787 Phạm Ái Vy,0.55,1,11,0.6,0,0.55,CLEAN,,,,https://glow.paclinks.org/report/log/index.php?chooselog=1&logreader=logstore_standard&id=0&user=8447&date=1774742400
2026-03-30,8447,DT23P0787 Phạm Ái Vy,0.36,1,9,0.6,0,0.36,CLEAN,,,,https://glow.paclinks.org/report/log/index.php?chooselog=1&logreader=logstore_standard&id=0&user=8447&date=1774828800
2026-03-31,8447,DT23P0787 Phạm Ái Vy,0.73,1,15,0.6,0,0.73,CLEAN,,,,https://glow.paclinks.org/report/log/index.php?chooselog=1&logreader=logstore_standard&id=0&user=8447&date=1774915200
2026-03-01,8448,DT23P0788 Lê Nhật Vy,0.28,1,53,0.8,0,0.28,CLEAN,,,,https://glow.paclinks.org/report/log/index.php?chooselog=1&logreader=logstore_standard&id=0&user=8448&date=1772323200
2026-03-02,8448,DT23P0788 Lê Nhật Vy,1.73,4,143,0.61,1,1.62,HAS ANOMALIES,excessive_events,medium,"S4 [21:03-21:09, 0.11h]: excessive_events - 326 events/hr (max=300)",https://glow.paclinks.org/report/log/index.php?chooselog=1&logreader=logstore_standard&id=0&user=8448&date=1772409600
2026-03-06,8448,DT23P0788 Lê Nhật Vy,0.83,2,53,0.65,0,0.83,CLEAN,,,,https://glow.paclinks.org/report/log/index.php?chooselog=1&logreader=logstore_standard&id=0&user=8448&date=1772755200
2026-03-09,8448,DT23P0788 Lê Nhật Vy,0.16,1,33,0.55,0,0.16,CLEAN,,,,https://glow.paclinks.org/report/log/index.php?chooselog=1&logreader=logstore_standard&id=0&user=8448&date=1773014400
2026-03-11,8448,DT23P0788 Lê Nhật Vy,0.61,1,34,0.55,0,0.61,CLEAN,,,,https://glow.paclinks.org/report/log/index.php?chooselog=1&logreader=logstore_standard&id=0&user=8448&date=1773187200
2026-03-13,8448,DT23P0788 Lê Nhật Vy,0.81,1,95,0.8,0,0.81,CLEAN,,,,https://glow.paclinks.org/report/log/index.php?chooselog=1&logreader=logstore_standard&id=0&user=8448&date=1773360000
2026-03-14,8448,DT23P0788 Lê Nhật Vy,1.75,4,194,0.6,1,1.39,HAS ANOMALIES,excessive_events,medium,"S1 [20:22-20:43, 0.36h]: excessive_events - 307 events/hr (max=300)",https://glow.paclinks.org/report/log/index.php?chooselog=1&logreader=logstore_standard&id=0&user=8448&date=1773446400
2026-03-15,8448,DT23P0788 Lê Nhật Vy,0.87,2,164,0.8,0,0.87,CLEAN,,,,https://glow.paclinks.org/report/log/index.php?chooselog=1&logreader=logstore_standard&id=0&user=8448&date=1773532800
2026-03-16,8448,DT23P0788 Lê Nhật Vy,0.06,1,18,0.65,0,0.06,CLEAN,,,,https://glow.paclinks.org/report/log/index.php?chooselog=1&logreader=logstore_standard&id=0&user=8448&date=1773619200
2026-03-19,8448,DT23P0788 Lê Nhật Vy,1.18,2,87,0.6,0,1.18,CLEAN,,,,https://glow.paclinks.org/report/log/index.php?chooselog=1&logreader=logstore_standard&id=0&user=8448&date=1773878400
2026-03-23,8448,DT23P0788 Lê Nhật Vy,0.69,2,71,0.6,0,0.69,CLEAN,,,,https://glow.paclinks.org/report/log/index.php?chooselog=1&logreader=logstore_standard&id=0&user=8448&date=1774224000
2026-03-28,8448,DT23P0788 Lê Nhật Vy,0.55,1,86,0.65,0,0.55,CLEAN,,,,https://glow.paclinks.org/report/log/index.php?chooselog=1&logreader=logstore_standard&id=0&user=8448&date=1774656000
2026-03-05,8455,DT23P0794 Trần Thị Mỹ Hương,0.47,2,16,0.62,0,0.47,CLEAN,,,,https://glow.paclinks.org/report/log/index.php?chooselog=1&logreader=logstore_standard&id=0&user=8455&date=1772668800
2026-03-07,8455,DT23P0794 Trần Thị Mỹ Hương,0.1,1,10,0.6,0,0.1,CLEAN,,,,https://glow.paclinks.org/report/log/index.php?chooselog=1&logreader=logstore_standard&id=0&user=8455&date=1772841600
2026-03-10,8455,DT23P0794 Trần Thị Mỹ Hương,0.07,1,9,0.65,0,0.07,CLEAN,,,,https://glow.paclinks.org/report/log/index.php?chooselog=1&logreader=logstore_standard&id=0&user=8455&date=1773100800
2026-03-11,8455,DT23P0794 Trần Thị Mỹ Hương,0.26,1,18,0.65,0,0.26,CLEAN,,,,https://glow.paclinks.org/report/log/index.php?chooselog=1&logreader=logstore_standard&id=0&user=8455&date=1773187200
2026-03-12,8455,DT23P0794 Trần Thị Mỹ Hương,0.07,1,11,0.65,0,0.07,CLEAN,,,,https://glow.paclinks.org/report/log/index.php?chooselog=1&logreader=logstore_standard&id=0&user=8455&date=1773273600
2026-03-13,8455,DT23P0794 Trần Thị Mỹ Hương,0.38,2,12,0.5,0,0.38,CLEAN,,,,https://glow.paclinks.org/report/log/index.php?chooselog=1&logreader=logstore_standard&id=0&user=8455&date=1773360000
2026-03-14,8455,DT23P0794 Trần Thị Mỹ Hương,0.78,3,56,0.55,1,0.58,HAS ANOMALIES,single_activity_loop,medium,"S3 [20:55-21:06, 0.20h]: single_activity_loop - 97% of events on ""Quiz: UNIT 4 Sounds/Minimal Pairs""",https://glow.paclinks.org/report/log/index.php?chooselog=1&logreader=logstore_standard&id=0&user=8455&date=1773446400
2026-03-15,8455,DT23P0794 Trần Thị Mỹ Hương,0.28,2,39,0.65,0,0.28,CLEAN,,,,https://glow.paclinks.org/report/log/index.php?chooselog=1&logreader=logstore_standard&id=0&user=8455&date=1773532800
2026-03-16,8455,DT23P0794 Trần Thị Mỹ Hương,0.17,2,13,0.57,0,0.17,CLEAN,,,,https://glow.paclinks.org/report/log/index.php?chooselog=1&logreader=logstore_standard&id=0&user=8455&date=1773619200
2026-03-20,8455,DT23P0794 Trần Thị Mỹ Hương,1.58,3,122,0.52,2,0.07,HAS ANOMALIES,single_activity_loop,medium,"S2 [19:00-19:16, 0.26h]: single_activity_loop - 100% of events on ""Quiz: UNIT 3 - Word Groups and Syllable Stress""
S3 [19:45-21:00, 1.25h]: single_activity_loop - 97% of events on ""Quiz: UNIT 3 - Word Groups and Syllable Stress""",https://glow.paclinks.org/report/log/index.php?chooselog=1&logreader=logstore_standard&id=0&user=8455&date=1773964800
2026-03-28,8455,DT23P0794 Trần Thị Mỹ Hương,0.92,1,48,0.65,0,0.92,CLEAN,,,,https://glow.paclinks.org/report/log/index.php?chooselog=1&logreader=logstore_standard&id=0&user=8455&date=1774656000
2026-03-02,8457,DT23P0796 Nguyễn Thị Mỹ Duyên,1.44,9,61,0.54,0,1.44,CLEAN,,,,https://glow.paclinks.org/report/log/index.php?chooselog=1&logreader=logstore_standard&id=0&user=8457&date=1772409600
2026-03-03,8457,DT23P0796 Nguyễn Thị Mỹ Duyên,2.34,7,70,0.54,1,1.45,HAS ANOMALIES,single_activity_loop,medium,"S5 [20:28-21:21, 0.89h]: single_activity_loop - 100% of events on ""Quiz: Unit 2 - Word Groups and Syllable Stress (1-10)""",https://glow.paclinks.org/report/log/index.php?chooselog=1&logreader=logstore_standard&id=0&user=8457&date=1772496000
2026-03-04,8457,DT23P0796 Nguyễn Thị Mỹ Duyên,4.01,10,87,0.48,2,1.99,HAS ANOMALIES,single_activity_loop,medium,"S2 [08:29-10:01, 1.53h]: single_activity_loop - 100% of events on ""Quiz: Unit 2 - Word Groups and Syllable Stress (11-20)""
S4 [11:19-11:48, 0.49h]: single_activity_loop - 93% of events on ""Quiz: Unit 2 - Word Groups and Syllable Stress (11-20)""",https://glow.paclinks.org/report/log/index.php?chooselog=1&logreader=logstore_standard&id=0&user=8457&date=1772582400
2026-03-05,8457,DT23P0796 Nguyễn Thị Mỹ Duyên,1.32,5,53,0.6,0,1.32,CLEAN,,,,https://glow.paclinks.org/report/log/index.php?chooselog=1&logreader=logstore_standard&id=0&user=8457&date=1772668800
2026-03-07,8457,DT23P0796 Nguyễn Thị Mỹ Duyên,0.27,1,3,0.5,0,0.27,CLEAN,,,,https://glow.paclinks.org/report/log/index.php?chooselog=1&logreader=logstore_standard&id=0&user=8457&date=1772841600
2026-03-08,8457,DT23P0796 Nguyễn Thị Mỹ Duyên,0.15,1,5,0.55,0,0.15,CLEAN,,,,https://glow.paclinks.org/report/log/index.php?chooselog=1&logreader=logstore_standard&id=0&user=8457&date=1772928000
2026-03-10,8457,DT23P0796 Nguyễn Thị Mỹ Duyên,0.06,1,4,0.55,0,0.06,CLEAN,,,,https://glow.paclinks.org/report/log/index.php?chooselog=1&logreader=logstore_standard&id=0&user=8457&date=1773100800
2026-03-14,8457,DT23P0796 Nguyễn Thị Mỹ Duyên,0.16,1,11,0.65,0,0.16,CLEAN,,,,https://glow.paclinks.org/report/log/index.php?chooselog=1&logreader=logstore_standard&id=0&user=8457&date=1773446400
2026-03-22,8457,DT23P0796 Nguyễn Thị Mỹ Duyên,0.16,2,10,0.53,0,0.16,CLEAN,,,,https://glow.paclinks.org/report/log/index.php?chooselog=1&logreader=logstore_standard&id=0&user=8457&date=1774137600
2026-03-03,8498,DT23P0802 Nguyễn Thị Nhi,0.66,1,106,0.85,0,0.66,CLEAN,,,,https://glow.paclinks.org/report/log/index.php?chooselog=1&logreader=logstore_standard&id=0&user=8498&date=1772496000
2026-03-05,8498,DT23P0802 Nguyễn Thị Nhi,0.61,1,165,0.8,0,0.61,CLEAN,,,,https://glow.paclinks.org/report/log/index.php?chooselog=1&logreader=logstore_standard&id=0&user=8498&date=1772668800
2026-03-07,8498,DT23P0802 Nguyễn Thị Nhi,0.71,1,10,0.5,0,0.71,CLEAN,,,,https://glow.paclinks.org/report/log/index.php?chooselog=1&logreader=logstore_standard&id=0&user=8498&date=1772841600
2026-03-09,8498,DT23P0802 Nguyễn Thị Nhi,1.46,1,18,0.35,1,0.0,REVIEW REQUIRED,single_activity_loop,medium,"S1 [20:44-22:12, 1.46h]: single_activity_loop - 94% of events on ""Course: Learn English though Songs""",https://glow.paclinks.org/report/log/index.php?chooselog=1&logreader=logstore_standard&id=0&user=8498&date=1773014400
2026-03-10,8498,DT23P0802 Nguyễn Thị Nhi,1.31,1,13,0.35,1,0.0,REVIEW REQUIRED,single_activity_loop,medium,"S1 [21:12-22:30, 1.31h]: single_activity_loop - 92% of events on ""Course: Learn English though Songs""",https://glow.paclinks.org/report/log/index.php?chooselog=1&logreader=logstore_standard&id=0&user=8498&date=1773100800
2026-03-12,8498,DT23P0802 Nguyễn Thị Nhi,0.88,1,14,0.5,0,0.88,CLEAN,,,,https://glow.paclinks.org/report/log/index.php?chooselog=1&logreader=logstore_standard&id=0&user=8498&date=1773273600
2026-03-14,8498,DT23P0802 Nguyễn Thị Nhi,0.34,1,88,0.8,0,0.34,CLEAN,,,,https://glow.paclinks.org/report/log/index.php?chooselog=1&logreader=logstore_standard&id=0&user=8498&date=1773446400
2026-03-16,8498,DT23P0802 Nguyễn Thị Nhi,0.72,1,16,0.55,0,0.72,CLEAN,,,,https://glow.paclinks.org/report/log/index.php?chooselog=1&logreader=logstore_standard&id=0&user=8498&date=1773619200
2026-03-18,8498,DT23P0802 Nguyễn Thị Nhi,1.5,1,22,0.35,1,0.0,REVIEW REQUIRED,single_activity_loop,medium,"S1 [20:27-21:57, 1.50h]: single_activity_loop - 91% of events on ""Course: Learn English though Songs""",https://glow.paclinks.org/report/log/index.php?chooselog=1&logreader=logstore_standard&id=0&user=8498&date=1773792000
2026-03-19,8498,DT23P0802 Nguyễn Thị Nhi,0.49,1,106,0.8,0,0.49,CLEAN,,,,https://glow.paclinks.org/report/log/index.php?chooselog=1&logreader=logstore_standard&id=0&user=8498&date=1773878400
2026-03-21,8498,DT23P0802 Nguyễn Thị Nhi,1.15,1,17,0.55,0,1.15,CLEAN,,,,https://glow.paclinks.org/report/log/index.php?chooselog=1&logreader=logstore_standard&id=0&user=8498&date=1774051200
2026-03-27,8498,DT23P0802 Nguyễn Thị Nhi,1.85,1,28,0.5,0,1.85,CLEAN,,,,https://glow.paclinks.org/report/log/index.php?chooselog=1&logreader=logstore_standard&id=0&user=8498&date=1774569600
2026-03-30,8498,DT23P0802 Nguyễn Thị Nhi,1.02,1,14,0.5,0,1.02,CLEAN,,,,https://glow.paclinks.org/report/log/index.php?chooselog=1&logreader=logstore_standard&id=0&user=8498&date=1774828800
2026-03-31,8498,DT23P0802 Nguyễn Thị Nhi,1.12,1,14,0.35,1,0.0,REVIEW REQUIRED,single_activity_loop,medium,"S1 [20:52-21:59, 1.12h]: single_activity_loop - 100% of events on ""Course: Learn English though Songs""",https://glow.paclinks.org/report/log/index.php?chooselog=1&logreader=logstore_standard&id=0&user=8498&date=1774915200
2026-03-02,8949,DT24P0804 Phạm Ngọc Diệu Nghiêm,0.23,1,39,0.8,0,0.23,CLEAN,,,,https://glow.paclinks.org/report/log/index.php?chooselog=1&logreader=logstore_standard&id=0&user=8949&date=1772409600
2026-03-03,8949,DT24P0804 Phạm Ngọc Diệu Nghiêm,0.09,1,8,0.65,0,0.09,CLEAN,,,,https://glow.paclinks.org/report/log/index.php?chooselog=1&logreader=logstore_standard&id=0&user=8949&date=1772496000
2026-03-04,8949,DT24P0804 Phạm Ngọc Diệu Nghiêm,0.07,1,16,0.5,1,0.0,HAS ANOMALIES,single_activity_loop,medium,"S1 [20:10-20:14, 0.07h]: single_activity_loop - 94% of events on ""Quiz: Unit 6 Minimal Pairs (11 - 16)""",https://glow.paclinks.org/report/log/index.php?chooselog=1&logreader=logstore_standard&id=0&user=8949&date=1772582400
2026-03-14,8949,DT24P0804 Phạm Ngọc Diệu Nghiêm,0.09,1,39,0.65,1,0.0,HAS ANOMALIES,excessive_events,medium,"S1 [18:51-18:56, 0.09h]: excessive_events - 450 events/hr (max=300)",https://glow.paclinks.org/report/log/index.php?chooselog=1&logreader=logstore_standard&id=0&user=8949&date=1773446400
2026-03-15,8949,DT24P0804 Phạm Ngọc Diệu Nghiêm,0.42,2,54,0.73,0,0.42,CLEAN,,,,https://glow.paclinks.org/report/log/index.php?chooselog=1&logreader=logstore_standard&id=0&user=8949&date=1773532800
2026-03-17,8949,DT24P0804 Phạm Ngọc Diệu Nghiêm,0.05,1,27,0.5,1,0.0,HAS ANOMALIES,excessive_events,medium,"S1 [18:59-19:02, 0.05h]: excessive_events - 531 events/hr (max=300)",https://glow.paclinks.org/report/log/index.php?chooselog=1&logreader=logstore_standard&id=0&user=8949&date=1773705600
2026-03-18,8949,DT24P0804 Phạm Ngọc Diệu Nghiêm,0.16,1,28,0.65,0,0.16,CLEAN,,,,https://glow.paclinks.org/report/log/index.php?chooselog=1&logreader=logstore_standard&id=0&user=8949&date=1773792000
2026-03-20,8949,DT24P0804 Phạm Ngọc Diệu Nghiêm,0.11,1,29,0.65,0,0.11,CLEAN,,,,https://glow.paclinks.org/report/log/index.php?chooselog=1&logreader=logstore_standard&id=0&user=8949&date=1773964800
2026-03-21,8949,DT24P0804 Phạm Ngọc Diệu Nghiêm,0.23,1,27,0.65,0,0.23,CLEAN,,,,https://glow.paclinks.org/report/log/index.php?chooselog=1&logreader=logstore_standard&id=0&user=8949&date=1774051200
2026-03-22,8949,DT24P0804 Phạm Ngọc Diệu Nghiêm,0.18,1,31,0.65,0,0.18,CLEAN,,,,https://glow.paclinks.org/report/log/index.php?chooselog=1&logreader=logstore_standard&id=0&user=8949&date=1774137600
2026-03-31,8950,DT24P0805 Trần Thị Tường Vy,0.23,1,2,0.5,0,0.23,CLEAN,,,,https://glow.paclinks.org/report/log/index.php?chooselog=1&logreader=logstore_standard&id=0&user=8950&date=1774915200
2026-03-01,8951,DT24P0806 Đỗ Anh Thư,1.65,2,27,0.55,0,1.65,CLEAN,,,,https://glow.paclinks.org/report/log/index.php?chooselog=1&logreader=logstore_standard&id=0&user=8951&date=1772323200
2026-03-02,8951,DT24P0806 Đỗ Anh Thư,1.21,2,18,0.55,0,1.21,CLEAN,,,,https://glow.paclinks.org/report/log/index.php?chooselog=1&logreader=logstore_standard&id=0&user=8951&date=1772409600
2026-03-03,8951,DT24P0806 Đỗ Anh Thư,1.28,2,20,0.55,0,1.28,CLEAN,,,,https://glow.paclinks.org/report/log/index.php?chooselog=1&logreader=logstore_standard&id=0&user=8951&date=1772496000
2026-03-04,8951,DT24P0806 Đỗ Anh Thư,3.34,2,47,0.55,0,3.34,CLEAN,,,,https://glow.paclinks.org/report/log/index.php?chooselog=1&logreader=logstore_standard&id=0&user=8951&date=1772582400
2026-03-05,8951,DT24P0806 Đỗ Anh Thư,0.69,1,9,0.55,0,0.69,CLEAN,,,,https://glow.paclinks.org/report/log/index.php?chooselog=1&logreader=logstore_standard&id=0&user=8951&date=1772668800
2026-03-06,8951,DT24P0806 Đỗ Anh Thư,0.23,1,9,0.55,0,0.23,CLEAN,,,,https://glow.paclinks.org/report/log/index.php?chooselog=1&logreader=logstore_standard&id=0&user=8951&date=1772755200
2026-03-07,8951,DT24P0806 Đỗ Anh Thư,2.06,2,30,0.55,0,2.06,CLEAN,,,,https://glow.paclinks.org/report/log/index.php?chooselog=1&logreader=logstore_standard&id=0&user=8951&date=1772841600
2026-03-08,8951,DT24P0806 Đỗ Anh Thư,1.88,2,30,0.55,0,1.88,CLEAN,,,,https://glow.paclinks.org/report/log/index.php?chooselog=1&logreader=logstore_standard&id=0&user=8951&date=1772928000
2026-03-09,8951,DT24P0806 Đỗ Anh Thư,0.61,1,16,0.55,0,0.61,CLEAN,,,,https://glow.paclinks.org/report/log/index.php?chooselog=1&logreader=logstore_standard&id=0&user=8951&date=1773014400
2026-03-10,8951,DT24P0806 Đỗ Anh Thư,0.45,1,9,0.55,0,0.45,CLEAN,,,,https://glow.paclinks.org/report/log/index.php?chooselog=1&logreader=logstore_standard&id=0&user=8951&date=1773100800
2026-03-11,8951,DT24P0806 Đỗ Anh Thư,0.47,2,24,0.55,0,0.47,CLEAN,,,,https://glow.paclinks.org/report/log/index.php?chooselog=1&logreader=logstore_standard&id=0&user=8951&date=1773187200
2026-03-12,8951,DT24P0806 Đỗ Anh Thư,0.22,1,5,0.55,0,0.22,CLEAN,,,,https://glow.paclinks.org/report/log/index.php?chooselog=1&logreader=logstore_standard&id=0&user=8951&date=1773273600
2026-03-13,8951,DT24P0806 Đỗ Anh Thư,1.93,2,34,0.55,0,1.93,CLEAN,,,,https://glow.paclinks.org/report/log/index.php?chooselog=1&logreader=logstore_standard&id=0&user=8951&date=1773360000
2026-03-14,8951,DT24P0806 Đỗ Anh Thư,3.03,2,39,0.55,0,3.03,CLEAN,,,,https://glow.paclinks.org/report/log/index.php?chooselog=1&logreader=logstore_standard&id=0&user=8951&date=1773446400
2026-03-15,8951,DT24P0806 Đỗ Anh Thư,1.96,3,30,0.55,0,1.96,CLEAN,,,,https://glow.paclinks.org/report/log/index.php?chooselog=1&logreader=logstore_standard&id=0&user=8951&date=1773532800
2026-03-16,8951,DT24P0806 Đỗ Anh Thư,0.86,1,17,0.55,0,0.86,CLEAN,,,,https://glow.paclinks.org/report/log/index.php?chooselog=1&logreader=logstore_standard&id=0&user=8951&date=1773619200
2026-03-17,8951,DT24P0806 Đỗ Anh Thư,0.65,2,14,0.55,0,0.65,CLEAN,,,,https://glow.paclinks.org/report/log/index.php?chooselog=1&logreader=logstore_standard&id=0&user=8951&date=1773705600
2026-03-18,8951,DT24P0806 Đỗ Anh Thư,3.61,2,45,0.55,0,3.61,CLEAN,,,,https://glow.paclinks.org/report/log/index.php?chooselog=1&logreader=logstore_standard&id=0&user=8951&date=1773792000
2026-03-19,8951,DT24P0806 Đỗ Anh Thư,2.19,3,32,0.55,0,2.19,CLEAN,,,,https://glow.paclinks.org/report/log/index.php?chooselog=1&logreader=logstore_standard&id=0&user=8951&date=1773878400
2026-03-20,8951,DT24P0806 Đỗ Anh Thư,1.69,2,30,0.55,0,1.69,CLEAN,,,,https://glow.paclinks.org/report/log/index.php?chooselog=1&logreader=logstore_standard&id=0&user=8951&date=1773964800
2026-03-21,8951,DT24P0806 Đỗ Anh Thư,3.32,2,42,0.55,0,3.32,CLEAN,,,,https://glow.paclinks.org/report/log/index.php?chooselog=1&logreader=logstore_standard&id=0&user=8951&date=1774051200
2026-03-22,8951,DT24P0806 Đỗ Anh Thư,2.8,3,39,0.55,0,2.8,CLEAN,,,,https://glow.paclinks.org/report/log/index.php?chooselog=1&logreader=logstore_standard&id=0&user=8951&date=1774137600
2026-03-23,8951,DT24P0806 Đỗ Anh Thư,0.63,2,15,0.55,0,0.63,CLEAN,,,,https://glow.paclinks.org/report/log/index.php?chooselog=1&logreader=logstore_standard&id=0&user=8951&date=1774224000
2026-03-24,8951,DT24P0806 Đỗ Anh Thư,1.09,1,19,0.55,0,1.09,CLEAN,,,,https://glow.paclinks.org/report/log/index.php?chooselog=1&logreader=logstore_standard&id=0&user=8951&date=1774310400
2026-03-25,8951,DT24P0806 Đỗ Anh Thư,1.48,2,24,0.55,0,1.48,CLEAN,,,,https://glow.paclinks.org/report/log/index.php?chooselog=1&logreader=logstore_standard&id=0&user=8951&date=1774396800
2026-03-26,8951,DT24P0806 Đỗ Anh Thư,0.68,2,20,0.55,0,0.68,CLEAN,,,,https://glow.paclinks.org/report/log/index.php?chooselog=1&logreader=logstore_standard&id=0&user=8951&date=1774483200
2026-03-27,8951,DT24P0806 Đỗ Anh Thư,1.5,2,27,0.55,0,1.5,CLEAN,,,,https://glow.paclinks.org/report/log/index.php?chooselog=1&logreader=logstore_standard&id=0&user=8951&date=1774569600
2026-03-28,8951,DT24P0806 Đỗ Anh Thư,0.44,1,9,0.55,0,0.44,CLEAN,,,,https://glow.paclinks.org/report/log/index.php?chooselog=1&logreader=logstore_standard&id=0&user=8951&date=1774656000
2026-03-29,8951,DT24P0806 Đỗ Anh Thư,1.65,2,31,0.55,0,1.65,CLEAN,,,,https://glow.paclinks.org/report/log/index.php?chooselog=1&logreader=logstore_standard&id=0&user=8951&date=1774742400
2026-03-30,8951,DT24P0806 Đỗ Anh Thư,1.29,1,17,0.55,0,1.29,CLEAN,,,,https://glow.paclinks.org/report/log/index.php?chooselog=1&logreader=logstore_standard&id=0&user=8951&date=1774828800
2026-03-31,8951,DT24P0806 Đỗ Anh Thư,0.28,1,9,0.55,0,0.28,CLEAN,,,,https://glow.paclinks.org/report/log/index.php?chooselog=1&logreader=logstore_standard&id=0&user=8951&date=1774915200
2026-03-08,8952,DT24P0807 Phan Thị Như Ý,0.4,2,15,0.55,0,0.4,CLEAN,,,,https://glow.paclinks.org/report/log/index.php?chooselog=1&logreader=logstore_standard&id=0&user=8952&date=1772928000
2026-03-09,8952,DT24P0807 Phan Thị Như Ý,0.1,1,11,0.55,0,0.1,CLEAN,,,,https://glow.paclinks.org/report/log/index.php?chooselog=1&logreader=logstore_standard&id=0&user=8952&date=1773014400
2026-03-16,8952,DT24P0807 Phan Thị Như Ý,0.4,1,14,0.6,0,0.4,CLEAN,,,,https://glow.paclinks.org/report/log/index.php?chooselog=1&logreader=logstore_standard&id=0&user=8952&date=1773619200
2026-03-21,8952,DT24P0807 Phan Thị Như Ý,0.06,1,4,0.5,0,0.06,CLEAN,,,,https://glow.paclinks.org/report/log/index.php?chooselog=1&logreader=logstore_standard&id=0&user=8952&date=1774051200
2026-03-23,8952,DT24P0807 Phan Thị Như Ý,0.16,1,9,0.55,0,0.16,CLEAN,,,,https://glow.paclinks.org/report/log/index.php?chooselog=1&logreader=logstore_standard&id=0&user=8952&date=1774224000
2026-03-30,8952,DT24P0807 Phan Thị Như Ý,0.07,1,7,0.65,0,0.07,CLEAN,,,,https://glow.paclinks.org/report/log/index.php?chooselog=1&logreader=logstore_standard&id=0&user=8952&date=1774828800
2026-03-02,8953,DT24P0808 Phạm Thị Ngọc Trinh,0.31,1,4,0.55,0,0.31,CLEAN,,,,https://glow.paclinks.org/report/log/index.php?chooselog=1&logreader=logstore_standard&id=0&user=8953&date=1772409600
2026-03-22,8953,DT24P0808 Phạm Thị Ngọc Trinh,0.23,1,4,0.6,0,0.23,CLEAN,,,,https://glow.paclinks.org/report/log/index.php?chooselog=1&logreader=logstore_standard&id=0&user=8953&date=1774137600
2026-03-27,8953,DT24P0808 Phạm Thị Ngọc Trinh,0.43,1,3,0.6,0,0.43,CLEAN,,,,https://glow.paclinks.org/report/log/index.php?chooselog=1&logreader=logstore_standard&id=0&user=8953&date=1774569600
2026-03-30,8953,DT24P0808 Phạm Thị Ngọc Trinh,0.28,1,4,0.55,0,0.28,CLEAN,,,,https://glow.paclinks.org/report/log/index.php?chooselog=1&logreader=logstore_standard&id=0&user=8953&date=1774828800
2026-03-31,8953,DT24P0808 Phạm Thị Ngọc Trinh,0.63,1,120,0.85,0,0.63,CLEAN,,,,https://glow.paclinks.org/report/log/index.php?chooselog=1&logreader=logstore_standard&id=0&user=8953&date=1774915200
2026-03-02,8956,DT24P0811 Bùi Thị Bích Ngọc,0.36,2,5,0.53,0,0.36,CLEAN,,,,https://glow.paclinks.org/report/log/index.php?chooselog=1&logreader=logstore_standard&id=0&user=8956&date=1772409600
2026-03-03,8956,DT24P0811 Bùi Thị Bích Ngọc,0.14,1,5,0.55,0,0.14,CLEAN,,,,https://glow.paclinks.org/report/log/index.php?chooselog=1&logreader=logstore_standard&id=0&user=8956&date=1772496000
2026-03-05,8956,DT24P0811 Bùi Thị Bích Ngọc,0.07,1,3,0.5,0,0.07,CLEAN,,,,https://glow.paclinks.org/report/log/index.php?chooselog=1&logreader=logstore_standard&id=0&user=8956&date=1772668800
2026-03-06,8956,DT24P0811 Bùi Thị Bích Ngọc,0.38,1,2,0.5,0,0.38,CLEAN,,,,https://glow.paclinks.org/report/log/index.php?chooselog=1&logreader=logstore_standard&id=0&user=8956&date=1772755200
2026-03-07,8956,DT24P0811 Bùi Thị Bích Ngọc,0.33,1,13,0.55,0,0.33,CLEAN,,,,https://glow.paclinks.org/report/log/index.php?chooselog=1&logreader=logstore_standard&id=0&user=8956&date=1772841600
2026-03-08,8956,DT24P0811 Bùi Thị Bích Ngọc,0.36,1,5,0.6,0,0.36,CLEAN,,,,https://glow.paclinks.org/report/log/index.php?chooselog=1&logreader=logstore_standard&id=0&user=8956&date=1772928000
2026-03-10,8956,DT24P0811 Bùi Thị Bích Ngọc,0.4,1,3,0.55,0,0.4,CLEAN,,,,https://glow.paclinks.org/report/log/index.php?chooselog=1&logreader=logstore_standard&id=0&user=8956&date=1773100800
2026-03-11,8956,DT24P0811 Bùi Thị Bích Ngọc,0.55,2,9,0.62,0,0.55,CLEAN,,,,https://glow.paclinks.org/report/log/index.php?chooselog=1&logreader=logstore_standard&id=0&user=8956&date=1773187200
2026-03-14,8956,DT24P0811 Bùi Thị Bích Ngọc,0.34,1,5,0.55,0,0.34,CLEAN,,,,https://glow.paclinks.org/report/log/index.php?chooselog=1&logreader=logstore_standard&id=0&user=8956&date=1773446400
2026-03-15,8956,DT24P0811 Bùi Thị Bích Ngọc,0.41,3,27,0.57,0,0.41,CLEAN,,,,https://glow.paclinks.org/report/log/index.php?chooselog=1&logreader=logstore_standard&id=0&user=8956&date=1773532800
2026-03-17,8956,DT24P0811 Bùi Thị Bích Ngọc,0.1,1,4,0.55,0,0.1,CLEAN,,,,https://glow.paclinks.org/report/log/index.php?chooselog=1&logreader=logstore_standard&id=0&user=8956&date=1773705600
2026-03-19,8956,DT24P0811 Bùi Thị Bích Ngọc,0.64,2,10,0.55,0,0.64,CLEAN,,,,https://glow.paclinks.org/report/log/index.php?chooselog=1&logreader=logstore_standard&id=0&user=8956&date=1773878400
2026-03-20,8956,DT24P0811 Bùi Thị Bích Ngọc,0.95,2,8,0.55,0,0.95,CLEAN,,,,https://glow.paclinks.org/report/log/index.php?chooselog=1&logreader=logstore_standard&id=0&user=8956&date=1773964800
2026-03-23,8956,DT24P0811 Bùi Thị Bích Ngọc,0.48,2,8,0.53,0,0.48,CLEAN,,,,https://glow.paclinks.org/report/log/index.php?chooselog=1&logreader=logstore_standard&id=0&user=8956&date=1774224000
2026-03-25,8956,DT24P0811 Bùi Thị Bích Ngọc,0.23,1,10,0.65,0,0.23,CLEAN,,,,https://glow.paclinks.org/report/log/index.php?chooselog=1&logreader=logstore_standard&id=0&user=8956&date=1774396800
2026-03-28,8956,DT24P0811 Bùi Thị Bích Ngọc,0.19,2,12,0.6,0,0.19,CLEAN,,,,https://glow.paclinks.org/report/log/index.php?chooselog=1&logreader=logstore_standard&id=0&user=8956&date=1774656000
2026-03-30,8956,DT24P0811 Bùi Thị Bích Ngọc,0.35,2,8,0.55,0,0.35,CLEAN,,,,https://glow.paclinks.org/report/log/index.php?chooselog=1&logreader=logstore_standard&id=0&user=8956&date=1774828800
2026-03-01,8957,DT24P0812 Dương Như Ý,0.48,1,27,0.8,0,0.48,CLEAN,,,,https://glow.paclinks.org/report/log/index.php?chooselog=1&logreader=logstore_standard&id=0&user=8957&date=1772323200
2026-03-02,8957,DT24P0812 Dương Như Ý,1.65,2,64,0.73,0,1.65,CLEAN,,,,https://glow.paclinks.org/report/log/index.php?chooselog=1&logreader=logstore_standard&id=0&user=8957&date=1772409600
2026-03-03,8957,DT24P0812 Dương Như Ý,1.11,2,23,0.45,1,0.32,HAS ANOMALIES,single_activity_loop,medium,"S1 [21:06-21:53, 0.79h]: single_activity_loop - 95% of events on ""Quiz: Unit 1 - Sounds/Minimal Pairs (1 - 10)""",https://glow.paclinks.org/report/log/index.php?chooselog=1&logreader=logstore_standard&id=0&user=8957&date=1772496000
2026-03-06,8957,DT24P0812 Dương Như Ý,1.21,1,22,0.65,0,1.21,CLEAN,,,,https://glow.paclinks.org/report/log/index.php?chooselog=1&logreader=logstore_standard&id=0&user=8957&date=1772755200
2026-03-09,8957,DT24P0812 Dương Như Ý,0.54,2,45,0.68,0,0.54,CLEAN,,,,https://glow.paclinks.org/report/log/index.php?chooselog=1&logreader=logstore_standard&id=0&user=8957&date=1773014400
2026-03-13,8957,DT24P0812 Dương Như Ý,0.91,2,44,0.6,0,0.91,CLEAN,,,,https://glow.paclinks.org/report/log/index.php?chooselog=1&logreader=logstore_standard&id=0&user=8957&date=1773360000
2026-03-26,8957,DT24P0812 Dương Như Ý,0.54,1,17,0.65,0,0.54,CLEAN,,,,https://glow.paclinks.org/report/log/index.php?chooselog=1&logreader=logstore_standard&id=0&user=8957&date=1774483200
2026-03-29,8957,DT24P0812 Dương Như Ý,0.44,1,16,0.55,0,0.44,CLEAN,,,,https://glow.paclinks.org/report/log/index.php?chooselog=1&logreader=logstore_standard&id=0&user=8957&date=1774742400
2026-03-30,8957,DT24P0812 Dương Như Ý,3.37,3,69,0.58,0,3.37,CLEAN,,,,https://glow.paclinks.org/report/log/index.php?chooselog=1&logreader=logstore_standard&id=0&user=8957&date=1774828800
2026-03-31,8957,DT24P0812 Dương Như Ý,3.01,5,58,0.57,1,1.95,HAS ANOMALIES,single_activity_loop,medium,"S4 [21:03-22:06, 1.06h]: single_activity_loop - 93% of events on ""Quiz: Unit 1 - Key vocabulary (1 - 10)""",https://glow.paclinks.org/report/log/index.php?chooselog=1&logreader=logstore_standard&id=0&user=8957&date=1774915200
2026-03-01,8958,DT24P0813 Huỳnh Tường Vy,0.41,2,19,0.53,0,0.41,CLEAN,,,,https://glow.paclinks.org/report/log/index.php?chooselog=1&logreader=logstore_standard&id=0&user=8958&date=1772323200
2026-03-06,8958,DT24P0813 Huỳnh Tường Vy,1.01,1,15,0.5,0,1.01,CLEAN,,,,https://glow.paclinks.org/report/log/index.php?chooselog=1&logreader=logstore_standard&id=0&user=8958&date=1772755200
2026-03-09,8958,DT24P0813 Huỳnh Tường Vy,2.76,3,55,0.52,0,2.76,CLEAN,,,,https://glow.paclinks.org/report/log/index.php?chooselog=1&logreader=logstore_standard&id=0&user=8958&date=1773014400
2026-03-10,8958,DT24P0813 Huỳnh Tường Vy,0.82,1,14,0.5,0,0.82,CLEAN,,,,https://glow.paclinks.org/report/log/index.php?chooselog=1&logreader=logstore_standard&id=0&user=8958&date=1773100800
2026-03-13,8958,DT24P0813 Huỳnh Tường Vy,0.99,1,14,0.35,1,0.0,REVIEW REQUIRED,single_activity_loop,medium,"S1 [20:28-21:28, 0.99h]: single_activity_loop - 93% of events on ""Course: Learn English though Songs""",https://glow.paclinks.org/report/log/index.php?chooselog=1&logreader=logstore_standard&id=0&user=8958&date=1773360000
2026-03-14,8958,DT24P0813 Huỳnh Tường Vy,0.98,1,17,0.5,0,0.98,CLEAN,,,,https://glow.paclinks.org/report/log/index.php?chooselog=1&logreader=logstore_standard&id=0&user=8958&date=1773446400
2026-03-16,8958,DT24P0813 Huỳnh Tường Vy,1.37,1,35,0.65,0,1.37,CLEAN,,,,https://glow.paclinks.org/report/log/index.php?chooselog=1&logreader=logstore_standard&id=0&user=8958&date=1773619200
2026-03-24,8958,DT24P0813 Huỳnh Tường Vy,0.45,1,11,0.5,0,0.45,CLEAN,,,,https://glow.paclinks.org/report/log/index.php?chooselog=1&logreader=logstore_standard&id=0&user=8958&date=1774310400
2026-03-25,8958,DT24P0813 Huỳnh Tường Vy,1.03,1,22,0.5,0,1.03,CLEAN,,,,https://glow.paclinks.org/report/log/index.php?chooselog=1&logreader=logstore_standard&id=0&user=8958&date=1774396800
2026-03-26,8958,DT24P0813 Huỳnh Tường Vy,0.58,1,14,0.5,0,0.58,CLEAN,,,,https://glow.paclinks.org/report/log/index.php?chooselog=1&logreader=logstore_standard&id=0&user=8958&date=1774483200
2026-03-27,8958,DT24P0813 Huỳnh Tường Vy,1.6,1,23,0.35,1,0.0,REVIEW REQUIRED,single_activity_loop,medium,"S1 [19:30-21:06, 1.60h]: single_activity_loop - 96% of events on ""Course: Learn English though Songs""",https://glow.paclinks.org/report/log/index.php?chooselog=1&logreader=logstore_standard&id=0&user=8958&date=1774569600
2026-03-31,8958,DT24P0813 Huỳnh Tường Vy,0.6,1,11,0.35,1,0.0,REVIEW REQUIRED,single_activity_loop,medium,"S1 [21:17-21:53, 0.60h]: single_activity_loop - 91% of events on ""Course: Learn English though Songs""",https://glow.paclinks.org/report/log/index.php?chooselog=1&logreader=logstore_standard&id=0&user=8958&date=1774915200
2026-03-02,8960,DT24P0815 Võ Thị Thùy Dương,1.02,1,18,0.5,0,1.02,CLEAN,,,,https://glow.paclinks.org/report/log/index.php?chooselog=1&logreader=logstore_standard&id=0&user=8960&date=1772409600
2026-03-17,8960,DT24P0815 Võ Thị Thùy Dương,1.74,3,32,0.52,0,1.74,CLEAN,,,,https://glow.paclinks.org/report/log/index.php?chooselog=1&logreader=logstore_standard&id=0&user=8960&date=1773705600
2026-03-18,8960,DT24P0815 Võ Thị Thùy Dương,0.22,1,8,0.5,0,0.22,CLEAN,,,,https://glow.paclinks.org/report/log/index.php?chooselog=1&logreader=logstore_standard&id=0&user=8960&date=1773792000
2026-03-20,8960,DT24P0815 Võ Thị Thùy Dương,0.16,1,9,0.5,0,0.16,CLEAN,,,,https://glow.paclinks.org/report/log/index.php?chooselog=1&logreader=logstore_standard&id=0&user=8960&date=1773964800
2026-03-21,8960,DT24P0815 Võ Thị Thùy Dương,0.21,1,6,0.5,0,0.21,CLEAN,,,,https://glow.paclinks.org/report/log/index.php?chooselog=1&logreader=logstore_standard&id=0&user=8960&date=1774051200
2026-03-25,8960,DT24P0815 Võ Thị Thùy Dương,1.7,1,18,0.5,0,1.7,CLEAN,,,,https://glow.paclinks.org/report/log/index.php?chooselog=1&logreader=logstore_standard&id=0&user=8960&date=1774396800
2026-03-26,8960,DT24P0815 Võ Thị Thùy Dương,0.32,1,10,0.5,0,0.32,CLEAN,,,,https://glow.paclinks.org/report/log/index.php?chooselog=1&logreader=logstore_standard&id=0&user=8960&date=1774483200
2026-03-27,8960,DT24P0815 Võ Thị Thùy Dương,0.63,2,13,0.5,0,0.63,CLEAN,,,,https://glow.paclinks.org/report/log/index.php?chooselog=1&logreader=logstore_standard&id=0&user=8960&date=1774569600
2026-03-28,8960,DT24P0815 Võ Thị Thùy Dương,1.07,1,18,0.5,0,1.07,CLEAN,,,,https://glow.paclinks.org/report/log/index.php?chooselog=1&logreader=logstore_standard&id=0&user=8960&date=1774656000
2026-03-29,8960,DT24P0815 Võ Thị Thùy Dương,1.22,2,19,0.5,0,1.22,CLEAN,,,,https://glow.paclinks.org/report/log/index.php?chooselog=1&logreader=logstore_standard&id=0&user=8960&date=1774742400
2026-03-30,8960,DT24P0815 Võ Thị Thùy Dương,1.01,1,14,0.35,1,0.0,REVIEW REQUIRED,single_activity_loop,medium,"S1 [18:39-19:39, 1.01h]: single_activity_loop - 100% of events on ""Course: Learn English though Songs""",https://glow.paclinks.org/report/log/index.php?chooselog=1&logreader=logstore_standard&id=0&user=8960&date=1774828800
2026-03-31,8960,DT24P0815 Võ Thị Thùy Dương,0.34,1,11,0.5,0,0.34,CLEAN,,,,https://glow.paclinks.org/report/log/index.php?chooselog=1&logreader=logstore_standard&id=0&user=8960&date=1774915200
2026-03-02,8962,DT24P0817 Trần Bảo Thi,0.22,1,7,0.5,0,0.22,CLEAN,,,,https://glow.paclinks.org/report/log/index.php?chooselog=1&logreader=logstore_standard&id=0&user=8962&date=1772409600
2026-03-03,8962,DT24P0817 Trần Bảo Thi,0.22,1,5,0.5,0,0.22,CLEAN,,,,https://glow.paclinks.org/report/log/index.php?chooselog=1&logreader=logstore_standard&id=0&user=8962&date=1772496000
2026-03-04,8962,DT24P0817 Trần Bảo Thi,0.85,1,10,0.5,0,0.85,CLEAN,,,,https://glow.paclinks.org/report/log/index.php?chooselog=1&logreader=logstore_standard&id=0&user=8962&date=1772582400
2026-03-05,8962,DT24P0817 Trần Bảo Thi,0.48,1,7,0.5,0,0.48,CLEAN,,,,https://glow.paclinks.org/report/log/index.php?chooselog=1&logreader=logstore_standard&id=0&user=8962&date=1772668800
2026-03-07,8962,DT24P0817 Trần Bảo Thi,0.09,1,6,0.5,0,0.09,CLEAN,,,,https://glow.paclinks.org/report/log/index.php?chooselog=1&logreader=logstore_standard&id=0&user=8962&date=1772841600
2026-03-10,8962,DT24P0817 Trần Bảo Thi,0.14,1,7,0.5,0,0.14,CLEAN,,,,https://glow.paclinks.org/report/log/index.php?chooselog=1&logreader=logstore_standard&id=0&user=8962&date=1773100800
2026-03-11,8962,DT24P0817 Trần Bảo Thi,0.16,1,6,0.5,0,0.16,CLEAN,,,,https://glow.paclinks.org/report/log/index.php?chooselog=1&logreader=logstore_standard&id=0&user=8962&date=1773187200
2026-03-17,8962,DT24P0817 Trần Bảo Thi,0.13,1,14,0.5,0,0.13,CLEAN,,,,https://glow.paclinks.org/report/log/index.php?chooselog=1&logreader=logstore_standard&id=0&user=8962&date=1773705600
2026-03-23,8962,DT24P0817 Trần Bảo Thi,0.15,1,5,0.5,0,0.15,CLEAN,,,,https://glow.paclinks.org/report/log/index.php?chooselog=1&logreader=logstore_standard&id=0&user=8962&date=1774224000
2026-03-27,8962,DT24P0817 Trần Bảo Thi,0.63,2,9,0.5,0,0.63,CLEAN,,,,https://glow.paclinks.org/report/log/index.php?chooselog=1&logreader=logstore_standard&id=0&user=8962&date=1774569600
2026-03-03,8963,DT24P0818 Trần Thị Ngọc Quý,0.09,1,9,0.55,0,0.09,CLEAN,,,,https://glow.paclinks.org/report/log/index.php?chooselog=1&logreader=logstore_standard&id=0&user=8963&date=1772496000
2026-03-06,8963,DT24P0818 Trần Thị Ngọc Quý,0.42,2,17,0.53,0,0.42,CLEAN,,,,https://glow.paclinks.org/report/log/index.php?chooselog=1&logreader=logstore_standard&id=0&user=8963&date=1772755200
2026-03-08,8963,DT24P0818 Trần Thị Ngọc Quý,1.13,2,18,0.55,0,1.13,CLEAN,,,,https://glow.paclinks.org/report/log/index.php?chooselog=1&logreader=logstore_standard&id=0&user=8963&date=1772928000
2026-03-10,8963,DT24P0818 Trần Thị Ngọc Quý,0.2,1,8,0.5,0,0.2,CLEAN,,,,https://glow.paclinks.org/report/log/index.php?chooselog=1&logreader=logstore_standard&id=0&user=8963&date=1773100800
2026-03-12,8963,DT24P0818 Trần Thị Ngọc Quý,0.44,1,9,0.5,0,0.44,CLEAN,,,,https://glow.paclinks.org/report/log/index.php?chooselog=1&logreader=logstore_standard&id=0&user=8963&date=1773273600
2026-03-13,8963,DT24P0818 Trần Thị Ngọc Quý,0.2,1,2,0.5,0,0.2,CLEAN,,,,https://glow.paclinks.org/report/log/index.php?chooselog=1&logreader=logstore_standard&id=0&user=8963&date=1773360000
2026-03-15,8963,DT24P0818 Trần Thị Ngọc Quý,0.1,1,6,0.5,0,0.1,CLEAN,,,,https://glow.paclinks.org/report/log/index.php?chooselog=1&logreader=logstore_standard&id=0&user=8963&date=1773532800
2026-03-16,8963,DT24P0818 Trần Thị Ngọc Quý,0.15,1,2,0.5,0,0.15,CLEAN,,,,https://glow.paclinks.org/report/log/index.php?chooselog=1&logreader=logstore_standard&id=0&user=8963&date=1773619200
2026-03-17,8963,DT24P0818 Trần Thị Ngọc Quý,0.52,1,17,0.65,0,0.52,CLEAN,,,,https://glow.paclinks.org/report/log/index.php?chooselog=1&logreader=logstore_standard&id=0&user=8963&date=1773705600
2026-03-19,8963,DT24P0818 Trần Thị Ngọc Quý,0.31,1,10,0.55,0,0.31,CLEAN,,,,https://glow.paclinks.org/report/log/index.php?chooselog=1&logreader=logstore_standard&id=0&user=8963&date=1773878400
2026-03-20,8963,DT24P0818 Trần Thị Ngọc Quý,0.28,1,8,0.55,0,0.28,CLEAN,,,,https://glow.paclinks.org/report/log/index.php?chooselog=1&logreader=logstore_standard&id=0&user=8963&date=1773964800
2026-03-26,8963,DT24P0818 Trần Thị Ngọc Quý,0.35,1,9,0.55,0,0.35,CLEAN,,,,https://glow.paclinks.org/report/log/index.php?chooselog=1&logreader=logstore_standard&id=0&user=8963&date=1774483200
2026-03-29,8963,DT24P0818 Trần Thị Ngọc Quý,1.42,2,29,0.6,0,1.42,CLEAN,,,,https://glow.paclinks.org/report/log/index.php?chooselog=1&logreader=logstore_standard&id=0&user=8963&date=1774742400
2026-03-01,8964,DT24P0819 Lê Thị Cẩm Liên,0.82,1,17,0.5,0,0.82,CLEAN,,,,https://glow.paclinks.org/report/log/index.php?chooselog=1&logreader=logstore_standard&id=0&user=8964&date=1772323200
2026-03-02,8964,DT24P0819 Lê Thị Cẩm Liên,0.23,1,10,0.5,0,0.23,CLEAN,,,,https://glow.paclinks.org/report/log/index.php?chooselog=1&logreader=logstore_standard&id=0&user=8964&date=1772409600
2026-03-09,8964,DT24P0819 Lê Thị Cẩm Liên,1.23,1,23,0.5,0,1.23,CLEAN,,,,https://glow.paclinks.org/report/log/index.php?chooselog=1&logreader=logstore_standard&id=0&user=8964&date=1773014400
2026-03-10,8964,DT24P0819 Lê Thị Cẩm Liên,0.83,1,16,0.5,0,0.83,CLEAN,,,,https://glow.paclinks.org/report/log/index.php?chooselog=1&logreader=logstore_standard&id=0&user=8964&date=1773100800
2026-03-12,8964,DT24P0819 Lê Thị Cẩm Liên,0.36,1,9,0.5,0,0.36,CLEAN,,,,https://glow.paclinks.org/report/log/index.php?chooselog=1&logreader=logstore_standard&id=0&user=8964&date=1773273600
2026-03-18,8964,DT24P0819 Lê Thị Cẩm Liên,0.3,1,13,0.5,0,0.3,CLEAN,,,,https://glow.paclinks.org/report/log/index.php?chooselog=1&logreader=logstore_standard&id=0&user=8964&date=1773792000
2026-03-19,8964,DT24P0819 Lê Thị Cẩm Liên,0.67,1,15,0.5,0,0.67,CLEAN,,,,https://glow.paclinks.org/report/log/index.php?chooselog=1&logreader=logstore_standard&id=0&user=8964&date=1773878400
2026-03-20,8964,DT24P0819 Lê Thị Cẩm Liên,0.6,1,13,0.5,0,0.6,CLEAN,,,,https://glow.paclinks.org/report/log/index.php?chooselog=1&logreader=logstore_standard&id=0&user=8964&date=1773964800
2026-03-24,8964,DT24P0819 Lê Thị Cẩm Liên,1.2,1,23,0.5,0,1.2,CLEAN,,,,https://glow.paclinks.org/report/log/index.php?chooselog=1&logreader=logstore_standard&id=0&user=8964&date=1774310400
2026-03-26,8964,DT24P0819 Lê Thị Cẩm Liên,0.65,1,14,0.5,0,0.65,CLEAN,,,,https://glow.paclinks.org/report/log/index.php?chooselog=1&logreader=logstore_standard&id=0&user=8964&date=1774483200
2026-03-09,8965,DT24P0820 Nguyễn Ngọc Thiên Ý,0.09,1,2,0.5,0,0.09,CLEAN,,,,https://glow.paclinks.org/report/log/index.php?chooselog=1&logreader=logstore_standard&id=0&user=8965&date=1773014400
2026-03-04,8966,DT24P0821 Trương Thị Diệu Hồng,0.48,1,25,0.8,0,0.48,CLEAN,,,,https://glow.paclinks.org/report/log/index.php?chooselog=1&logreader=logstore_standard&id=0&user=8966&date=1772582400
2026-03-08,8966,DT24P0821 Trương Thị Diệu Hồng,0.85,1,33,0.6,0,0.85,CLEAN,,,,https://glow.paclinks.org/report/log/index.php?chooselog=1&logreader=logstore_standard&id=0&user=8966&date=1772928000
2026-03-14,8966,DT24P0821 Trương Thị Diệu Hồng,0.23,1,10,0.65,0,0.23,CLEAN,,,,https://glow.paclinks.org/report/log/index.php?chooselog=1&logreader=logstore_standard&id=0&user=8966&date=1773446400
2026-03-15,8966,DT24P0821 Trương Thị Diệu Hồng,0.48,1,11,0.55,0,0.48,CLEAN,,,,https://glow.paclinks.org/report/log/index.php?chooselog=1&logreader=logstore_standard&id=0&user=8966&date=1773532800
2026-03-16,8966,DT24P0821 Trương Thị Diệu Hồng,0.73,1,59,0.8,0,0.73,CLEAN,,,,https://glow.paclinks.org/report/log/index.php?chooselog=1&logreader=logstore_standard&id=0&user=8966&date=1773619200
2026-03-21,8966,DT24P0821 Trương Thị Diệu Hồng,0.37,1,11,0.55,0,0.37,CLEAN,,,,https://glow.paclinks.org/report/log/index.php?chooselog=1&logreader=logstore_standard&id=0&user=8966&date=1774051200
2026-03-23,8966,DT24P0821 Trương Thị Diệu Hồng,0.06,1,2,0.55,0,0.06,CLEAN,,,,https://glow.paclinks.org/report/log/index.php?chooselog=1&logreader=logstore_standard&id=0&user=8966&date=1774224000
2026-03-28,8966,DT24P0821 Trương Thị Diệu Hồng,0.82,1,73,0.8,0,0.82,CLEAN,,,,https://glow.paclinks.org/report/log/index.php?chooselog=1&logreader=logstore_standard&id=0&user=8966&date=1774656000
2026-03-30,8966,DT24P0821 Trương Thị Diệu Hồng,0.51,1,39,0.8,0,0.51,CLEAN,,,,https://glow.paclinks.org/report/log/index.php?chooselog=1&logreader=logstore_standard&id=0&user=8966&date=1774828800
2026-03-31,8966,DT24P0821 Trương Thị Diệu Hồng,0.53,1,11,0.55,0,0.53,CLEAN,,,,https://glow.paclinks.org/report/log/index.php?chooselog=1&logreader=logstore_standard&id=0&user=8966&date=1774915200
2026-03-07,8967,DT24P0822 Đinh Thị Yến Vy,0.4,1,52,0.7,0,0.4,CLEAN,,,,https://glow.paclinks.org/report/log/index.php?chooselog=1&logreader=logstore_standard&id=0&user=8967&date=1772841600
2026-03-11,8967,DT24P0822 Đinh Thị Yến Vy,0.07,1,13,0.55,0,0.07,CLEAN,,,,https://glow.paclinks.org/report/log/index.php?chooselog=1&logreader=logstore_standard&id=0&user=8967&date=1773187200
2026-03-03,8978,DT24P0833 Trần Thị Ý Ngọc,1.09,2,30,0.5,0,1.09,CLEAN,,,,https://glow.paclinks.org/report/log/index.php?chooselog=1&logreader=logstore_standard&id=0&user=8978&date=1772496000
2026-03-09,8978,DT24P0833 Trần Thị Ý Ngọc,0.45,1,12,0.5,0,0.45,CLEAN,,,,https://glow.paclinks.org/report/log/index.php?chooselog=1&logreader=logstore_standard&id=0&user=8978&date=1773014400
2026-03-11,8978,DT24P0833 Trần Thị Ý Ngọc,0.66,1,10,0.5,0,0.66,CLEAN,,,,https://glow.paclinks.org/report/log/index.php?chooselog=1&logreader=logstore_standard&id=0&user=8978&date=1773187200
2026-03-21,8978,DT24P0833 Trần Thị Ý Ngọc,0.11,1,11,0.5,0,0.11,CLEAN,,,,https://glow.paclinks.org/report/log/index.php?chooselog=1&logreader=logstore_standard&id=0&user=8978&date=1774051200
2026-03-24,8978,DT24P0833 Trần Thị Ý Ngọc,0.57,1,7,0.5,0,0.57,CLEAN,,,,https://glow.paclinks.org/report/log/index.php?chooselog=1&logreader=logstore_standard&id=0&user=8978&date=1774310400
2026-03-25,8978,DT24P0833 Trần Thị Ý Ngọc,0.55,1,11,0.5,0,0.55,CLEAN,,,,https://glow.paclinks.org/report/log/index.php?chooselog=1&logreader=logstore_standard&id=0&user=8978&date=1774396800
2026-03-02,9447,DT25U0002 Mai Thị Ánh Tuyết,0.93,2,40,0.53,2,0.0,HAS ANOMALIES,multi_ip,low,"S1 [05:50-06:35, 0.75h]: multi_ip - 4 IPs: 103.199.56.174, 118.68.151.158, 103.199.57.225, 42.115.215.137
S2 [07:47-07:58, 0.18h]: multi_ip - 8 IPs: 115.78.100.76, 42.119.228.206, 14.161.6.190, 101.99.36.202, 115.78.13.71",https://glow.paclinks.org/report/log/index.php?chooselog=1&logreader=logstore_standard&id=0&user=9447&date=1772409600
2026-03-17,9447,DT25U0002 Mai Thị Ánh Tuyết,0.18,1,26,0.55,1,0.0,HAS ANOMALIES,multi_ip,low,"S1 [09:38-09:49, 0.18h]: multi_ip - 7 IPs: 115.78.100.76, 101.99.36.202, 115.78.13.71, 103.199.57.51, 203.205.32.65",https://glow.paclinks.org/report/log/index.php?chooselog=1&logreader=logstore_standard&id=0&user=9447&date=1773705600
2026-03-21,9447,DT25U0002 Mai Thị Ánh Tuyết,0.06,1,7,0.6,0,0.06,CLEAN,,,,https://glow.paclinks.org/report/log/index.php?chooselog=1&logreader=logstore_standard&id=0&user=9447&date=1774051200
2026-03-23,9447,DT25U0002 Mai Thị Ánh Tuyết,0.12,1,9,0.6,0,0.12,CLEAN,,,,https://glow.paclinks.org/report/log/index.php?chooselog=1&logreader=logstore_standard&id=0&user=9447&date=1774224000
2026-03-26,9447,DT25U0002 Mai Thị Ánh Tuyết,3.66,5,87,0.57,0,3.66,CLEAN,,,,https://glow.paclinks.org/report/log/index.php?chooselog=1&logreader=logstore_standard&id=0&user=9447&date=1774483200
2026-03-27,9447,DT25U0002 Mai Thị Ánh Tuyết,1.44,4,59,0.56,1,0.71,HAS ANOMALIES,multi_ip,low,"S2 [11:11-11:54, 0.72h]: multi_ip - 6 IPs: 42.118.186.200, 14.161.6.190, 101.99.36.202, 115.78.13.71, 42.116.6.46",https://glow.paclinks.org/report/log/index.php?chooselog=1&logreader=logstore_standard&id=0&user=9447&date=1774569600
2026-03-28,9447,DT25U0002 Mai Thị Ánh Tuyết,8.88,11,152,0.55,0,8.88,CLEAN,,,,https://glow.paclinks.org/report/log/index.php?chooselog=1&logreader=logstore_standard&id=0&user=9447&date=1774656000
2026-03-29,9447,DT25U0002 Mai Thị Ánh Tuyết,2.78,4,106,0.59,0,2.78,CLEAN,,,,https://glow.paclinks.org/report/log/index.php?chooselog=1&logreader=logstore_standard&id=0&user=9447&date=1774742400
2026-03-30,9447,DT25U0002 Mai Thị Ánh Tuyết,0.12,1,23,0.55,0,0.12,CLEAN,,,,https://glow.paclinks.org/report/log/index.php?chooselog=1&logreader=logstore_standard&id=0&user=9447&date=1774828800
2026-03-01,9376,David J FORD,0.14,1,12,0.6,0,0.14,CLEAN,,,,https://glow.paclinks.org/report/log/index.php?chooselog=1&logreader=logstore_standard&id=0&user=9376&date=1772323200
2026-03-15,9376,David J FORD,0.08,1,8,0.6,0,0.08,CLEAN,,,,https://glow.paclinks.org/report/log/index.php?chooselog=1&logreader=logstore_standard&id=0&user=9376&date=1773532800
2026-03-21,9376,David J FORD,0.33,1,17,0.55,0,0.33,CLEAN,,,,https://glow.paclinks.org/report/log/index.php?chooselog=1&logreader=logstore_standard&id=0&user=9376&date=1774051200
2026-03-28,9376,David J FORD,0.36,1,36,0.55,0,0.36,CLEAN,,,,https://glow.paclinks.org/report/log/index.php?chooselog=1&logreader=logstore_standard&id=0&user=9376&date=1774656000
2026-03-29,9376,David J FORD,0.06,1,13,0.6,0,0.06,CLEAN,,,,https://glow.paclinks.org/report/log/index.php?chooselog=1&logreader=logstore_standard&id=0&user=9376&date=1774742400
2026-03-31,9376,David J FORD,0.09,1,7,0.55,0,0.09,CLEAN,,,,https://glow.paclinks.org/report/log/index.php?chooselog=1&logreader=logstore_standard&id=0&user=9376&date=1774915200
2026-03-02,9448,GL25U0003 Nguyễn Phước An,0.13,1,31,0.55,0,0.13,CLEAN,,,,https://glow.paclinks.org/report/log/index.php?chooselog=1&logreader=logstore_standard&id=0&user=9448&date=1772409600
2026-03-04,9448,GL25U0003 Nguyễn Phước An,0.81,3,194,0.57,1,0.28,HAS ANOMALIES,excessive_events,medium,"S1 [08:56-09:28, 0.54h]: excessive_events - 323 events/hr (max=300)",https://glow.paclinks.org/report/log/index.php?chooselog=1&logreader=logstore_standard&id=0&user=9448&date=1772582400
2026-03-06,9448,GL25U0003 Nguyễn Phước An,0.11,1,12,0.55,0,0.11,CLEAN,,,,https://glow.paclinks.org/report/log/index.php?chooselog=1&logreader=logstore_standard&id=0&user=9448&date=1772755200
2026-03-11,9448,GL25U0003 Nguyễn Phước An,0.95,3,100,0.67,0,0.95,CLEAN,,,,https://glow.paclinks.org/report/log/index.php?chooselog=1&logreader=logstore_standard&id=0&user=9448&date=1773187200
2026-03-13,9448,GL25U0003 Nguyễn Phước An,0.6,3,29,0.57,0,0.6,CLEAN,,,,https://glow.paclinks.org/report/log/index.php?chooselog=1&logreader=logstore_standard&id=0&user=9448&date=1773360000
2026-03-14,9448,GL25U0003 Nguyễn Phước An,0.19,1,5,0.55,0,0.19,CLEAN,,,,https://glow.paclinks.org/report/log/index.php?chooselog=1&logreader=logstore_standard&id=0&user=9448&date=1773446400
2026-03-15,9448,GL25U0003 Nguyễn Phước An,0.19,2,22,0.55,0,0.19,CLEAN,,,,https://glow.paclinks.org/report/log/index.php?chooselog=1&logreader=logstore_standard&id=0&user=9448&date=1773532800
2026-03-16,9448,GL25U0003 Nguyễn Phước An,1.59,2,145,0.65,1,0.29,HAS ANOMALIES,single_activity_loop,medium,"S2 [21:37-22:55, 1.30h]: single_activity_loop - 91% of events on ""Quiz: Speaking""",https://glow.paclinks.org/report/log/index.php?chooselog=1&logreader=logstore_standard&id=0&user=9448&date=1773619200
2026-03-20,9448,GL25U0003 Nguyễn Phước An,0.1,1,27,0.55,0,0.1,CLEAN,,,,https://glow.paclinks.org/report/log/index.php?chooselog=1&logreader=logstore_standard&id=0&user=9448&date=1773964800
2026-03-21,9448,GL25U0003 Nguyễn Phước An,0.63,4,43,0.6,0,0.63,CLEAN,,,,https://glow.paclinks.org/report/log/index.php?chooselog=1&logreader=logstore_standard&id=0&user=9448&date=1774051200
2026-03-23,9448,GL25U0003 Nguyễn Phước An,1.1,2,120,0.68,1,0.18,HAS ANOMALIES,multi_ip,low,"S1 [12:40-13:35, 0.92h]: multi_ip - 8 IPs: 42.114.205.58, 115.78.100.76, 14.161.6.190, 101.99.36.202, 115.78.13.71",https://glow.paclinks.org/report/log/index.php?chooselog=1&logreader=logstore_standard&id=0&user=9448&date=1774224000
2026-03-24,9448,GL25U0003 Nguyễn Phước An,0.68,2,279,0.65,1,0.16,HAS ANOMALIES,excessive_events,medium,"S2 [15:19-15:50, 0.52h]: excessive_events - 517 events/hr (max=300)",https://glow.paclinks.org/report/log/index.php?chooselog=1&logreader=logstore_standard&id=0&user=9448&date=1774310400
2026-03-25,9448,GL25U0003 Nguyễn Phước An,0.09,1,5,0.55,0,0.09,CLEAN,,,,https://glow.paclinks.org/report/log/index.php?chooselog=1&logreader=logstore_standard&id=0&user=9448&date=1774396800
2026-03-27,9448,GL25U0003 Nguyễn Phước An,1.3,3,300,0.63,1,0.41,HAS ANOMALIES,excessive_events,medium,"S1 [11:02-11:55, 0.89h]: excessive_events - 325 events/hr (max=300)",https://glow.paclinks.org/report/log/index.php?chooselog=1&logreader=logstore_standard&id=0&user=9448&date=1774569600
2026-03-31,9448,GL25U0003 Nguyễn Phước An,0.83,1,19,0.7,0,0.83,CLEAN,,,,https://glow.paclinks.org/report/log/index.php?chooselog=1&logreader=logstore_standard&id=0&user=9448&date=1774915200
2026-03-05,362,HU17P0141 MAI CHÂU CÁT TƯỜNG,0.97,1,19,0.55,0,0.97,CLEAN,,,,https://glow.paclinks.org/report/log/index.php?chooselog=1&logreader=logstore_standard&id=0&user=362&date=1772668800
2026-03-11,362,HU17P0141 MAI CHÂU CÁT TƯỜNG,1.94,4,38,0.59,0,1.94,CLEAN,,,,https://glow.paclinks.org/report/log/index.php?chooselog=1&logreader=logstore_standard&id=0&user=362&date=1773187200
2026-03-12,362,HU17P0141 MAI CHÂU CÁT TƯỜNG,0.98,1,19,0.55,0,0.98,CLEAN,,,,https://glow.paclinks.org/report/log/index.php?chooselog=1&logreader=logstore_standard&id=0&user=362&date=1773273600
2026-03-13,362,HU17P0141 MAI CHÂU CÁT TƯỜNG,1.17,3,33,0.55,0,1.17,CLEAN,,,,https://glow.paclinks.org/report/log/index.php?chooselog=1&logreader=logstore_standard&id=0&user=362&date=1773360000
2026-03-15,362,HU17P0141 MAI CHÂU CÁT TƯỜNG,0.29,1,8,0.55,0,0.29,CLEAN,,,,https://glow.paclinks.org/report/log/index.php?chooselog=1&logreader=logstore_standard&id=0&user=362&date=1773532800
2026-03-16,362,HU17P0141 MAI CHÂU CÁT TƯỜNG,0.36,1,11,0.55,0,0.36,CLEAN,,,,https://glow.paclinks.org/report/log/index.php?chooselog=1&logreader=logstore_standard&id=0&user=362&date=1773619200
2026-03-17,362,HU17P0141 MAI CHÂU CÁT TƯỜNG,1.19,1,13,0.55,0,1.19,CLEAN,,,,https://glow.paclinks.org/report/log/index.php?chooselog=1&logreader=logstore_standard&id=0&user=362&date=1773705600
2026-03-18,362,HU17P0141 MAI CHÂU CÁT TƯỜNG,0.45,1,11,0.55,0,0.45,CLEAN,,,,https://glow.paclinks.org/report/log/index.php?chooselog=1&logreader=logstore_standard&id=0&user=362&date=1773792000
2026-03-25,362,HU17P0141 MAI CHÂU CÁT TƯỜNG,1.28,1,17,0.55,0,1.28,CLEAN,,,,https://glow.paclinks.org/report/log/index.php?chooselog=1&logreader=logstore_standard&id=0&user=362&date=1774396800
2026-03-26,362,HU17P0141 MAI CHÂU CÁT TƯỜNG,1.55,1,16,0.55,0,1.55,CLEAN,,,,https://glow.paclinks.org/report/log/index.php?chooselog=1&logreader=logstore_standard&id=0&user=362&date=1774483200
2026-03-28,362,HU17P0141 MAI CHÂU CÁT TƯỜNG,1.59,2,47,0.55,0,1.59,CLEAN,,,,https://glow.paclinks.org/report/log/index.php?chooselog=1&logreader=logstore_standard&id=0&user=362&date=1774656000
2026-03-29,362,HU17P0141 MAI CHÂU CÁT TƯỜNG,3.28,2,72,0.6,0,3.28,CLEAN,,,,https://glow.paclinks.org/report/log/index.php?chooselog=1&logreader=logstore_standard&id=0&user=362&date=1774742400
2026-03-30,362,HU17P0141 MAI CHÂU CÁT TƯỜNG,1.14,3,34,0.58,0,1.14,CLEAN,,,,https://glow.paclinks.org/report/log/index.php?chooselog=1&logreader=logstore_standard&id=0&user=362&date=1774828800
2026-03-31,362,HU17P0141 MAI CHÂU CÁT TƯỜNG,0.28,1,12,0.6,0,0.28,CLEAN,,,,https://glow.paclinks.org/report/log/index.php?chooselog=1&logreader=logstore_standard&id=0&user=362&date=1774915200
2026-03-31,1593,HU18P0225 LÊ CÔNG KHANH,0.34,1,3,0.55,0,0.34,CLEAN,,,,https://glow.paclinks.org/report/log/index.php?chooselog=1&logreader=logstore_standard&id=0&user=1593&date=1774915200
2026-03-02,321,HU18P0248 VÕ THỊ HÀ TIÊN,5.7,1,172,0.25,2,0.0,REVIEW REQUIRED,auto_refresh; single_activity_loop,medium; medium,"S1 [10:08-15:51, 5.70h]: auto_refresh - 99% of gaps within ±2.0s of mean 119.4s; single_activity_loop - 99% of events on ""Page: Listening - WATCH THIS FIRST""",https://glow.paclinks.org/report/log/index.php?chooselog=1&logreader=logstore_standard&id=0&user=321&date=1772409600
2026-03-06,321,HU18P0248 VÕ THỊ HÀ TIÊN,3.89,1,109,0.4,2,0.0,HAS ANOMALIES,multi_ip; single_activity_loop,low; medium,"S1 [14:43-18:37, 3.89h]: multi_ip - 4 IPs: 14.252.142.56, 1.52.161.235, 118.69.160.39, 113.160.226.197; single_activity_loop - 99% of events on ""Page: Listening - WATCH THIS FIRST""",https://glow.paclinks.org/report/log/index.php?chooselog=1&logreader=logstore_standard&id=0&user=321&date=1772755200
2026-03-12,321,HU18P0248 VÕ THỊ HÀ TIÊN,7.61,1,233,0.1,2,0.0,REVIEW REQUIRED,session_too_long; single_activity_loop,high; medium,"S1 [08:39-16:16, 7.61h]: session_too_long - Session duration 7.6h exceeds 6h limit; single_activity_loop - 98% of events on ""Page: Listening - WATCH THIS FIRST""",https://glow.paclinks.org/report/log/index.php?chooselog=1&logreader=logstore_standard&id=0&user=321&date=1773273600
2026-03-13,321,HU18P0248 VÕ THỊ HÀ TIÊN,5.57,1,168,0.25,2,0.0,REVIEW REQUIRED,auto_refresh; single_activity_loop,medium; medium,"S1 [08:26-14:00, 5.57h]: auto_refresh - 94% of gaps within ±2.0s of mean 119.3s; single_activity_loop - 99% of events on ""Page: Listening - WATCH THIS FIRST""",https://glow.paclinks.org/report/log/index.php?chooselog=1&logreader=logstore_standard&id=0&user=321&date=1773360000
2026-03-15,321,HU18P0248 VÕ THỊ HÀ TIÊN,2.23,1,62,0.4,1,0.0,HAS ANOMALIES,single_activity_loop,medium,"S1 [15:37-17:51, 2.23h]: single_activity_loop - 94% of events on ""Page: Listening - WATCH THIS FIRST""",https://glow.paclinks.org/report/log/index.php?chooselog=1&logreader=logstore_standard&id=0&user=321&date=1773532800
2026-03-16,321,HU18P0248 VÕ THỊ HÀ TIÊN,0.77,1,32,0.55,0,0.77,CLEAN,,,,https://glow.paclinks.org/report/log/index.php?chooselog=1&logreader=logstore_standard&id=0&user=321&date=1773619200
2026-03-19,321,HU18P0248 VÕ THỊ HÀ TIÊN,5.77,1,177,0.4,1,0.0,HAS ANOMALIES,single_activity_loop,medium,"S1 [08:29-14:16, 5.77h]: single_activity_loop - 98% of events on ""Page: Listening - WATCH THIS FIRST""",https://glow.paclinks.org/report/log/index.php?chooselog=1&logreader=logstore_standard&id=0&user=321&date=1773878400
2026-03-20,321,HU18P0248 VÕ THỊ HÀ TIÊN,2.6,1,79,0.25,2,0.0,REVIEW REQUIRED,auto_refresh; single_activity_loop,medium; medium,"S1 [08:31-11:07, 2.60h]: auto_refresh - 97% of gaps within ±2.0s of mean 118.6s; single_activity_loop - 99% of events on ""Page: Listening - WATCH THIS FIRST""",https://glow.paclinks.org/report/log/index.php?chooselog=1&logreader=logstore_standard&id=0&user=321&date=1773964800
2026-03-27,321,HU18P0248 VÕ THỊ HÀ TIÊN,0.05,1,5,0.5,0,0.05,CLEAN,,,,https://glow.paclinks.org/report/log/index.php?chooselog=1&logreader=logstore_standard&id=0&user=321&date=1774569600
2026-03-30,321,HU18P0248 VÕ THỊ HÀ TIÊN,1.14,2,41,0.55,0,1.14,CLEAN,,,,https://glow.paclinks.org/report/log/index.php?chooselog=1&logreader=logstore_standard&id=0&user=321&date=1774828800
2026-03-31,321,HU18P0248 VÕ THỊ HÀ TIÊN,0.1,1,3,0.5,0,0.1,CLEAN,,,,https://glow.paclinks.org/report/log/index.php?chooselog=1&logreader=logstore_standard&id=0&user=321&date=1774915200
2026-03-03,3479,HU19P0290 Phạm Thị Trang Uyên,0.34,1,9,0.6,0,0.34,CLEAN,,,,https://glow.paclinks.org/report/log/index.php?chooselog=1&logreader=logstore_standard&id=0&user=3479&date=1772496000
2026-03-08,3479,HU19P0290 Phạm Thị Trang Uyên,0.33,1,3,0.55,0,0.33,CLEAN,,,,https://glow.paclinks.org/report/log/index.php?chooselog=1&logreader=logstore_standard&id=0&user=3479&date=1772928000
2026-03-10,3479,HU19P0290 Phạm Thị Trang Uyên,0.72,2,11,0.6,0,0.72,CLEAN,,,,https://glow.paclinks.org/report/log/index.php?chooselog=1&logreader=logstore_standard&id=0&user=3479&date=1773100800
2026-03-11,3479,HU19P0290 Phạm Thị Trang Uyên,0.29,1,7,0.6,0,0.29,CLEAN,,,,https://glow.paclinks.org/report/log/index.php?chooselog=1&logreader=logstore_standard&id=0&user=3479&date=1773187200
2026-03-12,3479,HU19P0290 Phạm Thị Trang Uyên,0.3,1,5,0.55,0,0.3,CLEAN,,,,https://glow.paclinks.org/report/log/index.php?chooselog=1&logreader=logstore_standard&id=0&user=3479&date=1773273600
2026-03-29,3479,HU19P0290 Phạm Thị Trang Uyên,0.27,1,3,0.55,0,0.27,CLEAN,,,,https://glow.paclinks.org/report/log/index.php?chooselog=1&logreader=logstore_standard&id=0&user=3479&date=1774742400
2026-03-18,5004,HU19P0320 Nguyễn Văn Minh Duy,0.35,1,11,0.6,0,0.35,CLEAN,,,,https://glow.paclinks.org/report/log/index.php?chooselog=1&logreader=logstore_standard&id=0&user=5004&date=1773792000
2026-03-21,5004,HU19P0320 Nguyễn Văn Minh Duy,0.8,1,14,0.55,0,0.8,CLEAN,,,,https://glow.paclinks.org/report/log/index.php?chooselog=1&logreader=logstore_standard&id=0&user=5004&date=1774051200
2026-03-25,5004,HU19P0320 Nguyễn Văn Minh Duy,0.34,2,5,0.55,0,0.34,CLEAN,,,,https://glow.paclinks.org/report/log/index.php?chooselog=1&logreader=logstore_standard&id=0&user=5004&date=1774396800
2026-03-31,5004,HU19P0320 Nguyễn Văn Minh Duy,0.85,1,13,0.55,0,0.85,CLEAN,,,,https://glow.paclinks.org/report/log/index.php?chooselog=1&logreader=logstore_standard&id=0&user=5004&date=1774915200
2026-03-01,2569,HU19P0340 TRẦNTHỊ KIMMỸ,0.2,1,6,0.55,0,0.2,CLEAN,,,,https://glow.paclinks.org/report/log/index.php?chooselog=1&logreader=logstore_standard&id=0&user=2569&date=1772323200
2026-03-02,2569,HU19P0340 TRẦNTHỊ KIMMỸ,0.19,1,8,0.55,0,0.19,CLEAN,,,,https://glow.paclinks.org/report/log/index.php?chooselog=1&logreader=logstore_standard&id=0&user=2569&date=1772409600
2026-03-29,2569,HU19P0340 TRẦNTHỊ KIMMỸ,0.18,1,9,0.6,0,0.18,CLEAN,,,,https://glow.paclinks.org/report/log/index.php?chooselog=1&logreader=logstore_standard&id=0&user=2569&date=1774742400
2026-03-10,4362,HU19P0350 NGÔ VIẾT BẢO NGUYÊN,2.07,4,75,0.53,1,1.5,HAS ANOMALIES,single_activity_loop,medium,"S4 [16:10-16:44, 0.57h]: single_activity_loop - 94% of events on ""Interactive Content: English Grammar Quiz: Past Simple vs Pa""",https://glow.paclinks.org/report/log/index.php?chooselog=1&logreader=logstore_standard&id=0&user=4362&date=1773100800
2026-03-12,4362,HU19P0350 NGÔ VIẾT BẢO NGUYÊN,6.09,3,196,0.48,1,0.29,HAS ANOMALIES,single_activity_loop,medium,"S1 [15:35-21:23, 5.80h]: single_activity_loop - 97% of events on ""Page: How To Improve Your Students' IELTS Score - Pauline Cu""",https://glow.paclinks.org/report/log/index.php?chooselog=1&logreader=logstore_standard&id=0&user=4362&date=1773273600
2026-03-19,4362,HU19P0350 NGÔ VIẾT BẢO NGUYÊN,2.24,1,71,0.4,1,0.0,HAS ANOMALIES,single_activity_loop,medium,"S1 [00:06-02:21, 2.24h]: single_activity_loop - 94% of events on ""Page: Webinar - TOEIC Workshop 1""",https://glow.paclinks.org/report/log/index.php?chooselog=1&logreader=logstore_standard&id=0&user=4362&date=1773878400
2026-03-20,4362,HU19P0350 NGÔ VIẾT BẢO NGUYÊN,4.3,1,134,0.4,1,0.0,HAS ANOMALIES,single_activity_loop,medium,"S1 [19:40-23:58, 4.30h]: single_activity_loop - 97% of events on ""Interactive Content: Listening""",https://glow.paclinks.org/report/log/index.php?chooselog=1&logreader=logstore_standard&id=0&user=4362&date=1773964800
2026-03-01,5203,HU20P0367 Đỗ Phan Thuỵ Thuỳ Nhung,0.23,1,8,0.55,0,0.23,CLEAN,,,,https://glow.paclinks.org/report/log/index.php?chooselog=1&logreader=logstore_standard&id=0&user=5203&date=1772323200
2026-03-02,5203,HU20P0367 Đỗ Phan Thuỵ Thuỳ Nhung,0.53,1,69,0.65,0,0.53,CLEAN,,,,https://glow.paclinks.org/report/log/index.php?chooselog=1&logreader=logstore_standard&id=0&user=5203&date=1772409600
2026-03-06,5219,HU20P0383 NGUYỄN BÍCH CHÂU,0.78,1,93,0.85,0,0.78,CLEAN,,,,https://glow.paclinks.org/report/log/index.php?chooselog=1&logreader=logstore_standard&id=0&user=5219&date=1772755200
2026-03-07,5219,HU20P0383 NGUYỄN BÍCH CHÂU,0.83,1,51,0.6,0,0.83,CLEAN,,,,https://glow.paclinks.org/report/log/index.php?chooselog=1&logreader=logstore_standard&id=0&user=5219&date=1772841600
2026-03-13,5219,HU20P0383 NGUYỄN BÍCH CHÂU,1.37,3,72,0.75,0,1.37,CLEAN,,,,https://glow.paclinks.org/report/log/index.php?chooselog=1&logreader=logstore_standard&id=0&user=5219&date=1773360000
2026-03-21,5219,HU20P0383 NGUYỄN BÍCH CHÂU,0.34,2,20,0.57,0,0.34,CLEAN,,,,https://glow.paclinks.org/report/log/index.php?chooselog=1&logreader=logstore_standard&id=0&user=5219&date=1774051200
2026-03-27,5219,HU20P0383 NGUYỄN BÍCH CHÂU,0.25,1,16,0.55,0,0.25,CLEAN,,,,https://glow.paclinks.org/report/log/index.php?chooselog=1&logreader=logstore_standard&id=0&user=5219&date=1774569600
2026-03-10,5224,HU20P0388 TRẦN TRUNG HIẾU,0.41,1,3,0.5,0,0.41,CLEAN,,,,https://glow.paclinks.org/report/log/index.php?chooselog=1&logreader=logstore_standard&id=0&user=5224&date=1773100800
2026-03-14,5224,HU20P0388 TRẦN TRUNG HIẾU,0.36,1,3,0.5,0,0.36,CLEAN,,,,https://glow.paclinks.org/report/log/index.php?chooselog=1&logreader=logstore_standard&id=0&user=5224&date=1773446400
2026-03-24,5224,HU20P0388 TRẦN TRUNG HIẾU,0.4,1,2,0.5,0,0.4,CLEAN,,,,https://glow.paclinks.org/report/log/index.php?chooselog=1&logreader=logstore_standard&id=0&user=5224&date=1774310400
2026-03-03,5258,HU20P0422 PHÙNG CHÂU ĐAN VI,3.17,3,26,0.48,1,1.48,HAS ANOMALIES,single_activity_loop,medium,"S2 [19:49-21:30, 1.68h]: single_activity_loop - 100% of events on ""Interactive Content: Simple Subjects and Simple Predicates I""",https://glow.paclinks.org/report/log/index.php?chooselog=1&logreader=logstore_standard&id=0&user=5258&date=1772496000
2026-03-09,5258,HU20P0422 PHÙNG CHÂU ĐAN VI,0.9,2,17,0.53,0,0.9,CLEAN,,,,https://glow.paclinks.org/report/log/index.php?chooselog=1&logreader=logstore_standard&id=0&user=5258&date=1773014400
2026-03-10,5258,HU20P0422 PHÙNG CHÂU ĐAN VI,2.73,4,25,0.51,0,2.73,CLEAN,,,,https://glow.paclinks.org/report/log/index.php?chooselog=1&logreader=logstore_standard&id=0&user=5258&date=1773100800
2026-03-15,5258,HU20P0422 PHÙNG CHÂU ĐAN VI,0.18,1,8,0.55,0,0.18,CLEAN,,,,https://glow.paclinks.org/report/log/index.php?chooselog=1&logreader=logstore_standard&id=0&user=5258&date=1773532800
2026-03-18,5258,HU20P0422 PHÙNG CHÂU ĐAN VI,2.15,4,28,0.49,1,1.04,HAS ANOMALIES,single_activity_loop,medium,"S2 [21:56-23:02, 1.11h]: single_activity_loop - 92% of events on ""Interactive Content: Simple Subjects and Simple Predicates I""",https://glow.paclinks.org/report/log/index.php?chooselog=1&logreader=logstore_standard&id=0&user=5258&date=1773792000
2026-03-19,5258,HU20P0422 PHÙNG CHÂU ĐAN VI,0.37,1,3,0.5,0,0.37,CLEAN,,,,https://glow.paclinks.org/report/log/index.php?chooselog=1&logreader=logstore_standard&id=0&user=5258&date=1773878400
2026-03-20,5258,HU20P0422 PHÙNG CHÂU ĐAN VI,1.8,2,21,0.45,1,0.93,HAS ANOMALIES,single_activity_loop,medium,"S2 [22:56-23:48, 0.87h]: single_activity_loop - 100% of events on ""Interactive Content: Simple Subjects and Simple Predicates I""",https://glow.paclinks.org/report/log/index.php?chooselog=1&logreader=logstore_standard&id=0&user=5258&date=1773964800
2026-03-22,5258,HU20P0422 PHÙNG CHÂU ĐAN VI,2.38,3,33,0.55,0,2.38,CLEAN,,,,https://glow.paclinks.org/report/log/index.php?chooselog=1&logreader=logstore_standard&id=0&user=5258&date=1774137600
2026-03-23,5258,HU20P0422 PHÙNG CHÂU ĐAN VI,1.9,2,21,0.53,0,1.9,CLEAN,,,,https://glow.paclinks.org/report/log/index.php?chooselog=1&logreader=logstore_standard&id=0&user=5258&date=1774224000
2026-03-27,5258,HU20P0422 PHÙNG CHÂU ĐAN VI,2.24,3,24,0.53,0,2.24,CLEAN,,,,https://glow.paclinks.org/report/log/index.php?chooselog=1&logreader=logstore_standard&id=0&user=5258&date=1774569600
2026-03-08,6480,HU21P0462 THÁI NGUYỄN THÙY TRANG,0.19,1,7,0.55,0,0.19,CLEAN,,,,https://glow.paclinks.org/report/log/index.php?chooselog=1&logreader=logstore_standard&id=0&user=6480&date=1772928000
2026-03-10,6480,HU21P0462 THÁI NGUYỄN THÙY TRANG,0.3,1,8,0.55,0,0.3,CLEAN,,,,https://glow.paclinks.org/report/log/index.php?chooselog=1&logreader=logstore_standard&id=0&user=6480&date=1773100800
2026-03-17,6480,HU21P0462 THÁI NGUYỄN THÙY TRANG,0.26,1,6,0.6,0,0.26,CLEAN,,,,https://glow.paclinks.org/report/log/index.php?chooselog=1&logreader=logstore_standard&id=0&user=6480&date=1773705600
2026-03-18,6480,HU21P0462 THÁI NGUYỄN THÙY TRANG,0.25,1,3,0.5,0,0.25,CLEAN,,,,https://glow.paclinks.org/report/log/index.php?chooselog=1&logreader=logstore_standard&id=0&user=6480&date=1773792000
2026-03-30,6480,HU21P0462 THÁI NGUYỄN THÙY TRANG,0.57,2,10,0.53,0,0.57,CLEAN,,,,https://glow.paclinks.org/report/log/index.php?chooselog=1&logreader=logstore_standard&id=0&user=6480&date=1774828800
2026-03-31,6480,HU21P0462 THÁI NGUYỄN THÙY TRANG,1.03,3,20,0.55,0,1.03,CLEAN,,,,https://glow.paclinks.org/report/log/index.php?chooselog=1&logreader=logstore_standard&id=0&user=6480&date=1774915200
2026-03-17,6506,HU21P0488 LÊ PHẠM KHÁNH NGÂN,0.08,1,19,0.7,0,0.08,CLEAN,,,,https://glow.paclinks.org/report/log/index.php?chooselog=1&logreader=logstore_standard&id=0&user=6506&date=1773705600
2026-03-03,6722,HU21P0490 THÂN ĐẠI PHÁP,0.24,1,4,0.5,0,0.24,CLEAN,,,,https://glow.paclinks.org/report/log/index.php?chooselog=1&logreader=logstore_standard&id=0&user=6722&date=1772496000
2026-03-17,6722,HU21P0490 THÂN ĐẠI PHÁP,0.28,1,9,0.55,0,0.28,CLEAN,,,,https://glow.paclinks.org/report/log/index.php?chooselog=1&logreader=logstore_standard&id=0&user=6722&date=1773705600
2026-03-24,6722,HU21P0490 THÂN ĐẠI PHÁP,0.42,2,13,0.53,0,0.42,CLEAN,,,,https://glow.paclinks.org/report/log/index.php?chooselog=1&logreader=logstore_standard&id=0&user=6722&date=1774310400
2026-03-27,6722,HU21P0490 THÂN ĐẠI PHÁP,0.41,2,11,0.53,0,0.41,CLEAN,,,,https://glow.paclinks.org/report/log/index.php?chooselog=1&logreader=logstore_standard&id=0&user=6722&date=1774569600
2026-03-28,6722,HU21P0490 THÂN ĐẠI PHÁP,0.09,1,9,0.55,0,0.09,CLEAN,,,,https://glow.paclinks.org/report/log/index.php?chooselog=1&logreader=logstore_standard&id=0&user=6722&date=1774656000
2026-03-11,6857,HU21P0503 MAI LÊ BÁ HOÀNG,1.36,1,59,0.4,1,0.0,HAS ANOMALIES,single_activity_loop,medium,"S1 [18:59-20:21, 1.36h]: single_activity_loop - 92% of events on ""Quiz: UNIT 1 - Key vocabulary""",https://glow.paclinks.org/report/log/index.php?chooselog=1&logreader=logstore_standard&id=0&user=6857&date=1773187200
2026-03-27,6857,HU21P0503 MAI LÊ BÁ HOÀNG,3.55,1,139,0.4,1,0.0,HAS ANOMALIES,single_activity_loop,medium,"S1 [17:20-20:52, 3.55h]: single_activity_loop - 97% of events on ""Quiz: Unit 1 - Key Vocabulary (1-10)""",https://glow.paclinks.org/report/log/index.php?chooselog=1&logreader=logstore_standard&id=0&user=6857&date=1774569600
2026-03-28,6857,HU21P0503 MAI LÊ BÁ HOÀNG,2.11,1,74,0.35,1,0.0,REVIEW REQUIRED,single_activity_loop,medium,"S1 [08:48-10:54, 2.11h]: single_activity_loop - 100% of events on ""Quiz: Unit 1 - Sounds/Minimal Pairs (11 - 16)""",https://glow.paclinks.org/report/log/index.php?chooselog=1&logreader=logstore_standard&id=0&user=6857&date=1774656000
2026-03-29,6857,HU21P0503 MAI LÊ BÁ HOÀNG,2.24,1,92,0.4,1,0.0,HAS ANOMALIES,single_activity_loop,medium,"S1 [10:19-12:33, 2.24h]: single_activity_loop - 96% of events on ""Quiz: Unit 1 - Key Vocabulary (1-10)""",https://glow.paclinks.org/report/log/index.php?chooselog=1&logreader=logstore_standard&id=0&user=6857&date=1774742400
2026-03-30,6857,HU21P0503 MAI LÊ BÁ HOÀNG,2.51,1,113,0.45,1,0.0,HAS ANOMALIES,single_activity_loop,medium,"S1 [09:58-12:28, 2.51h]: single_activity_loop - 92% of events on ""Quiz:  Unit 2 - Word groups &amp; Syllable Stress (21 - 34)""",https://glow.paclinks.org/report/log/index.php?chooselog=1&logreader=logstore_standard&id=0&user=6857&date=1774828800
2026-03-31,6857,HU21P0503 MAI LÊ BÁ HOÀNG,2.71,2,93,0.53,1,0.11,HAS ANOMALIES,single_activity_loop,medium,"S1 [10:03-12:38, 2.59h]: single_activity_loop - 95% of events on ""Quiz: UNIT 1 - Sounds/Minimal Pairs""",https://glow.paclinks.org/report/log/index.php?chooselog=1&logreader=logstore_standard&id=0&user=6857&date=1774915200
2026-03-22,6859,HU21P0505 PHAN ĐỖ ANH KHOA,2.27,1,90,0.4,1,0.0,HAS ANOMALIES,single_activity_loop,medium,"S1 [00:28-02:44, 2.27h]: single_activity_loop - 96% of events on ""Quiz: Speaking""",https://glow.paclinks.org/report/log/index.php?chooselog=1&logreader=logstore_standard&id=0&user=6859&date=1774137600
2026-03-30,6859,HU21P0505 PHAN ĐỖ ANH KHOA,3.86,1,181,0.35,1,0.0,REVIEW REQUIRED,single_activity_loop,medium,"S1 [00:00-03:52, 3.86h]: single_activity_loop - 100% of events on ""Quiz: Speaking""",https://glow.paclinks.org/report/log/index.php?chooselog=1&logreader=logstore_standard&id=0&user=6859&date=1774828800
2026-03-03,7240,HU22P0512 NGUYỄN PHƯỚC BẢO HOÀNG NHẬT HUY,0.16,1,5,0.55,0,0.16,CLEAN,,,,https://glow.paclinks.org/report/log/index.php?chooselog=1&logreader=logstore_standard&id=0&user=7240&date=1772496000
2026-03-09,7240,HU22P0512 NGUYỄN PHƯỚC BẢO HOÀNG NHẬT HUY,0.11,1,5,0.55,0,0.11,CLEAN,,,,https://glow.paclinks.org/report/log/index.php?chooselog=1&logreader=logstore_standard&id=0&user=7240&date=1773014400
2026-03-16,7240,HU22P0512 NGUYỄN PHƯỚC BẢO HOÀNG NHẬT HUY,0.46,2,10,0.55,0,0.46,CLEAN,,,,https://glow.paclinks.org/report/log/index.php?chooselog=1&logreader=logstore_standard&id=0&user=7240&date=1773619200
2026-03-17,7240,HU22P0512 NGUYỄN PHƯỚC BẢO HOÀNG NHẬT HUY,0.09,1,6,0.55,0,0.09,CLEAN,,,,https://glow.paclinks.org/report/log/index.php?chooselog=1&logreader=logstore_standard&id=0&user=7240&date=1773705600
2026-03-18,7240,HU22P0512 NGUYỄN PHƯỚC BẢO HOÀNG NHẬT HUY,0.14,1,5,0.55,0,0.14,CLEAN,,,,https://glow.paclinks.org/report/log/index.php?chooselog=1&logreader=logstore_standard&id=0&user=7240&date=1773792000
2026-03-30,7240,HU22P0512 NGUYỄN PHƯỚC BẢO HOÀNG NHẬT HUY,0.34,1,5,0.55,0,0.34,CLEAN,,,,https://glow.paclinks.org/report/log/index.php?chooselog=1&logreader=logstore_standard&id=0&user=7240&date=1774828800
2026-03-01,7241,HU22P0513 PHẠM THỊ HOÀI NHƯ,0.14,1,2,0.5,0,0.14,CLEAN,,,,https://glow.paclinks.org/report/log/index.php?chooselog=1&logreader=logstore_standard&id=0&user=7241&date=1772323200
2026-03-05,7241,HU22P0513 PHẠM THỊ HOÀI NHƯ,0.4,2,6,0.5,0,0.4,CLEAN,,,,https://glow.paclinks.org/report/log/index.php?chooselog=1&logreader=logstore_standard&id=0&user=7241&date=1772668800
2026-03-06,7241,HU22P0513 PHẠM THỊ HOÀI NHƯ,0.93,2,18,0.55,0,0.93,CLEAN,,,,https://glow.paclinks.org/report/log/index.php?chooselog=1&logreader=logstore_standard&id=0&user=7241&date=1772755200
2026-03-18,7241,HU22P0513 PHẠM THỊ HOÀI NHƯ,0.37,1,2,0.5,0,0.37,CLEAN,,,,https://glow.paclinks.org/report/log/index.php?chooselog=1&logreader=logstore_standard&id=0&user=7241&date=1773792000
2026-03-19,7241,HU22P0513 PHẠM THỊ HOÀI NHƯ,0.29,1,2,0.5,0,0.29,CLEAN,,,,https://glow.paclinks.org/report/log/index.php?chooselog=1&logreader=logstore_standard&id=0&user=7241&date=1773878400
2026-03-31,8123,HU23P0529 TRẦN HUỲNH VÂN ANH,0.19,1,9,0.55,0,0.19,CLEAN,,,,https://glow.paclinks.org/report/log/index.php?chooselog=1&logreader=logstore_standard&id=0&user=8123&date=1774915200
2026-03-03,8125,HU23P0531 NGUYỄN PHƯƠNG ANH,0.13,1,4,0.5,0,0.13,CLEAN,,,,https://glow.paclinks.org/report/log/index.php?chooselog=1&logreader=logstore_standard&id=0&user=8125&date=1772496000
2026-03-16,8127,HU23P0533 NGUYỄN MINH THI,0.13,1,9,0.55,0,0.13,CLEAN,,,,https://glow.paclinks.org/report/log/index.php?chooselog=1&logreader=logstore_standard&id=0&user=8127&date=1773619200
2026-03-30,8127,HU23P0533 NGUYỄN MINH THI,0.24,1,12,0.55,0,0.24,CLEAN,,,,https://glow.paclinks.org/report/log/index.php?chooselog=1&logreader=logstore_standard&id=0&user=8127&date=1774828800
2026-03-31,8127,HU23P0533 NGUYỄN MINH THI,0.06,1,6,0.55,0,0.06,CLEAN,,,,https://glow.paclinks.org/report/log/index.php?chooselog=1&logreader=logstore_standard&id=0&user=8127&date=1774915200
2026-03-09,8128,HU23P0534 LÊ THỊ THANH NHÀN,0.07,1,13,0.55,0,0.07,CLEAN,,,,https://glow.paclinks.org/report/log/index.php?chooselog=1&logreader=logstore_standard&id=0&user=8128&date=1773014400
2026-03-16,8128,HU23P0534 LÊ THỊ THANH NHÀN,0.23,2,16,0.55,0,0.23,CLEAN,,,,https://glow.paclinks.org/report/log/index.php?chooselog=1&logreader=logstore_standard&id=0&user=8128&date=1773619200
2026-03-18,8128,HU23P0534 LÊ THỊ THANH NHÀN,0.06,1,6,0.55,0,0.06,CLEAN,,,,https://glow.paclinks.org/report/log/index.php?chooselog=1&logreader=logstore_standard&id=0&user=8128&date=1773792000
2026-03-28,8130,HU23P0536 NGUYỄN THỊ NGỌC HUYỀN,0.24,1,15,0.55,0,0.24,CLEAN,,,,https://glow.paclinks.org/report/log/index.php?chooselog=1&logreader=logstore_standard&id=0&user=8130&date=1774656000
2026-03-29,8130,HU23P0536 NGUYỄN THỊ NGỌC HUYỀN,0.27,1,9,0.55,0,0.27,CLEAN,,,,https://glow.paclinks.org/report/log/index.php?chooselog=1&logreader=logstore_standard&id=0&user=8130&date=1774742400
2026-03-30,8130,HU23P0536 NGUYỄN THỊ NGỌC HUYỀN,1.33,3,21,0.53,0,1.33,CLEAN,,,,https://glow.paclinks.org/report/log/index.php?chooselog=1&logreader=logstore_standard&id=0&user=8130&date=1774828800
2026-03-31,8130,HU23P0536 NGUYỄN THỊ NGỌC HUYỀN,0.9,3,11,0.53,0,0.9,CLEAN,,,,https://glow.paclinks.org/report/log/index.php?chooselog=1&logreader=logstore_standard&id=0&user=8130&date=1774915200
2026-03-01,8131,HU23P0537 LÊ NGUYỄN THANH TÂM,0.1,1,36,0.25,2,0.0,REVIEW REQUIRED,auto_refresh; excessive_events,medium; medium,"S1 [12:31-12:37, 0.10h]: auto_refresh - 86% of gaps within ±2.0s of mean 10.0s; excessive_events - 358 events/hr (max=300)",https://glow.paclinks.org/report/log/index.php?chooselog=1&logreader=logstore_standard&id=0&user=8131&date=1772323200
2026-03-07,8131,HU23P0537 LÊ NGUYỄN THANH TÂM,1.58,2,448,0.2,4,0.0,REVIEW REQUIRED,single_activity_loop; auto_refresh; excessive_events,medium; high; medium,"S1 [19:57-20:31, 0.56h]: single_activity_loop - 97% of events on ""Interactive Content: Reading""
S2 [22:44-23:45, 1.02h]: auto_refresh - Gaps extremely regular: mean=11.1s, std=1.21s across 329 gaps; excessive_events - 325 events/hr (max=300); single_activity_loop - 99% of events on ""Interactive Content: Reading""",https://glow.paclinks.org/report/log/index.php?chooselog=1&logreader=logstore_standard&id=0&user=8131&date=1772841600
2026-03-09,8131,HU23P0537 LÊ NGUYỄN THANH TÂM,2.82,2,846,0.25,4,0.0,REVIEW REQUIRED,single_activity_loop; auto_refresh; excessive_events,medium; high; medium,"S1 [16:45-17:41, 0.93h]: single_activity_loop - 97% of events on ""Quiz: Reading - Practice""
S2 [21:36-23:30, 1.89h]: auto_refresh - Gaps extremely regular: mean=10.8s, std=1.04s across 626 gaps; excessive_events - 332 events/hr (max=300); single_activity_loop - 99% of events on ""Quiz: Reading - Practice""",https://glow.paclinks.org/report/log/index.php?chooselog=1&logreader=logstore_standard&id=0&user=8131&date=1773014400
2026-03-11,8131,HU23P0537 LÊ NGUYỄN THANH TÂM,2.11,2,598,0.42,3,0.3,HAS ANOMALIES,auto_refresh; excessive_events; single_activity_loop,high; medium; medium,"S1 [09:18-11:07, 1.82h]: auto_refresh - Gaps extremely regular: mean=11.3s, std=0.97s across 580 gaps; excessive_events - 320 events/hr (max=300); single_activity_loop - 99% of events on ""Interactive Content: Reading""",https://glow.paclinks.org/report/log/index.php?chooselog=1&logreader=logstore_standard&id=0&user=8131&date=1773187200
2026-03-12,8131,HU23P0537 LÊ NGUYỄN THANH TÂM,2.9,2,724,0.62,1,0.27,HAS ANOMALIES,single_activity_loop,medium,"S1 [14:10-16:48, 2.63h]: single_activity_loop - 100% of events on ""Quiz: Listening - Practice""",https://glow.paclinks.org/report/log/index.php?chooselog=1&logreader=logstore_standard&id=0&user=8131&date=1773273600
2026-03-30,8131,HU23P0537 LÊ NGUYỄN THANH TÂM,0.27,1,14,0.7,0,0.27,CLEAN,,,,https://glow.paclinks.org/report/log/index.php?chooselog=1&logreader=logstore_standard&id=0&user=8131&date=1774828800
2026-03-25,8132,HU23P0538 PHẠM VIẾT THẮNG,0.93,2,38,0.55,0,0.93,CLEAN,,,,https://glow.paclinks.org/report/log/index.php?chooselog=1&logreader=logstore_standard&id=0&user=8132&date=1774396800
2026-03-30,8137,HU23P0543 TRẦN HẢI NGỌC TRÂN,0.16,1,19,0.85,0,0.16,CLEAN,,,,https://glow.paclinks.org/report/log/index.php?chooselog=1&logreader=logstore_standard&id=0&user=8137&date=1774828800
2026-03-10,8139,HU23P0545 HỒ ĐẮC THÁI BẢO,1.51,1,17,0.55,0,1.51,CLEAN,,,,https://glow.paclinks.org/report/log/index.php?chooselog=1&logreader=logstore_standard&id=0&user=8139&date=1773100800
2026-03-18,8139,HU23P0545 HỒ ĐẮC THÁI BẢO,7.47,3,60,0.4,2,1.29,HAS ANOMALIES,session_too_long; single_activity_loop,high; medium,"S2 [09:38-15:49, 6.18h]: session_too_long - Session duration 6.2h exceeds 6h limit; single_activity_loop - 97% of events on ""Interactive Content: Listening""",https://glow.paclinks.org/report/log/index.php?chooselog=1&logreader=logstore_standard&id=0&user=8139&date=1773792000
2026-03-19,8139,HU23P0545 HỒ ĐẮC THÁI BẢO,2.01,1,17,0.55,0,2.01,CLEAN,,,,https://glow.paclinks.org/report/log/index.php?chooselog=1&logreader=logstore_standard&id=0&user=8139&date=1773878400
2026-03-22,8139,HU23P0545 HỒ ĐẮC THÁI BẢO,0.52,1,8,0.55,0,0.52,CLEAN,,,,https://glow.paclinks.org/report/log/index.php?chooselog=1&logreader=logstore_standard&id=0&user=8139&date=1774137600
2026-03-27,8139,HU23P0545 HỒ ĐẮC THÁI BẢO,4.04,1,21,0.55,0,4.04,CLEAN,,,,https://glow.paclinks.org/report/log/index.php?chooselog=1&logreader=logstore_standard&id=0&user=8139&date=1774569600
2026-03-28,8139,HU23P0545 HỒ ĐẮC THÁI BẢO,7.49,2,54,0.33,2,0.76,REVIEW REQUIRED,session_too_long; single_activity_loop,high; medium,"S1 [09:18-16:01, 6.73h]: session_too_long - Session duration 6.7h exceeds 6h limit; single_activity_loop - 91% of events on ""Page: Listening - WATCH THIS FIRST""",https://glow.paclinks.org/report/log/index.php?chooselog=1&logreader=logstore_standard&id=0&user=8139&date=1774656000
2026-03-29,8139,HU23P0545 HỒ ĐẮC THÁI BẢO,0.26,1,7,0.55,0,0.26,CLEAN,,,,https://glow.paclinks.org/report/log/index.php?chooselog=1&logreader=logstore_standard&id=0&user=8139&date=1774742400
2026-03-19,8141,HU23P0547 TRẦN ĐỖ NHƯ QUỲNH,0.05,1,6,0.55,0,0.05,CLEAN,,,,https://glow.paclinks.org/report/log/index.php?chooselog=1&logreader=logstore_standard&id=0&user=8141&date=1773878400
2026-03-08,8148,HU23P0554 PHẠM NGỌC ANH THƯ,0.14,1,5,0.55,0,0.14,CLEAN,,,,https://glow.paclinks.org/report/log/index.php?chooselog=1&logreader=logstore_standard&id=0&user=8148&date=1772928000
2026-03-21,8148,HU23P0554 PHẠM NGỌC ANH THƯ,0.07,1,16,0.6,0,0.07,CLEAN,,,,https://glow.paclinks.org/report/log/index.php?chooselog=1&logreader=logstore_standard&id=0&user=8148&date=1774051200
2026-03-22,8148,HU23P0554 PHẠM NGỌC ANH THƯ,0.91,3,51,0.58,0,0.91,CLEAN,,,,https://glow.paclinks.org/report/log/index.php?chooselog=1&logreader=logstore_standard&id=0&user=8148&date=1774137600
2026-03-28,8148,HU23P0554 PHẠM NGỌC ANH THƯ,0.66,2,10,0.53,0,0.66,CLEAN,,,,https://glow.paclinks.org/report/log/index.php?chooselog=1&logreader=logstore_standard&id=0&user=8148&date=1774656000
2026-03-29,8148,HU23P0554 PHẠM NGỌC ANH THƯ,1.52,4,33,0.56,0,1.52,CLEAN,,,,https://glow.paclinks.org/report/log/index.php?chooselog=1&logreader=logstore_standard&id=0&user=8148&date=1774742400
2026-03-09,8376,HU23S0001 Pham Quang Thang,0.09,1,3,0.55,0,0.09,CLEAN,,,,https://glow.paclinks.org/report/log/index.php?chooselog=1&logreader=logstore_standard&id=0&user=8376&date=1773014400
2026-03-11,8376,HU23S0001 Pham Quang Thang,0.06,1,3,0.55,0,0.06,CLEAN,,,,https://glow.paclinks.org/report/log/index.php?chooselog=1&logreader=logstore_standard&id=0&user=8376&date=1773187200
2026-03-12,8376,HU23S0001 Pham Quang Thang,0.36,2,7,0.53,0,0.36,CLEAN,,,,https://glow.paclinks.org/report/log/index.php?chooselog=1&logreader=logstore_standard&id=0&user=8376&date=1773273600
2026-03-15,8376,HU23S0001 Pham Quang Thang,0.06,1,3,0.55,0,0.06,CLEAN,,,,https://glow.paclinks.org/report/log/index.php?chooselog=1&logreader=logstore_standard&id=0&user=8376&date=1773532800
2026-03-21,8376,HU23S0001 Pham Quang Thang,0.23,1,7,0.55,0,0.23,CLEAN,,,,https://glow.paclinks.org/report/log/index.php?chooselog=1&logreader=logstore_standard&id=0&user=8376&date=1774051200
2026-03-23,8376,HU23S0001 Pham Quang Thang,0.49,4,14,0.54,0,0.49,CLEAN,,,,https://glow.paclinks.org/report/log/index.php?chooselog=1&logreader=logstore_standard&id=0&user=8376&date=1774224000
2026-03-24,8376,HU23S0001 Pham Quang Thang,0.37,3,10,0.55,0,0.37,CLEAN,,,,https://glow.paclinks.org/report/log/index.php?chooselog=1&logreader=logstore_standard&id=0&user=8376&date=1774310400
2026-03-25,8376,HU23S0001 Pham Quang Thang,0.64,4,17,0.54,0,0.64,CLEAN,,,,https://glow.paclinks.org/report/log/index.php?chooselog=1&logreader=logstore_standard&id=0&user=8376&date=1774396800
2026-03-26,8376,HU23S0001 Pham Quang Thang,0.44,2,6,0.53,0,0.44,CLEAN,,,,https://glow.paclinks.org/report/log/index.php?chooselog=1&logreader=logstore_standard&id=0&user=8376&date=1774483200
2026-03-27,8376,HU23S0001 Pham Quang Thang,0.53,4,14,0.51,0,0.53,CLEAN,,,,https://glow.paclinks.org/report/log/index.php?chooselog=1&logreader=logstore_standard&id=0&user=8376&date=1774569600
2026-03-28,8376,HU23S0001 Pham Quang Thang,0.48,4,14,0.54,0,0.48,CLEAN,,,,https://glow.paclinks.org/report/log/index.php?chooselog=1&logreader=logstore_standard&id=0&user=8376&date=1774656000
2026-03-29,8376,HU23S0001 Pham Quang Thang,0.22,3,10,0.52,0,0.22,CLEAN,,,,https://glow.paclinks.org/report/log/index.php?chooselog=1&logreader=logstore_standard&id=0&user=8376&date=1774742400
2026-03-30,8376,HU23S0001 Pham Quang Thang,0.17,2,8,0.53,0,0.17,CLEAN,,,,https://glow.paclinks.org/report/log/index.php?chooselog=1&logreader=logstore_standard&id=0&user=8376&date=1774828800
2026-03-31,8376,HU23S0001 Pham Quang Thang,0.58,3,35,0.55,0,0.58,CLEAN,,,,https://glow.paclinks.org/report/log/index.php?chooselog=1&logreader=logstore_standard&id=0&user=8376&date=1774915200
2026-03-12,8598,HU24P0564 NGUYỄN THỊ NHƯ THẢO,0.24,1,21,0.7,0,0.24,CLEAN,,,,https://glow.paclinks.org/report/log/index.php?chooselog=1&logreader=logstore_standard&id=0&user=8598&date=1773273600
2026-03-25,8598,HU24P0564 NGUYỄN THỊ NHƯ THẢO,0.41,1,10,0.55,0,0.41,CLEAN,,,,https://glow.paclinks.org/report/log/index.php?chooselog=1&logreader=logstore_standard&id=0&user=8598&date=1774396800
2026-03-28,8598,HU24P0564 NGUYỄN THỊ NHƯ THẢO,0.26,1,7,0.6,0,0.26,CLEAN,,,,https://glow.paclinks.org/report/log/index.php?chooselog=1&logreader=logstore_standard&id=0&user=8598&date=1774656000
2026-03-05,8601,HU24P0567 NGUYỄN THỊ MINH KHUÊ,0.57,1,49,0.85,0,0.57,CLEAN,,,,https://glow.paclinks.org/report/log/index.php?chooselog=1&logreader=logstore_standard&id=0&user=8601&date=1772668800
2026-03-22,8601,HU24P0567 NGUYỄN THỊ MINH KHUÊ,2.59,1,241,0.8,0,2.59,CLEAN,,,,https://glow.paclinks.org/report/log/index.php?chooselog=1&logreader=logstore_standard&id=0&user=8601&date=1774137600
2026-03-25,8601,HU24P0567 NGUYỄN THỊ MINH KHUÊ,2.29,5,299,0.65,0,2.29,CLEAN,,,,https://glow.paclinks.org/report/log/index.php?chooselog=1&logreader=logstore_standard&id=0&user=8601&date=1774396800
2026-03-27,8601,HU24P0567 NGUYỄN THỊ MINH KHUÊ,1.22,2,151,0.75,0,1.22,CLEAN,,,,https://glow.paclinks.org/report/log/index.php?chooselog=1&logreader=logstore_standard&id=0&user=8601&date=1774569600
2026-03-04,8603,HU24P0569 PHAN CÔNG BÔN,1.44,3,16,0.53,0,1.44,CLEAN,,,,https://glow.paclinks.org/report/log/index.php?chooselog=1&logreader=logstore_standard&id=0&user=8603&date=1772582400
2026-03-05,8603,HU24P0569 PHAN CÔNG BÔN,0.85,2,12,0.55,0,0.85,CLEAN,,,,https://glow.paclinks.org/report/log/index.php?chooselog=1&logreader=logstore_standard&id=0&user=8603&date=1772668800
2026-03-09,8603,HU24P0569 PHAN CÔNG BÔN,0.09,1,4,0.55,0,0.09,CLEAN,,,,https://glow.paclinks.org/report/log/index.php?chooselog=1&logreader=logstore_standard&id=0&user=8603&date=1773014400
2026-03-14,8603,HU24P0569 PHAN CÔNG BÔN,0.06,1,5,0.55,0,0.06,CLEAN,,,,https://glow.paclinks.org/report/log/index.php?chooselog=1&logreader=logstore_standard&id=0&user=8603&date=1773446400
2026-03-26,8603,HU24P0569 PHAN CÔNG BÔN,0.96,2,20,0.55,0,0.96,CLEAN,,,,https://glow.paclinks.org/report/log/index.php?chooselog=1&logreader=logstore_standard&id=0&user=8603&date=1774483200
2026-03-27,8603,HU24P0569 PHAN CÔNG BÔN,0.8,4,19,0.55,0,0.8,CLEAN,,,,https://glow.paclinks.org/report/log/index.php?chooselog=1&logreader=logstore_standard&id=0&user=8603&date=1774569600
2026-03-29,8603,HU24P0569 PHAN CÔNG BÔN,1.2,2,23,0.55,0,1.2,CLEAN,,,,https://glow.paclinks.org/report/log/index.php?chooselog=1&logreader=logstore_standard&id=0&user=8603&date=1774742400
2026-03-31,8603,HU24P0569 PHAN CÔNG BÔN,0.27,1,9,0.55,0,0.27,CLEAN,,,,https://glow.paclinks.org/report/log/index.php?chooselog=1&logreader=logstore_standard&id=0&user=8603&date=1774915200
2026-03-17,8606,HU24P0572 NGUYỄN NGỌC GIA HƯNG,0.33,1,12,0.55,0,0.33,CLEAN,,,,https://glow.paclinks.org/report/log/index.php?chooselog=1&logreader=logstore_standard&id=0&user=8606&date=1773705600
2026-03-19,8606,HU24P0572 NGUYỄN NGỌC GIA HƯNG,1.94,1,48,0.4,1,0.0,HAS ANOMALIES,single_activity_loop,medium,"S1 [21:37-23:33, 1.94h]: single_activity_loop - 94% of events on ""Page: Vocabularies""",https://glow.paclinks.org/report/log/index.php?chooselog=1&logreader=logstore_standard&id=0&user=8606&date=1773878400
2026-03-21,8606,HU24P0572 NGUYỄN NGỌC GIA HƯNG,3.32,2,84,0.48,1,0.95,HAS ANOMALIES,single_activity_loop,medium,"S2 [20:15-22:38, 2.37h]: single_activity_loop - 91% of events on ""Interactive Content: Reading""",https://glow.paclinks.org/report/log/index.php?chooselog=1&logreader=logstore_standard&id=0&user=8606&date=1774051200
2026-03-23,8606,HU24P0572 NGUYỄN NGỌC GIA HƯNG,0.3,1,39,0.7,0,0.3,CLEAN,,,,https://glow.paclinks.org/report/log/index.php?chooselog=1&logreader=logstore_standard&id=0&user=8606&date=1774224000
2026-03-25,8606,HU24P0572 NGUYỄN NGỌC GIA HƯNG,2.66,2,72,0.5,1,1.11,HAS ANOMALIES,single_activity_loop,medium,"S2 [21:55-23:28, 1.55h]: single_activity_loop - 91% of events on ""Interactive Content: Reading""",https://glow.paclinks.org/report/log/index.php?chooselog=1&logreader=logstore_standard&id=0&user=8606&date=1774396800
2026-03-26,8606,HU24P0572 NGUYỄN NGỌC GIA HƯNG,3.29,2,90,0.55,0,3.29,CLEAN,,,,https://glow.paclinks.org/report/log/index.php?chooselog=1&logreader=logstore_standard&id=0&user=8606&date=1774483200
2026-03-27,8606,HU24P0572 NGUYỄN NGỌC GIA HƯNG,0.7,1,22,0.55,0,0.7,CLEAN,,,,https://glow.paclinks.org/report/log/index.php?chooselog=1&logreader=logstore_standard&id=0&user=8606&date=1774569600
2026-03-28,8606,HU24P0572 NGUYỄN NGỌC GIA HƯNG,1.25,1,37,0.55,0,1.25,CLEAN,,,,https://glow.paclinks.org/report/log/index.php?chooselog=1&logreader=logstore_standard&id=0&user=8606&date=1774656000
2026-03-29,8606,HU24P0572 NGUYỄN NGỌC GIA HƯNG,5.02,3,124,0.57,0,5.02,CLEAN,,,,https://glow.paclinks.org/report/log/index.php?chooselog=1&logreader=logstore_standard&id=0&user=8606&date=1774742400
2026-03-30,8606,HU24P0572 NGUYỄN NGỌC GIA HƯNG,2.22,1,51,0.4,1,0.0,HAS ANOMALIES,single_activity_loop,medium,"S1 [21:48-00:02, 2.22h]: single_activity_loop - 92% of events on ""Interactive Content: Listening""",https://glow.paclinks.org/report/log/index.php?chooselog=1&logreader=logstore_standard&id=0&user=8606&date=1774828800
2026-03-31,8606,HU24P0572 NGUYỄN NGỌC GIA HƯNG,4.06,2,108,0.48,1,2.16,HAS ANOMALIES,single_activity_loop,medium,"S2 [21:21-23:15, 1.89h]: single_activity_loop - 91% of events on ""Interactive Content: Listening""",https://glow.paclinks.org/report/log/index.php?chooselog=1&logreader=logstore_standard&id=0&user=8606&date=1774915200
2026-03-23,8608,HU24P0574 NGUYỄN THANH BÌNH,0.11,1,8,0.55,0,0.11,CLEAN,,,,https://glow.paclinks.org/report/log/index.php?chooselog=1&logreader=logstore_standard&id=0&user=8608&date=1774224000
2026-03-29,8608,HU24P0574 NGUYỄN THANH BÌNH,0.2,3,30,0.55,0,0.2,CLEAN,,,,https://glow.paclinks.org/report/log/index.php?chooselog=1&logreader=logstore_standard&id=0&user=8608&date=1774742400
2026-03-30,8608,HU24P0574 NGUYỄN THANH BÌNH,0.82,5,62,0.56,0,0.82,CLEAN,,,,https://glow.paclinks.org/report/log/index.php?chooselog=1&logreader=logstore_standard&id=0&user=8608&date=1774828800
2026-03-31,8608,HU24P0574 NGUYỄN THANH BÌNH,1.82,3,46,0.55,0,1.82,CLEAN,,,,https://glow.paclinks.org/report/log/index.php?chooselog=1&logreader=logstore_standard&id=0&user=8608&date=1774915200
2026-03-26,8643,HU24P0575 NGUYỄN THỊ CẨM TÚ,0.16,2,37,0.57,0,0.16,CLEAN,,,,https://glow.paclinks.org/report/log/index.php?chooselog=1&logreader=logstore_standard&id=0&user=8643&date=1774483200
2026-03-28,8643,HU24P0575 NGUYỄN THỊ CẨM TÚ,0.22,1,53,0.6,0,0.22,CLEAN,,,,https://glow.paclinks.org/report/log/index.php?chooselog=1&logreader=logstore_standard&id=0&user=8643&date=1774656000
2026-03-04,9086,HU25G0591 Phan Nguyễn Bảo Ngọc,0.2,1,12,0.7,0,0.2,CLEAN,,,,https://glow.paclinks.org/report/log/index.php?chooselog=1&logreader=logstore_standard&id=0&user=9086&date=1772582400
2026-03-07,9086,HU25G0591 Phan Nguyễn Bảo Ngọc,0.23,1,28,0.6,0,0.23,CLEAN,,,,https://glow.paclinks.org/report/log/index.php?chooselog=1&logreader=logstore_standard&id=0&user=9086&date=1772841600
2026-03-08,9086,HU25G0591 Phan Nguyễn Bảo Ngọc,0.6,1,93,0.85,0,0.6,CLEAN,,,,https://glow.paclinks.org/report/log/index.php?chooselog=1&logreader=logstore_standard&id=0&user=9086&date=1772928000
2026-03-13,9086,HU25G0591 Phan Nguyễn Bảo Ngọc,0.55,1,34,0.6,0,0.55,CLEAN,,,,https://glow.paclinks.org/report/log/index.php?chooselog=1&logreader=logstore_standard&id=0&user=9086&date=1773360000
2026-03-19,9086,HU25G0591 Phan Nguyễn Bảo Ngọc,0.45,1,27,0.6,0,0.45,CLEAN,,,,https://glow.paclinks.org/report/log/index.php?chooselog=1&logreader=logstore_standard&id=0&user=9086&date=1773878400
2026-03-27,9086,HU25G0591 Phan Nguyễn Bảo Ngọc,0.35,1,22,0.6,0,0.35,CLEAN,,,,https://glow.paclinks.org/report/log/index.php?chooselog=1&logreader=logstore_standard&id=0&user=9086&date=1774569600
2026-03-04,9091,HU25P0578 Tràn Đỗ Vân Anh,0.15,1,6,0.55,0,0.15,CLEAN,,,,https://glow.paclinks.org/report/log/index.php?chooselog=1&logreader=logstore_standard&id=0&user=9091&date=1772582400
2026-03-01,9093,HU25P0580 Phan Nguyễn Minh Tùng,0.8,1,120,0.85,0,0.8,CLEAN,,,,https://glow.paclinks.org/report/log/index.php?chooselog=1&logreader=logstore_standard&id=0&user=9093&date=1772323200
2026-03-03,9093,HU25P0580 Phan Nguyễn Minh Tùng,0.27,1,31,0.55,0,0.27,CLEAN,,,,https://glow.paclinks.org/report/log/index.php?chooselog=1&logreader=logstore_standard&id=0&user=9093&date=1772496000
2026-03-05,9093,HU25P0580 Phan Nguyễn Minh Tùng,0.06,1,18,0.6,0,0.06,CLEAN,,,,https://glow.paclinks.org/report/log/index.php?chooselog=1&logreader=logstore_standard&id=0&user=9093&date=1772668800
2026-03-09,9093,HU25P0580 Phan Nguyễn Minh Tùng,0.48,1,49,0.7,0,0.48,CLEAN,,,,https://glow.paclinks.org/report/log/index.php?chooselog=1&logreader=logstore_standard&id=0&user=9093&date=1773014400
2026-03-11,9093,HU25P0580 Phan Nguyễn Minh Tùng,0.32,1,137,0.65,1,0.0,HAS ANOMALIES,excessive_events,medium,"S1 [21:41-22:01, 0.32h]: excessive_events - 426 events/hr (max=300)",https://glow.paclinks.org/report/log/index.php?chooselog=1&logreader=logstore_standard&id=0&user=9093&date=1773187200
2026-03-12,9093,HU25P0580 Phan Nguyễn Minh Tùng,0.83,1,283,0.65,1,0.0,HAS ANOMALIES,excessive_events,medium,"S1 [19:40-20:30, 0.83h]: excessive_events - 340 events/hr (max=300)",https://glow.paclinks.org/report/log/index.php?chooselog=1&logreader=logstore_standard&id=0&user=9093&date=1773273600
2026-03-13,9093,HU25P0580 Phan Nguyễn Minh Tùng,1.32,2,393,0.62,1,0.11,HAS ANOMALIES,excessive_events,medium,"S2 [19:27-20:39, 1.21h]: excessive_events - 311 events/hr (max=300)",https://glow.paclinks.org/report/log/index.php?chooselog=1&logreader=logstore_standard&id=0&user=9093&date=1773360000
2026-03-16,9093,HU25P0580 Phan Nguyễn Minh Tùng,0.09,1,18,0.7,0,0.09,CLEAN,,,,https://glow.paclinks.org/report/log/index.php?chooselog=1&logreader=logstore_standard&id=0&user=9093&date=1773619200
2026-03-22,9093,HU25P0580 Phan Nguyễn Minh Tùng,0.29,1,24,0.6,0,0.29,CLEAN,,,,https://glow.paclinks.org/report/log/index.php?chooselog=1&logreader=logstore_standard&id=0&user=9093&date=1774137600
2026-03-26,9093,HU25P0580 Phan Nguyễn Minh Tùng,0.37,1,17,0.55,0,0.37,CLEAN,,,,https://glow.paclinks.org/report/log/index.php?chooselog=1&logreader=logstore_standard&id=0&user=9093&date=1774483200
2026-03-29,9093,HU25P0580 Phan Nguyễn Minh Tùng,0.06,1,7,0.55,0,0.06,CLEAN,,,,https://glow.paclinks.org/report/log/index.php?chooselog=1&logreader=logstore_standard&id=0&user=9093&date=1774742400
2026-03-11,9095,HU25P0582 Đỗ Bảo Nhi,0.43,3,20,0.55,0,0.43,CLEAN,,,,https://glow.paclinks.org/report/log/index.php?chooselog=1&logreader=logstore_standard&id=0&user=9095&date=1773187200
2026-03-13,9095,HU25P0582 Đỗ Bảo Nhi,0.2,1,4,0.55,0,0.2,CLEAN,,,,https://glow.paclinks.org/report/log/index.php?chooselog=1&logreader=logstore_standard&id=0&user=9095&date=1773360000
2026-03-15,9095,HU25P0582 Đỗ Bảo Nhi,0.8,3,19,0.55,0,0.8,CLEAN,,,,https://glow.paclinks.org/report/log/index.php?chooselog=1&logreader=logstore_standard&id=0&user=9095&date=1773532800
2026-03-16,9095,HU25P0582 Đỗ Bảo Nhi,0.68,3,16,0.55,0,0.68,CLEAN,,,,https://glow.paclinks.org/report/log/index.php?chooselog=1&logreader=logstore_standard&id=0&user=9095&date=1773619200
2026-03-17,9095,HU25P0582 Đỗ Bảo Nhi,0.18,1,4,0.55,0,0.18,CLEAN,,,,https://glow.paclinks.org/report/log/index.php?chooselog=1&logreader=logstore_standard&id=0&user=9095&date=1773705600
2026-03-27,9095,HU25P0582 Đỗ Bảo Nhi,0.43,2,10,0.5,0,0.43,CLEAN,,,,https://glow.paclinks.org/report/log/index.php?chooselog=1&logreader=logstore_standard&id=0&user=9095&date=1774569600
2026-03-18,9096,HU25P0583 Võ Đức Đồng,1.42,2,16,0.6,0,1.42,CLEAN,,,,https://glow.paclinks.org/report/log/index.php?chooselog=1&logreader=logstore_standard&id=0&user=9096&date=1773792000
2026-03-20,9096,HU25P0583 Võ Đức Đồng,0.94,2,18,0.57,0,0.94,CLEAN,,,,https://glow.paclinks.org/report/log/index.php?chooselog=1&logreader=logstore_standard&id=0&user=9096&date=1773964800
2026-03-21,9096,HU25P0583 Võ Đức Đồng,1.33,2,18,0.57,0,1.33,CLEAN,,,,https://glow.paclinks.org/report/log/index.php?chooselog=1&logreader=logstore_standard&id=0&user=9096&date=1774051200
2026-03-22,9096,HU25P0583 Võ Đức Đồng,0.34,1,9,0.6,0,0.34,CLEAN,,,,https://glow.paclinks.org/report/log/index.php?chooselog=1&logreader=logstore_standard&id=0&user=9096&date=1774137600
2026-03-24,9096,HU25P0583 Võ Đức Đồng,1.28,3,25,0.57,0,1.28,CLEAN,,,,https://glow.paclinks.org/report/log/index.php?chooselog=1&logreader=logstore_standard&id=0&user=9096&date=1774310400
2026-03-26,9096,HU25P0583 Võ Đức Đồng,0.62,1,11,0.6,0,0.62,CLEAN,,,,https://glow.paclinks.org/report/log/index.php?chooselog=1&logreader=logstore_standard&id=0&user=9096&date=1774483200
2026-03-27,9096,HU25P0583 Võ Đức Đồng,1.79,3,38,0.58,0,1.79,CLEAN,,,,https://glow.paclinks.org/report/log/index.php?chooselog=1&logreader=logstore_standard&id=0&user=9096&date=1774569600
2026-03-29,9096,HU25P0583 Võ Đức Đồng,1.25,1,15,0.6,0,1.25,CLEAN,,,,https://glow.paclinks.org/report/log/index.php?chooselog=1&logreader=logstore_standard&id=0&user=9096&date=1774742400
2026-03-30,9096,HU25P0583 Võ Đức Đồng,2.19,2,29,0.57,0,2.19,CLEAN,,,,https://glow.paclinks.org/report/log/index.php?chooselog=1&logreader=logstore_standard&id=0&user=9096&date=1774828800
2026-03-31,9096,HU25P0583 Võ Đức Đồng,0.66,1,11,0.6,0,0.66,CLEAN,,,,https://glow.paclinks.org/report/log/index.php?chooselog=1&logreader=logstore_standard&id=0&user=9096&date=1774915200
2026-03-02,9099,HU25P0586 Nguyễn Thanh Nhật Trường,0.36,1,10,0.55,0,0.36,CLEAN,,,,https://glow.paclinks.org/report/log/index.php?chooselog=1&logreader=logstore_standard&id=0&user=9099&date=1772409600
2026-03-05,9099,HU25P0586 Nguyễn Thanh Nhật Trường,0.98,2,24,0.53,0,0.98,CLEAN,,,,https://glow.paclinks.org/report/log/index.php?chooselog=1&logreader=logstore_standard&id=0&user=9099&date=1772668800
2026-03-07,9099,HU25P0586 Nguyễn Thanh Nhật Trường,0.14,1,4,0.5,0,0.14,CLEAN,,,,https://glow.paclinks.org/report/log/index.php?chooselog=1&logreader=logstore_standard&id=0&user=9099&date=1772841600
2026-03-08,9099,HU25P0586 Nguyễn Thanh Nhật Trường,0.47,2,12,0.57,0,0.47,CLEAN,,,,https://glow.paclinks.org/report/log/index.php?chooselog=1&logreader=logstore_standard&id=0&user=9099&date=1772928000
2026-03-12,9099,HU25P0586 Nguyễn Thanh Nhật Trường,1.79,1,34,0.55,0,1.79,CLEAN,,,,https://glow.paclinks.org/report/log/index.php?chooselog=1&logreader=logstore_standard&id=0&user=9099&date=1773273600
2026-03-14,9099,HU25P0586 Nguyễn Thanh Nhật Trường,0.58,1,12,0.55,0,0.58,CLEAN,,,,https://glow.paclinks.org/report/log/index.php?chooselog=1&logreader=logstore_standard&id=0&user=9099&date=1773446400
2026-03-15,9099,HU25P0586 Nguyễn Thanh Nhật Trường,0.45,2,17,0.6,0,0.45,CLEAN,,,,https://glow.paclinks.org/report/log/index.php?chooselog=1&logreader=logstore_standard&id=0&user=9099&date=1773532800
2026-03-19,9099,HU25P0586 Nguyễn Thanh Nhật Trường,0.17,1,6,0.55,0,0.17,CLEAN,,,,https://glow.paclinks.org/report/log/index.php?chooselog=1&logreader=logstore_standard&id=0&user=9099&date=1773878400
2026-03-22,9099,HU25P0586 Nguyễn Thanh Nhật Trường,0.41,1,10,0.55,0,0.41,CLEAN,,,,https://glow.paclinks.org/report/log/index.php?chooselog=1&logreader=logstore_standard&id=0&user=9099&date=1774137600
2026-03-23,9099,HU25P0586 Nguyễn Thanh Nhật Trường,0.3,1,4,0.5,0,0.3,CLEAN,,,,https://glow.paclinks.org/report/log/index.php?chooselog=1&logreader=logstore_standard&id=0&user=9099&date=1774224000
2026-03-24,9099,HU25P0586 Nguyễn Thanh Nhật Trường,0.38,1,10,0.55,0,0.38,CLEAN,,,,https://glow.paclinks.org/report/log/index.php?chooselog=1&logreader=logstore_standard&id=0&user=9099&date=1774310400
2026-03-26,9099,HU25P0586 Nguyễn Thanh Nhật Trường,0.41,2,24,0.57,0,0.41,CLEAN,,,,https://glow.paclinks.org/report/log/index.php?chooselog=1&logreader=logstore_standard&id=0&user=9099&date=1774483200
2026-03-30,9099,HU25P0586 Nguyễn Thanh Nhật Trường,0.18,1,11,0.55,0,0.18,CLEAN,,,,https://glow.paclinks.org/report/log/index.php?chooselog=1&logreader=logstore_standard&id=0&user=9099&date=1774828800
2026-03-31,9099,HU25P0586 Nguyễn Thanh Nhật Trường,0.61,1,8,0.5,0,0.61,CLEAN,,,,https://glow.paclinks.org/report/log/index.php?chooselog=1&logreader=logstore_standard&id=0&user=9099&date=1774915200
2026-03-01,9101,HU25P0588 Đỗ Như Mai,0.92,3,26,0.57,0,0.92,CLEAN,,,,https://glow.paclinks.org/report/log/index.php?chooselog=1&logreader=logstore_standard&id=0&user=9101&date=1772323200
2026-03-02,9101,HU25P0588 Đỗ Như Mai,1.38,2,52,0.7,0,1.38,CLEAN,,,,https://glow.paclinks.org/report/log/index.php?chooselog=1&logreader=logstore_standard&id=0&user=9101&date=1772409600
2026-03-03,9101,HU25P0588 Đỗ Như Mai,1.09,1,13,0.55,0,1.09,CLEAN,,,,https://glow.paclinks.org/report/log/index.php?chooselog=1&logreader=logstore_standard&id=0&user=9101&date=1772496000
2026-03-04,9101,HU25P0588 Đỗ Như Mai,0.17,1,10,0.6,0,0.17,CLEAN,,,,https://glow.paclinks.org/report/log/index.php?chooselog=1&logreader=logstore_standard&id=0&user=9101&date=1772582400
2026-03-05,9101,HU25P0588 Đỗ Như Mai,0.26,1,4,0.55,0,0.26,CLEAN,,,,https://glow.paclinks.org/report/log/index.php?chooselog=1&logreader=logstore_standard&id=0&user=9101&date=1772668800
2026-03-06,9101,HU25P0588 Đỗ Như Mai,1.06,1,13,0.55,0,1.06,CLEAN,,,,https://glow.paclinks.org/report/log/index.php?chooselog=1&logreader=logstore_standard&id=0&user=9101&date=1772755200
2026-03-07,9101,HU25P0588 Đỗ Như Mai,0.97,2,16,0.57,0,0.97,CLEAN,,,,https://glow.paclinks.org/report/log/index.php?chooselog=1&logreader=logstore_standard&id=0&user=9101&date=1772841600
2026-03-08,9101,HU25P0588 Đỗ Như Mai,0.56,2,49,0.72,0,0.56,CLEAN,,,,https://glow.paclinks.org/report/log/index.php?chooselog=1&logreader=logstore_standard&id=0&user=9101&date=1772928000
2026-03-09,9101,HU25P0588 Đỗ Như Mai,0.5,2,17,0.57,0,0.5,CLEAN,,,,https://glow.paclinks.org/report/log/index.php?chooselog=1&logreader=logstore_standard&id=0&user=9101&date=1773014400
2026-03-10,9101,HU25P0588 Đỗ Như Mai,0.32,1,5,0.55,0,0.32,CLEAN,,,,https://glow.paclinks.org/report/log/index.php?chooselog=1&logreader=logstore_standard&id=0&user=9101&date=1773100800
2026-03-11,9101,HU25P0588 Đỗ Như Mai,0.29,1,4,0.55,0,0.29,CLEAN,,,,https://glow.paclinks.org/report/log/index.php?chooselog=1&logreader=logstore_standard&id=0&user=9101&date=1773187200
2026-03-12,9101,HU25P0588 Đỗ Như Mai,0.47,2,14,0.57,0,0.47,CLEAN,,,,https://glow.paclinks.org/report/log/index.php?chooselog=1&logreader=logstore_standard&id=0&user=9101&date=1773273600
2026-03-13,9101,HU25P0588 Đỗ Như Mai,0.58,1,9,0.55,0,0.58,CLEAN,,,,https://glow.paclinks.org/report/log/index.php?chooselog=1&logreader=logstore_standard&id=0&user=9101&date=1773360000
2026-03-14,9101,HU25P0588 Đỗ Như Mai,0.31,1,7,0.55,0,0.31,CLEAN,,,,https://glow.paclinks.org/report/log/index.php?chooselog=1&logreader=logstore_standard&id=0&user=9101&date=1773446400
2026-03-15,9101,HU25P0588 Đỗ Như Mai,0.88,1,39,0.85,0,0.88,CLEAN,,,,https://glow.paclinks.org/report/log/index.php?chooselog=1&logreader=logstore_standard&id=0&user=9101&date=1773532800
2026-03-16,9101,HU25P0588 Đỗ Như Mai,0.28,1,9,0.6,0,0.28,CLEAN,,,,https://glow.paclinks.org/report/log/index.php?chooselog=1&logreader=logstore_standard&id=0&user=9101&date=1773619200
2026-03-17,9101,HU25P0588 Đỗ Như Mai,0.15,1,6,0.55,0,0.15,CLEAN,,,,https://glow.paclinks.org/report/log/index.php?chooselog=1&logreader=logstore_standard&id=0&user=9101&date=1773705600
2026-03-18,9101,HU25P0588 Đỗ Như Mai,0.29,1,4,0.55,0,0.29,CLEAN,,,,https://glow.paclinks.org/report/log/index.php?chooselog=1&logreader=logstore_standard&id=0&user=9101&date=1773792000
2026-03-19,9101,HU25P0588 Đỗ Như Mai,0.24,1,7,0.55,0,0.24,CLEAN,,,,https://glow.paclinks.org/report/log/index.php?chooselog=1&logreader=logstore_standard&id=0&user=9101&date=1773878400
2026-03-20,9101,HU25P0588 Đỗ Như Mai,0.63,2,28,0.7,0,0.63,CLEAN,,,,https://glow.paclinks.org/report/log/index.php?chooselog=1&logreader=logstore_standard&id=0&user=9101&date=1773964800
2026-03-22,9101,HU25P0588 Đỗ Như Mai,0.6,1,12,0.6,0,0.6,CLEAN,,,,https://glow.paclinks.org/report/log/index.php?chooselog=1&logreader=logstore_standard&id=0&user=9101&date=1774137600
2026-03-25,9101,HU25P0588 Đỗ Như Mai,0.4,1,8,0.55,0,0.4,CLEAN,,,,https://glow.paclinks.org/report/log/index.php?chooselog=1&logreader=logstore_standard&id=0&user=9101&date=1774396800
2026-03-26,9101,HU25P0588 Đỗ Như Mai,0.83,2,29,0.57,0,0.83,CLEAN,,,,https://glow.paclinks.org/report/log/index.php?chooselog=1&logreader=logstore_standard&id=0&user=9101&date=1774483200
2026-03-27,9101,HU25P0588 Đỗ Như Mai,0.17,1,6,0.55,0,0.17,CLEAN,,,,https://glow.paclinks.org/report/log/index.php?chooselog=1&logreader=logstore_standard&id=0&user=9101&date=1774569600
2026-03-28,9101,HU25P0588 Đỗ Như Mai,0.26,1,37,0.85,0,0.26,CLEAN,,,,https://glow.paclinks.org/report/log/index.php?chooselog=1&logreader=logstore_standard&id=0&user=9101&date=1774656000
2026-03-30,9101,HU25P0588 Đỗ Như Mai,0.56,1,95,0.85,0,0.56,CLEAN,,,,https://glow.paclinks.org/report/log/index.php?chooselog=1&logreader=logstore_standard&id=0&user=9101&date=1774828800
2026-03-31,9101,HU25P0588 Đỗ Như Mai,0.43,1,15,0.6,0,0.43,CLEAN,,,,https://glow.paclinks.org/report/log/index.php?chooselog=1&logreader=logstore_standard&id=0&user=9101&date=1774915200
2026-03-02,9102,HU25P0589 Nguyễn Lê Gia Khánh,0.31,1,77,0.8,0,0.31,CLEAN,,,,https://glow.paclinks.org/report/log/index.php?chooselog=1&logreader=logstore_standard&id=0&user=9102&date=1772409600
2026-03-03,9102,HU25P0589 Nguyễn Lê Gia Khánh,0.59,2,167,0.73,1,0.31,HAS ANOMALIES,excessive_events,medium,"S2 [11:40-11:57, 0.28h]: excessive_events - 304 events/hr (max=300)",https://glow.paclinks.org/report/log/index.php?chooselog=1&logreader=logstore_standard&id=0&user=9102&date=1772496000
2026-03-04,9102,HU25P0589 Nguyễn Lê Gia Khánh,0.55,1,152,0.8,0,0.55,CLEAN,,,,https://glow.paclinks.org/report/log/index.php?chooselog=1&logreader=logstore_standard&id=0&user=9102&date=1772582400
2026-03-05,9102,HU25P0589 Nguyễn Lê Gia Khánh,0.11,1,40,0.65,1,0.0,HAS ANOMALIES,excessive_events,medium,"S1 [11:43-11:50, 0.11h]: excessive_events - 352 events/hr (max=300)",https://glow.paclinks.org/report/log/index.php?chooselog=1&logreader=logstore_standard&id=0&user=9102&date=1772668800
2026-03-06,9102,HU25P0589 Nguyễn Lê Gia Khánh,0.69,1,124,0.8,0,0.69,CLEAN,,,,https://glow.paclinks.org/report/log/index.php?chooselog=1&logreader=logstore_standard&id=0&user=9102&date=1772755200
2026-03-07,9102,HU25P0589 Nguyễn Lê Gia Khánh,0.4,1,125,0.65,1,0.0,HAS ANOMALIES,excessive_events,medium,"S1 [12:26-12:50, 0.40h]: excessive_events - 311 events/hr (max=300)",https://glow.paclinks.org/report/log/index.php?chooselog=1&logreader=logstore_standard&id=0&user=9102&date=1772841600
2026-03-11,9102,HU25P0589 Nguyễn Lê Gia Khánh,0.33,1,34,0.7,0,0.33,CLEAN,,,,https://glow.paclinks.org/report/log/index.php?chooselog=1&logreader=logstore_standard&id=0&user=9102&date=1773187200
2026-03-15,9102,HU25P0589 Nguyễn Lê Gia Khánh,0.48,1,13,0.4,1,0.0,HAS ANOMALIES,single_activity_loop,medium,"S1 [20:46-21:15, 0.48h]: single_activity_loop - 92% of events on ""Page: Vocabularies""",https://glow.paclinks.org/report/log/index.php?chooselog=1&logreader=logstore_standard&id=0&user=9102&date=1773532800
2026-03-21,9102,HU25P0589 Nguyễn Lê Gia Khánh,0.77,1,57,0.4,1,0.0,HAS ANOMALIES,single_activity_loop,medium,"S1 [14:37-15:23, 0.77h]: single_activity_loop - 91% of events on ""Quiz: Speaking""",https://glow.paclinks.org/report/log/index.php?chooselog=1&logreader=logstore_standard&id=0&user=9102&date=1774051200
2026-03-23,9102,HU25P0589 Nguyễn Lê Gia Khánh,0.59,1,56,0.7,0,0.59,CLEAN,,,,https://glow.paclinks.org/report/log/index.php?chooselog=1&logreader=logstore_standard&id=0&user=9102&date=1774224000
2026-03-24,9102,HU25P0589 Nguyễn Lê Gia Khánh,0.47,1,27,0.6,0,0.47,CLEAN,,,,https://glow.paclinks.org/report/log/index.php?chooselog=1&logreader=logstore_standard&id=0&user=9102&date=1774310400
2026-03-25,9102,HU25P0589 Nguyễn Lê Gia Khánh,0.36,1,60,0.8,0,0.36,CLEAN,,,,https://glow.paclinks.org/report/log/index.php?chooselog=1&logreader=logstore_standard&id=0&user=9102&date=1774396800
2026-03-26,9102,HU25P0589 Nguyễn Lê Gia Khánh,0.25,1,11,0.55,0,0.25,CLEAN,,,,https://glow.paclinks.org/report/log/index.php?chooselog=1&logreader=logstore_standard&id=0&user=9102&date=1774483200
2026-03-27,9102,HU25P0589 Nguyễn Lê Gia Khánh,0.58,1,147,0.8,0,0.58,CLEAN,,,,https://glow.paclinks.org/report/log/index.php?chooselog=1&logreader=logstore_standard&id=0&user=9102&date=1774569600
2026-03-28,9102,HU25P0589 Nguyễn Lê Gia Khánh,1.75,1,260,0.8,0,1.75,CLEAN,,,,https://glow.paclinks.org/report/log/index.php?chooselog=1&logreader=logstore_standard&id=0&user=9102&date=1774656000
2026-03-29,9102,HU25P0589 Nguyễn Lê Gia Khánh,0.71,1,249,0.65,1,0.0,HAS ANOMALIES,excessive_events,medium,"S1 [08:47-09:29, 0.71h]: excessive_events - 351 events/hr (max=300)",https://glow.paclinks.org/report/log/index.php?chooselog=1&logreader=logstore_standard&id=0&user=9102&date=1774742400
2026-03-30,9102,HU25P0589 Nguyễn Lê Gia Khánh,0.24,1,12,0.6,0,0.24,CLEAN,,,,https://glow.paclinks.org/report/log/index.php?chooselog=1&logreader=logstore_standard&id=0&user=9102&date=1774828800
2026-03-31,9102,HU25P0589 Nguyễn Lê Gia Khánh,0.36,1,9,0.55,0,0.36,CLEAN,,,,https://glow.paclinks.org/report/log/index.php?chooselog=1&logreader=logstore_standard&id=0&user=9102&date=1774915200
2026-03-04,532,Hong Nhan Ho Thi,0.09,1,11,0.6,0,0.09,CLEAN,,,,https://glow.paclinks.org/report/log/index.php?chooselog=1&logreader=logstore_standard&id=0&user=532&date=1772582400
2026-03-17,532,Hong Nhan Ho Thi,0.49,2,22,0.55,0,0.49,CLEAN,,,,https://glow.paclinks.org/report/log/index.php?chooselog=1&logreader=logstore_standard&id=0&user=532&date=1773705600
2026-03-20,532,Hong Nhan Ho Thi,0.28,1,23,0.55,0,0.28,CLEAN,,,,https://glow.paclinks.org/report/log/index.php?chooselog=1&logreader=logstore_standard&id=0&user=532&date=1773964800
2026-03-22,532,Hong Nhan Ho Thi,0.4,2,24,0.57,0,0.4,CLEAN,,,,https://glow.paclinks.org/report/log/index.php?chooselog=1&logreader=logstore_standard&id=0&user=532&date=1774137600
2026-03-24,532,Hong Nhan Ho Thi,0.18,1,8,0.55,0,0.18,CLEAN,,,,https://glow.paclinks.org/report/log/index.php?chooselog=1&logreader=logstore_standard&id=0&user=532&date=1774310400
2026-03-25,532,Hong Nhan Ho Thi,0.19,1,12,0.55,0,0.19,CLEAN,,,,https://glow.paclinks.org/report/log/index.php?chooselog=1&logreader=logstore_standard&id=0&user=532&date=1774396800
2026-03-26,532,Hong Nhan Ho Thi,0.76,1,55,0.6,0,0.76,CLEAN,,,,https://glow.paclinks.org/report/log/index.php?chooselog=1&logreader=logstore_standard&id=0&user=532&date=1774483200
2026-03-27,532,Hong Nhan Ho Thi,0.09,1,5,0.55,0,0.09,CLEAN,,,,https://glow.paclinks.org/report/log/index.php?chooselog=1&logreader=logstore_standard&id=0&user=532&date=1774569600
2026-03-28,532,Hong Nhan Ho Thi,0.11,1,19,0.55,0,0.11,CLEAN,,,,https://glow.paclinks.org/report/log/index.php?chooselog=1&logreader=logstore_standard&id=0&user=532&date=1774656000
2026-03-29,532,Hong Nhan Ho Thi,0.61,4,47,0.55,0,0.61,CLEAN,,,,https://glow.paclinks.org/report/log/index.php?chooselog=1&logreader=logstore_standard&id=0&user=532&date=1774742400
2026-03-31,532,Hong Nhan Ho Thi,0.21,2,14,0.55,0,0.21,CLEAN,,,,https://glow.paclinks.org/report/log/index.php?chooselog=1&logreader=logstore_standard&id=0&user=532&date=1774915200
2026-03-22,8501,JP24P0003 Phan Thị Huyền,0.5,1,8,0.55,0,0.5,CLEAN,,,,https://glow.paclinks.org/report/log/index.php?chooselog=1&logreader=logstore_standard&id=0&user=8501&date=1774137600
2026-03-23,8501,JP24P0003 Phan Thị Huyền,0.29,2,68,0.6,1,0.1,HAS ANOMALIES,excessive_events,medium,"S2 [20:30-20:42, 0.19h]: excessive_events - 334 events/hr (max=300)",https://glow.paclinks.org/report/log/index.php?chooselog=1&logreader=logstore_standard&id=0&user=8501&date=1774224000
2026-03-26,8501,JP24P0003 Phan Thị Huyền,0.18,1,3,0.5,0,0.18,CLEAN,,,,https://glow.paclinks.org/report/log/index.php?chooselog=1&logreader=logstore_standard&id=0&user=8501&date=1774483200
2026-03-28,8501,JP24P0003 Phan Thị Huyền,0.23,2,19,0.57,0,0.23,CLEAN,,,,https://glow.paclinks.org/report/log/index.php?chooselog=1&logreader=logstore_standard&id=0&user=8501&date=1774656000
2026-03-30,8501,JP24P0003 Phan Thị Huyền,0.12,1,6,0.55,0,0.12,CLEAN,,,,https://glow.paclinks.org/report/log/index.php?chooselog=1&logreader=logstore_standard&id=0&user=8501&date=1774828800
2026-03-31,8501,JP24P0003 Phan Thị Huyền,0.14,1,39,0.85,0,0.14,CLEAN,,,,https://glow.paclinks.org/report/log/index.php?chooselog=1&logreader=logstore_standard&id=0&user=8501&date=1774915200
2026-03-06,8502,JP24P0004 Nguyễn Thị Tâm,0.06,1,7,0.55,0,0.06,CLEAN,,,,https://glow.paclinks.org/report/log/index.php?chooselog=1&logreader=logstore_standard&id=0&user=8502&date=1772755200
2026-03-08,8502,JP24P0004 Nguyễn Thị Tâm,0.11,1,7,0.55,0,0.11,CLEAN,,,,https://glow.paclinks.org/report/log/index.php?chooselog=1&logreader=logstore_standard&id=0&user=8502&date=1772928000
2026-03-14,8502,JP24P0004 Nguyễn Thị Tâm,0.05,1,11,0.55,0,0.05,CLEAN,,,,https://glow.paclinks.org/report/log/index.php?chooselog=1&logreader=logstore_standard&id=0&user=8502&date=1773446400
2026-03-03,9422,Jamie Tancinco,0.17,1,10,0.55,0,0.17,CLEAN,,,,https://glow.paclinks.org/report/log/index.php?chooselog=1&logreader=logstore_standard&id=0&user=9422&date=1772496000
2026-03-10,9422,Jamie Tancinco,0.41,1,4,0.55,0,0.41,CLEAN,,,,https://glow.paclinks.org/report/log/index.php?chooselog=1&logreader=logstore_standard&id=0&user=9422&date=1773100800
2026-03-24,9422,Jamie Tancinco,0.06,1,3,0.55,0,0.06,CLEAN,,,,https://glow.paclinks.org/report/log/index.php?chooselog=1&logreader=logstore_standard&id=0&user=9422&date=1774310400
2026-03-25,9422,Jamie Tancinco,0.06,1,9,0.55,0,0.06,CLEAN,,,,https://glow.paclinks.org/report/log/index.php?chooselog=1&logreader=logstore_standard&id=0&user=9422&date=1774396800
2026-03-31,9422,Jamie Tancinco,0.11,1,4,0.55,0,0.11,CLEAN,,,,https://glow.paclinks.org/report/log/index.php?chooselog=1&logreader=logstore_standard&id=0&user=9422&date=1774915200
2026-03-09,9438,Janine Marie O'Rourke,0.18,1,13,0.6,0,0.18,CLEAN,,,,https://glow.paclinks.org/report/log/index.php?chooselog=1&logreader=logstore_standard&id=0&user=9438&date=1773014400
2026-03-10,9438,Janine Marie O'Rourke,0.15,1,13,0.55,0,0.15,CLEAN,,,,https://glow.paclinks.org/report/log/index.php?chooselog=1&logreader=logstore_standard&id=0&user=9438&date=1773100800
2026-03-13,9438,Janine Marie O'Rourke,0.12,1,9,0.6,0,0.12,CLEAN,,,,https://glow.paclinks.org/report/log/index.php?chooselog=1&logreader=logstore_standard&id=0&user=9438&date=1773360000
2026-03-14,9438,Janine Marie O'Rourke,0.11,1,10,0.6,0,0.11,CLEAN,,,,https://glow.paclinks.org/report/log/index.php?chooselog=1&logreader=logstore_standard&id=0&user=9438&date=1773446400
2026-03-02,8863,Linh Erickson,0.36,1,5,0.55,0,0.36,CLEAN,,,,https://glow.paclinks.org/report/log/index.php?chooselog=1&logreader=logstore_standard&id=0&user=8863&date=1772409600
2026-03-09,8863,Linh Erickson,0.09,1,5,0.55,0,0.09,CLEAN,,,,https://glow.paclinks.org/report/log/index.php?chooselog=1&logreader=logstore_standard&id=0&user=8863&date=1773014400
2026-03-16,8863,Linh Erickson,0.17,1,8,0.55,0,0.17,CLEAN,,,,https://glow.paclinks.org/report/log/index.php?chooselog=1&logreader=logstore_standard&id=0&user=8863&date=1773619200
2026-03-13,8507,Miki Thi Bowler,0.06,1,6,0.55,0,0.06,CLEAN,,,,https://glow.paclinks.org/report/log/index.php?chooselog=1&logreader=logstore_standard&id=0&user=8507&date=1773360000
2026-03-14,8507,Miki Thi Bowler,0.05,1,14,0.55,0,0.05,CLEAN,,,,https://glow.paclinks.org/report/log/index.php?chooselog=1&logreader=logstore_standard&id=0&user=8507&date=1773446400
2026-03-17,8507,Miki Thi Bowler,0.05,1,10,0.6,0,0.05,CLEAN,,,,https://glow.paclinks.org/report/log/index.php?chooselog=1&logreader=logstore_standard&id=0&user=8507&date=1773705600
2026-03-31,8507,Miki Thi Bowler,0.07,1,12,0.55,0,0.07,CLEAN,,,,https://glow.paclinks.org/report/log/index.php?chooselog=1&logreader=logstore_standard&id=0&user=8507&date=1774915200
2026-03-13,8861,Minh Hong Nguyen,0.1,1,12,0.55,0,0.1,CLEAN,,,,https://glow.paclinks.org/report/log/index.php?chooselog=1&logreader=logstore_standard&id=0&user=8861&date=1773360000
2026-03-20,8861,Minh Hong Nguyen,0.06,1,8,0.55,0,0.06,CLEAN,,,,https://glow.paclinks.org/report/log/index.php?chooselog=1&logreader=logstore_standard&id=0&user=8861&date=1773964800
2026-03-27,8861,Minh Hong Nguyen,0.12,1,8,0.6,0,0.12,CLEAN,,,,https://glow.paclinks.org/report/log/index.php?chooselog=1&logreader=logstore_standard&id=0&user=8861&date=1774569600
2026-03-31,8861,Minh Hong Nguyen,0.3,1,9,0.55,0,0.3,CLEAN,,,,https://glow.paclinks.org/report/log/index.php?chooselog=1&logreader=logstore_standard&id=0&user=8861&date=1774915200
2026-03-02,637,NA17P0024 Nguyễn Thị Khánh Đông,2.4,1,71,0.4,1,0.0,HAS ANOMALIES,single_activity_loop,medium,"S1 [21:06-23:30, 2.40h]: single_activity_loop - 92% of events on ""Page: Improve Your IELTS Listening and Speaking Skills""",https://glow.paclinks.org/report/log/index.php?chooselog=1&logreader=logstore_standard&id=0&user=637&date=1772409600
2026-03-07,637,NA17P0024 Nguyễn Thị Khánh Đông,0.81,2,20,0.48,1,0.27,HAS ANOMALIES,single_activity_loop,medium,"S2 [22:08-22:41, 0.54h]: single_activity_loop - 91% of events on ""Interactive Content: Reading""",https://glow.paclinks.org/report/log/index.php?chooselog=1&logreader=logstore_standard&id=0&user=637&date=1772841600
2026-03-10,637,NA17P0024 Nguyễn Thị Khánh Đông,2.7,1,83,0.4,1,0.0,HAS ANOMALIES,single_activity_loop,medium,"S1 [18:24-21:06, 2.70h]: single_activity_loop - 99% of events on ""Interactive Content: Reading""",https://glow.paclinks.org/report/log/index.php?chooselog=1&logreader=logstore_standard&id=0&user=637&date=1773100800
2026-03-12,637,NA17P0024 Nguyễn Thị Khánh Đông,0.1,1,4,0.55,0,0.1,CLEAN,,,,https://glow.paclinks.org/report/log/index.php?chooselog=1&logreader=logstore_standard&id=0&user=637&date=1773273600
2026-03-14,637,NA17P0024 Nguyễn Thị Khánh Đông,3.0,2,92,0.45,1,0.07,HAS ANOMALIES,single_activity_loop,medium,"S2 [16:32-19:28, 2.93h]: single_activity_loop - 98% of events on ""Interactive Content: Reading""",https://glow.paclinks.org/report/log/index.php?chooselog=1&logreader=logstore_standard&id=0&user=637&date=1773446400
2026-03-25,637,NA17P0024 Nguyễn Thị Khánh Đông,2.76,1,86,0.4,1,0.0,HAS ANOMALIES,single_activity_loop,medium,"S1 [20:16-23:02, 2.76h]: single_activity_loop - 98% of events on ""Interactive Content: Reading""",https://glow.paclinks.org/report/log/index.php?chooselog=1&logreader=logstore_standard&id=0&user=637&date=1774396800
2026-03-27,637,NA17P0024 Nguyễn Thị Khánh Đông,1.96,2,62,0.48,1,0.1,HAS ANOMALIES,single_activity_loop,medium,"S2 [22:09-00:01, 1.86h]: single_activity_loop - 98% of events on ""Interactive Content: Reading""",https://glow.paclinks.org/report/log/index.php?chooselog=1&logreader=logstore_standard&id=0&user=637&date=1774569600
2026-03-28,637,NA17P0024 Nguyễn Thị Khánh Đông,0.83,1,25,0.2,2,0.0,REVIEW REQUIRED,auto_refresh; single_activity_loop,medium; medium,"S1 [00:01-00:51, 0.83h]: auto_refresh - 100% of gaps within ±2.0s of mean 120.0s; single_activity_loop - 100% of events on ""Interactive Content: Reading""",https://glow.paclinks.org/report/log/index.php?chooselog=1&logreader=logstore_standard&id=0&user=637&date=1774656000
2026-03-20,669,NA17P0078 Nguyễn Thị Thương,4.14,3,219,0.67,0,4.14,CLEAN,,,,https://glow.paclinks.org/report/log/index.php?chooselog=1&logreader=logstore_standard&id=0&user=669&date=1773964800
2026-03-21,669,NA17P0078 Nguyễn Thị Thương,2.56,2,83,0.55,0,2.56,CLEAN,,,,https://glow.paclinks.org/report/log/index.php?chooselog=1&logreader=logstore_standard&id=0&user=669&date=1774051200
2026-03-22,669,NA17P0078 Nguyễn Thị Thương,1.76,3,71,0.58,0,1.76,CLEAN,,,,https://glow.paclinks.org/report/log/index.php?chooselog=1&logreader=logstore_standard&id=0&user=669&date=1774137600
2026-03-23,669,NA17P0078 Nguyễn Thị Thương,0.7,2,34,0.62,0,0.7,CLEAN,,,,https://glow.paclinks.org/report/log/index.php?chooselog=1&logreader=logstore_standard&id=0&user=669&date=1774224000
2026-03-24,669,NA17P0078 Nguyễn Thị Thương,4.75,3,135,0.53,1,2.14,HAS ANOMALIES,single_activity_loop,medium,"S3 [19:18-21:55, 2.61h]: single_activity_loop - 94% of events on ""Quiz: Speaking""",https://glow.paclinks.org/report/log/index.php?chooselog=1&logreader=logstore_standard&id=0&user=669&date=1774310400
2026-03-25,669,NA17P0078 Nguyễn Thị Thương,4.11,3,166,0.53,1,1.92,HAS ANOMALIES,single_activity_loop,medium,"S3 [20:18-22:29, 2.19h]: single_activity_loop - 93% of events on ""Quiz: Unit 16 Key Vocabulary (21 - 40)""",https://glow.paclinks.org/report/log/index.php?chooselog=1&logreader=logstore_standard&id=0&user=669&date=1774396800
2026-03-04,5397,NA20P0177 HOÀNG VĂN TRUNG,0.17,1,19,0.6,0,0.17,CLEAN,,,,https://glow.paclinks.org/report/log/index.php?chooselog=1&logreader=logstore_standard&id=0&user=5397&date=1772582400
2026-03-24,5397,NA20P0177 HOÀNG VĂN TRUNG,0.06,1,19,0.6,0,0.06,CLEAN,,,,https://glow.paclinks.org/report/log/index.php?chooselog=1&logreader=logstore_standard&id=0&user=5397&date=1774310400
2026-03-19,6705,NA21P0201 NGUYỄN THỊ YẾN NHI,0.06,1,7,0.5,0,0.06,CLEAN,,,,https://glow.paclinks.org/report/log/index.php?chooselog=1&logreader=logstore_standard&id=0&user=6705&date=1773878400
2026-03-12,8169,NA23P0206 Nguyễn Thị Thảo Duyên,0.71,3,19,0.55,0,0.71,CLEAN,,,,https://glow.paclinks.org/report/log/index.php?chooselog=1&logreader=logstore_standard&id=0&user=8169&date=1773273600
2026-03-23,8169,NA23P0206 Nguyễn Thị Thảo Duyên,2.08,3,45,0.52,0,2.08,CLEAN,,,,https://glow.paclinks.org/report/log/index.php?chooselog=1&logreader=logstore_standard&id=0&user=8169&date=1774224000
2026-03-24,8169,NA23P0206 Nguyễn Thị Thảo Duyên,4.39,10,136,0.48,3,1.66,HAS ANOMALIES,single_activity_loop,medium,"S1 [07:44-09:01, 1.28h]: single_activity_loop - 97% of events on ""Quiz: UNIT 2 - Sounds/Minimal Pairs""
S8 [16:41-17:21, 0.66h]: single_activity_loop - 100% of events on ""Quiz:  Unit 2 - Sounds/Minimal Pairs (11 - 18)""
S9 [20:41-21:28, 0.79h]: single_activity_loop - 100% of events on ""Quiz:  Unit 2 - Sounds/Minimal Pairs (11 - 18)""",https://glow.paclinks.org/report/log/index.php?chooselog=1&logreader=logstore_standard&id=0&user=8169&date=1774310400
2026-03-27,8169,NA23P0206 Nguyễn Thị Thảo Duyên,1.33,2,17,0.53,0,1.33,CLEAN,,,,https://glow.paclinks.org/report/log/index.php?chooselog=1&logreader=logstore_standard&id=0&user=8169&date=1774569600
2026-03-28,8169,NA23P0206 Nguyễn Thị Thảo Duyên,0.13,1,11,0.55,0,0.13,CLEAN,,,,https://glow.paclinks.org/report/log/index.php?chooselog=1&logreader=logstore_standard&id=0&user=8169&date=1774656000
2026-03-29,8169,NA23P0206 Nguyễn Thị Thảo Duyên,2.59,2,50,0.6,0,2.59,CLEAN,,,,https://glow.paclinks.org/report/log/index.php?chooselog=1&logreader=logstore_standard&id=0&user=8169&date=1774742400
2026-03-19,8170,NA23P0207 Bùi Quỳnh Như,0.11,1,12,0.55,0,0.11,CLEAN,,,,https://glow.paclinks.org/report/log/index.php?chooselog=1&logreader=logstore_standard&id=0&user=8170&date=1773878400
2026-03-21,8170,NA23P0207 Bùi Quỳnh Như,0.46,1,8,0.55,0,0.46,CLEAN,,,,https://glow.paclinks.org/report/log/index.php?chooselog=1&logreader=logstore_standard&id=0&user=8170&date=1774051200
2026-03-11,8171,NA23P0208 Lê Thị Thủy,0.32,1,118,0.65,1,0.0,HAS ANOMALIES,excessive_events,medium,"S1 [19:09-19:28, 0.32h]: excessive_events - 373 events/hr (max=300)",https://glow.paclinks.org/report/log/index.php?chooselog=1&logreader=logstore_standard&id=0&user=8171&date=1773187200
2026-03-25,8171,NA23P0208 Lê Thị Thủy,0.21,1,9,0.55,0,0.21,CLEAN,,,,https://glow.paclinks.org/report/log/index.php?chooselog=1&logreader=logstore_standard&id=0&user=8171&date=1774396800
2026-03-28,8171,NA23P0208 Lê Thị Thủy,0.72,2,11,0.55,0,0.72,CLEAN,,,,https://glow.paclinks.org/report/log/index.php?chooselog=1&logreader=logstore_standard&id=0&user=8171&date=1774656000
2026-03-01,8172,NA23P0209 Hoàng Thị Linh,0.74,2,21,0.57,0,0.74,CLEAN,,,,https://glow.paclinks.org/report/log/index.php?chooselog=1&logreader=logstore_standard&id=0&user=8172&date=1772323200
2026-03-02,8172,NA23P0209 Hoàng Thị Linh,3.43,4,110,0.66,0,3.43,CLEAN,,,,https://glow.paclinks.org/report/log/index.php?chooselog=1&logreader=logstore_standard&id=0&user=8172&date=1772409600
2026-03-03,8172,NA23P0209 Hoàng Thị Linh,1.23,1,43,0.8,0,1.23,CLEAN,,,,https://glow.paclinks.org/report/log/index.php?chooselog=1&logreader=logstore_standard&id=0&user=8172&date=1772496000
2026-03-04,8172,NA23P0209 Hoàng Thị Linh,1.93,2,61,0.73,0,1.93,CLEAN,,,,https://glow.paclinks.org/report/log/index.php?chooselog=1&logreader=logstore_standard&id=0&user=8172&date=1772582400
2026-03-05,8172,NA23P0209 Hoàng Thị Linh,5.23,3,237,0.8,0,5.23,CLEAN,,,,https://glow.paclinks.org/report/log/index.php?chooselog=1&logreader=logstore_standard&id=0&user=8172&date=1772668800
2026-03-07,8172,NA23P0209 Hoàng Thị Linh,1.67,1,96,0.65,1,0.0,HAS ANOMALIES,single_activity_loop,medium,"S1 [10:24-12:04, 1.67h]: single_activity_loop - 92% of events on ""Quiz: UNIT 8 Word Groups and Syllable Stress""",https://glow.paclinks.org/report/log/index.php?chooselog=1&logreader=logstore_standard&id=0&user=8172&date=1772841600
2026-03-08,8172,NA23P0209 Hoàng Thị Linh,3.2,3,136,0.6,2,0.48,HAS ANOMALIES,single_activity_loop,medium,"S2 [09:17-10:10, 0.87h]: single_activity_loop - 92% of events on ""Quiz: Unit 8 Sounds/Minimal Pairs (1 - 10)""
S3 [14:53-16:44, 1.85h]: single_activity_loop - 92% of events on ""Quiz: UNIT 8 Sounds/Minimal Pairs""",https://glow.paclinks.org/report/log/index.php?chooselog=1&logreader=logstore_standard&id=0&user=8172&date=1772928000
2026-03-09,8172,NA23P0209 Hoàng Thị Linh,2.25,1,99,0.8,0,2.25,CLEAN,,,,https://glow.paclinks.org/report/log/index.php?chooselog=1&logreader=logstore_standard&id=0&user=8172&date=1773014400
2026-03-10,8172,NA23P0209 Hoàng Thị Linh,0.92,2,43,0.65,0,0.92,CLEAN,,,,https://glow.paclinks.org/report/log/index.php?chooselog=1&logreader=logstore_standard&id=0&user=8172&date=1773100800
2026-03-11,8172,NA23P0209 Hoàng Thị Linh,1.76,2,74,0.73,0,1.76,CLEAN,,,,https://glow.paclinks.org/report/log/index.php?chooselog=1&logreader=logstore_standard&id=0&user=8172&date=1773187200
2026-03-13,8172,NA23P0209 Hoàng Thị Linh,1.01,1,29,0.8,0,1.01,CLEAN,,,,https://glow.paclinks.org/report/log/index.php?chooselog=1&logreader=logstore_standard&id=0&user=8172&date=1773360000
2026-03-14,8172,NA23P0209 Hoàng Thị Linh,1.62,3,79,0.7,0,1.62,CLEAN,,,,https://glow.paclinks.org/report/log/index.php?chooselog=1&logreader=logstore_standard&id=0&user=8172&date=1773446400
2026-03-16,8172,NA23P0209 Hoàng Thị Linh,3.13,3,133,0.6,2,0.68,HAS ANOMALIES,single_activity_loop,medium,"S2 [18:10-18:55, 0.76h]: single_activity_loop - 95% of events on ""Quiz: Unit 8 - Key Vocabulary (11-20)""
S3 [20:01-21:42, 1.69h]: single_activity_loop - 93% of events on ""Quiz: Unit 8 - Word Groups and Syllable Stress (1-10)""",https://glow.paclinks.org/report/log/index.php?chooselog=1&logreader=logstore_standard&id=0&user=8172&date=1773619200
2026-03-17,8172,NA23P0209 Hoàng Thị Linh,1.06,1,37,0.8,0,1.06,CLEAN,,,,https://glow.paclinks.org/report/log/index.php?chooselog=1&logreader=logstore_standard&id=0&user=8172&date=1773705600
2026-03-22,8172,NA23P0209 Hoàng Thị Linh,3.75,3,199,0.75,0,3.75,CLEAN,,,,https://glow.paclinks.org/report/log/index.php?chooselog=1&logreader=logstore_standard&id=0&user=8172&date=1774137600
2026-03-24,8172,NA23P0209 Hoàng Thị Linh,0.95,1,37,0.8,0,0.95,CLEAN,,,,https://glow.paclinks.org/report/log/index.php?chooselog=1&logreader=logstore_standard&id=0&user=8172&date=1774310400
2026-03-25,8172,NA23P0209 Hoàng Thị Linh,1.05,1,70,0.8,0,1.05,CLEAN,,,,https://glow.paclinks.org/report/log/index.php?chooselog=1&logreader=logstore_standard&id=0&user=8172&date=1774396800
2026-03-26,8172,NA23P0209 Hoàng Thị Linh,0.73,1,33,0.65,0,0.73,CLEAN,,,,https://glow.paclinks.org/report/log/index.php?chooselog=1&logreader=logstore_standard&id=0&user=8172&date=1774483200
2026-03-27,8172,NA23P0209 Hoàng Thị Linh,3.74,3,209,0.65,1,2.82,HAS ANOMALIES,single_activity_loop,medium,"S1 [00:00-00:55, 0.92h]: single_activity_loop - 94% of events on ""Quiz: Unit 8 - Word Groups and Syllable Stress (11-20)""",https://glow.paclinks.org/report/log/index.php?chooselog=1&logreader=logstore_standard&id=0&user=8172&date=1774569600
2026-03-28,8172,NA23P0209 Hoàng Thị Linh,2.8,4,175,0.61,1,1.13,HAS ANOMALIES,single_activity_loop,medium,"S3 [10:40-12:20, 1.67h]: single_activity_loop - 98% of events on ""Quiz: UNIT 6 Word Groups and Syllable Stress""",https://glow.paclinks.org/report/log/index.php?chooselog=1&logreader=logstore_standard&id=0&user=8172&date=1774656000
2026-03-29,8172,NA23P0209 Hoàng Thị Linh,0.15,1,8,0.65,0,0.15,CLEAN,,,,https://glow.paclinks.org/report/log/index.php?chooselog=1&logreader=logstore_standard&id=0&user=8172&date=1774742400
2026-03-01,8173,NA23P0210 Phạm Thị Vân Anh,1.3,2,50,0.65,0,1.3,CLEAN,,,,https://glow.paclinks.org/report/log/index.php?chooselog=1&logreader=logstore_standard&id=0&user=8173&date=1772323200
2026-03-02,8173,NA23P0210 Phạm Thị Vân Anh,4.84,5,160,0.6,1,4.12,HAS ANOMALIES,single_activity_loop,medium,"S1 [00:06-00:49, 0.72h]: single_activity_loop - 100% of events on ""Quiz: Speaking""",https://glow.paclinks.org/report/log/index.php?chooselog=1&logreader=logstore_standard&id=0&user=8173&date=1772409600
2026-03-03,8173,NA23P0210 Phạm Thị Vân Anh,2.93,3,53,0.48,1,1.41,HAS ANOMALIES,single_activity_loop,medium,"S3 [22:02-23:33, 1.52h]: single_activity_loop - 100% of events on ""Quiz: UNIT 1 - Key vocabulary""",https://glow.paclinks.org/report/log/index.php?chooselog=1&logreader=logstore_standard&id=0&user=8173&date=1772496000
2026-03-04,8173,NA23P0210 Phạm Thị Vân Anh,0.21,1,12,0.65,0,0.21,CLEAN,,,,https://glow.paclinks.org/report/log/index.php?chooselog=1&logreader=logstore_standard&id=0&user=8173&date=1772582400
2026-03-07,8173,NA23P0210 Phạm Thị Vân Anh,1.1,3,44,0.55,1,0.68,HAS ANOMALIES,single_activity_loop,medium,"S3 [23:34-00:00, 0.42h]: single_activity_loop - 100% of events on ""Quiz: Unit 10 Key Vocabulary (11 - 25)""",https://glow.paclinks.org/report/log/index.php?chooselog=1&logreader=logstore_standard&id=0&user=8173&date=1772841600
2026-03-08,8173,NA23P0210 Phạm Thị Vân Anh,6.24,3,145,0.72,0,6.24,CLEAN,,,,https://glow.paclinks.org/report/log/index.php?chooselog=1&logreader=logstore_standard&id=0&user=8173&date=1772928000
2026-03-09,8173,NA23P0210 Phạm Thị Vân Anh,2.04,5,69,0.65,0,2.04,CLEAN,,,,https://glow.paclinks.org/report/log/index.php?chooselog=1&logreader=logstore_standard&id=0&user=8173&date=1773014400
2026-03-10,8173,NA23P0210 Phạm Thị Vân Anh,3.98,4,87,0.62,0,3.98,CLEAN,,,,https://glow.paclinks.org/report/log/index.php?chooselog=1&logreader=logstore_standard&id=0&user=8173&date=1773100800
2026-03-11,8173,NA23P0210 Phạm Thị Vân Anh,0.25,1,8,0.55,0,0.25,CLEAN,,,,https://glow.paclinks.org/report/log/index.php?chooselog=1&logreader=logstore_standard&id=0&user=8173&date=1773187200
2026-03-12,8173,NA23P0210 Phạm Thị Vân Anh,0.56,1,10,0.55,0,0.56,CLEAN,,,,https://glow.paclinks.org/report/log/index.php?chooselog=1&logreader=logstore_standard&id=0&user=8173&date=1773273600
2026-03-13,8173,NA23P0210 Phạm Thị Vân Anh,0.91,1,19,0.7,0,0.91,CLEAN,,,,https://glow.paclinks.org/report/log/index.php?chooselog=1&logreader=logstore_standard&id=0&user=8173&date=1773360000
2026-03-14,8173,NA23P0210 Phạm Thị Vân Anh,1.77,2,29,0.55,0,1.77,CLEAN,,,,https://glow.paclinks.org/report/log/index.php?chooselog=1&logreader=logstore_standard&id=0&user=8173&date=1773446400
2026-03-15,8173,NA23P0210 Phạm Thị Vân Anh,1.95,4,50,0.57,1,1.31,HAS ANOMALIES,single_activity_loop,medium,"S4 [23:21-23:59, 0.63h]: single_activity_loop - 100% of events on ""Quiz:  Unit 1 - Key vocabulary (11 - 24)""",https://glow.paclinks.org/report/log/index.php?chooselog=1&logreader=logstore_standard&id=0&user=8173&date=1773532800
2026-03-16,8173,NA23P0210 Phạm Thị Vân Anh,0.55,2,8,0.5,0,0.55,CLEAN,,,,https://glow.paclinks.org/report/log/index.php?chooselog=1&logreader=logstore_standard&id=0&user=8173&date=1773619200
2026-03-18,8173,NA23P0210 Phạm Thị Vân Anh,0.97,1,45,0.8,0,0.97,CLEAN,,,,https://glow.paclinks.org/report/log/index.php?chooselog=1&logreader=logstore_standard&id=0&user=8173&date=1773792000
2026-03-21,8173,NA23P0210 Phạm Thị Vân Anh,4.44,3,117,0.6,1,1.24,HAS ANOMALIES,single_activity_loop,medium,"S2 [12:10-15:22, 3.21h]: single_activity_loop - 100% of events on ""Quiz: UNIT 1 - Word groups and Syllable Stress""",https://glow.paclinks.org/report/log/index.php?chooselog=1&logreader=logstore_standard&id=0&user=8173&date=1774051200
2026-03-22,8173,NA23P0210 Phạm Thị Vân Anh,2.24,4,54,0.59,0,2.24,CLEAN,,,,https://glow.paclinks.org/report/log/index.php?chooselog=1&logreader=logstore_standard&id=0&user=8173&date=1774137600
2026-03-25,8173,NA23P0210 Phạm Thị Vân Anh,2.98,4,87,0.69,0,2.98,CLEAN,,,,https://glow.paclinks.org/report/log/index.php?chooselog=1&logreader=logstore_standard&id=0&user=8173&date=1774396800
2026-03-27,8173,NA23P0210 Phạm Thị Vân Anh,1.49,4,41,0.51,1,0.96,HAS ANOMALIES,single_activity_loop,medium,"S4 [23:31-00:02, 0.53h]: single_activity_loop - 100% of events on ""Quiz: UNIT 2 - Sounds/Minimal Pairs""",https://glow.paclinks.org/report/log/index.php?chooselog=1&logreader=logstore_standard&id=0&user=8173&date=1774569600
2026-03-28,8173,NA23P0210 Phạm Thị Vân Anh,1.83,5,51,0.58,1,1.58,HAS ANOMALIES,single_activity_loop,medium,"S1 [00:08-00:22, 0.25h]: single_activity_loop - 91% of events on ""Quiz: UNIT 2 - Sounds/Minimal Pairs""",https://glow.paclinks.org/report/log/index.php?chooselog=1&logreader=logstore_standard&id=0&user=8173&date=1774656000
2026-03-29,8173,NA23P0210 Phạm Thị Vân Anh,1.06,4,33,0.56,0,1.06,CLEAN,,,,https://glow.paclinks.org/report/log/index.php?chooselog=1&logreader=logstore_standard&id=0&user=8173&date=1774742400
2026-03-01,8175,NA23P0212 Nguyễn Thị Khánh Linh,0.25,1,7,0.55,0,0.25,CLEAN,,,,https://glow.paclinks.org/report/log/index.php?chooselog=1&logreader=logstore_standard&id=0&user=8175&date=1772323200
2026-03-02,8175,NA23P0212 Nguyễn Thị Khánh Linh,0.07,1,6,0.55,0,0.07,CLEAN,,,,https://glow.paclinks.org/report/log/index.php?chooselog=1&logreader=logstore_standard&id=0&user=8175&date=1772409600
2026-03-03,8175,NA23P0212 Nguyễn Thị Khánh Linh,0.13,1,8,0.55,0,0.13,CLEAN,,,,https://glow.paclinks.org/report/log/index.php?chooselog=1&logreader=logstore_standard&id=0&user=8175&date=1772496000
2026-03-04,8175,NA23P0212 Nguyễn Thị Khánh Linh,0.07,1,6,0.55,0,0.07,CLEAN,,,,https://glow.paclinks.org/report/log/index.php?chooselog=1&logreader=logstore_standard&id=0&user=8175&date=1772582400
2026-03-08,8175,NA23P0212 Nguyễn Thị Khánh Linh,0.55,2,18,0.55,0,0.55,CLEAN,,,,https://glow.paclinks.org/report/log/index.php?chooselog=1&logreader=logstore_standard&id=0&user=8175&date=1772928000
2026-03-09,8175,NA23P0212 Nguyễn Thị Khánh Linh,0.15,1,7,0.55,0,0.15,CLEAN,,,,https://glow.paclinks.org/report/log/index.php?chooselog=1&logreader=logstore_standard&id=0&user=8175&date=1773014400
2026-03-10,8175,NA23P0212 Nguyễn Thị Khánh Linh,0.34,2,14,0.55,0,0.34,CLEAN,,,,https://glow.paclinks.org/report/log/index.php?chooselog=1&logreader=logstore_standard&id=0&user=8175&date=1773100800
2026-03-11,8175,NA23P0212 Nguyễn Thị Khánh Linh,0.14,1,6,0.55,0,0.14,CLEAN,,,,https://glow.paclinks.org/report/log/index.php?chooselog=1&logreader=logstore_standard&id=0&user=8175&date=1773187200
2026-03-13,8175,NA23P0212 Nguyễn Thị Khánh Linh,0.25,1,6,0.55,0,0.25,CLEAN,,,,https://glow.paclinks.org/report/log/index.php?chooselog=1&logreader=logstore_standard&id=0&user=8175&date=1773360000
2026-03-16,8175,NA23P0212 Nguyễn Thị Khánh Linh,0.14,1,6,0.55,0,0.14,CLEAN,,,,https://glow.paclinks.org/report/log/index.php?chooselog=1&logreader=logstore_standard&id=0&user=8175&date=1773619200
2026-03-17,8175,NA23P0212 Nguyễn Thị Khánh Linh,0.08,1,6,0.55,0,0.08,CLEAN,,,,https://glow.paclinks.org/report/log/index.php?chooselog=1&logreader=logstore_standard&id=0&user=8175&date=1773705600
2026-03-19,8175,NA23P0212 Nguyễn Thị Khánh Linh,0.71,2,26,0.55,0,0.71,CLEAN,,,,https://glow.paclinks.org/report/log/index.php?chooselog=1&logreader=logstore_standard&id=0&user=8175&date=1773878400
2026-03-23,8175,NA23P0212 Nguyễn Thị Khánh Linh,0.06,1,6,0.55,0,0.06,CLEAN,,,,https://glow.paclinks.org/report/log/index.php?chooselog=1&logreader=logstore_standard&id=0&user=8175&date=1774224000
2026-03-26,8175,NA23P0212 Nguyễn Thị Khánh Linh,0.35,1,12,0.55,0,0.35,CLEAN,,,,https://glow.paclinks.org/report/log/index.php?chooselog=1&logreader=logstore_standard&id=0&user=8175&date=1774483200
2026-03-27,8175,NA23P0212 Nguyễn Thị Khánh Linh,0.09,1,6,0.55,0,0.09,CLEAN,,,,https://glow.paclinks.org/report/log/index.php?chooselog=1&logreader=logstore_standard&id=0&user=8175&date=1774569600
2026-03-30,8175,NA23P0212 Nguyễn Thị Khánh Linh,0.09,1,6,0.55,0,0.09,CLEAN,,,,https://glow.paclinks.org/report/log/index.php?chooselog=1&logreader=logstore_standard&id=0&user=8175&date=1774828800
2026-03-31,8175,NA23P0212 Nguyễn Thị Khánh Linh,0.07,1,6,0.55,0,0.07,CLEAN,,,,https://glow.paclinks.org/report/log/index.php?chooselog=1&logreader=logstore_standard&id=0&user=8175&date=1774915200
2026-03-02,8178,NA23P0216 Hoàng Thị Lan Quỳnh,0.95,1,15,0.5,0,0.95,CLEAN,,,,https://glow.paclinks.org/report/log/index.php?chooselog=1&logreader=logstore_standard&id=0&user=8178&date=1772409600
2026-03-03,8178,NA23P0216 Hoàng Thị Lan Quỳnh,1.22,1,14,0.5,0,1.22,CLEAN,,,,https://glow.paclinks.org/report/log/index.php?chooselog=1&logreader=logstore_standard&id=0&user=8178&date=1772496000
2026-03-04,8178,NA23P0216 Hoàng Thị Lan Quỳnh,0.74,2,10,0.5,0,0.74,CLEAN,,,,https://glow.paclinks.org/report/log/index.php?chooselog=1&logreader=logstore_standard&id=0&user=8178&date=1772582400
2026-03-06,8178,NA23P0216 Hoàng Thị Lan Quỳnh,0.82,1,14,0.5,0,0.82,CLEAN,,,,https://glow.paclinks.org/report/log/index.php?chooselog=1&logreader=logstore_standard&id=0&user=8178&date=1772755200
2026-03-09,8178,NA23P0216 Hoàng Thị Lan Quỳnh,0.45,2,11,0.5,0,0.45,CLEAN,,,,https://glow.paclinks.org/report/log/index.php?chooselog=1&logreader=logstore_standard&id=0&user=8178&date=1773014400
2026-03-10,8178,NA23P0216 Hoàng Thị Lan Quỳnh,1.01,1,11,0.5,0,1.01,CLEAN,,,,https://glow.paclinks.org/report/log/index.php?chooselog=1&logreader=logstore_standard&id=0&user=8178&date=1773100800
2026-03-11,8178,NA23P0216 Hoàng Thị Lan Quỳnh,0.75,1,16,0.5,0,0.75,CLEAN,,,,https://glow.paclinks.org/report/log/index.php?chooselog=1&logreader=logstore_standard&id=0&user=8178&date=1773187200
2026-03-12,8178,NA23P0216 Hoàng Thị Lan Quỳnh,0.86,1,13,0.5,0,0.86,CLEAN,,,,https://glow.paclinks.org/report/log/index.php?chooselog=1&logreader=logstore_standard&id=0&user=8178&date=1773273600
2026-03-13,8178,NA23P0216 Hoàng Thị Lan Quỳnh,0.39,1,9,0.5,0,0.39,CLEAN,,,,https://glow.paclinks.org/report/log/index.php?chooselog=1&logreader=logstore_standard&id=0&user=8178&date=1773360000
2026-03-14,8178,NA23P0216 Hoàng Thị Lan Quỳnh,0.57,1,9,0.5,0,0.57,CLEAN,,,,https://glow.paclinks.org/report/log/index.php?chooselog=1&logreader=logstore_standard&id=0&user=8178&date=1773446400
2026-03-16,8178,NA23P0216 Hoàng Thị Lan Quỳnh,1.09,1,6,0.5,0,1.09,CLEAN,,,,https://glow.paclinks.org/report/log/index.php?chooselog=1&logreader=logstore_standard&id=0&user=8178&date=1773619200
2026-03-17,8178,NA23P0216 Hoàng Thị Lan Quỳnh,0.7,2,17,0.5,0,0.7,CLEAN,,,,https://glow.paclinks.org/report/log/index.php?chooselog=1&logreader=logstore_standard&id=0&user=8178&date=1773705600
2026-03-18,8178,NA23P0216 Hoàng Thị Lan Quỳnh,0.51,2,11,0.5,0,0.51,CLEAN,,,,https://glow.paclinks.org/report/log/index.php?chooselog=1&logreader=logstore_standard&id=0&user=8178&date=1773792000
2026-03-19,8178,NA23P0216 Hoàng Thị Lan Quỳnh,0.56,1,3,0.5,0,0.56,CLEAN,,,,https://glow.paclinks.org/report/log/index.php?chooselog=1&logreader=logstore_standard&id=0&user=8178&date=1773878400
2026-03-20,8178,NA23P0216 Hoàng Thị Lan Quỳnh,0.7,2,10,0.5,0,0.7,CLEAN,,,,https://glow.paclinks.org/report/log/index.php?chooselog=1&logreader=logstore_standard&id=0&user=8178&date=1773964800
2026-03-22,8178,NA23P0216 Hoàng Thị Lan Quỳnh,0.94,2,10,0.5,0,0.94,CLEAN,,,,https://glow.paclinks.org/report/log/index.php?chooselog=1&logreader=logstore_standard&id=0&user=8178&date=1774137600
2026-03-23,8178,NA23P0216 Hoàng Thị Lan Quỳnh,0.39,1,10,0.5,0,0.39,CLEAN,,,,https://glow.paclinks.org/report/log/index.php?chooselog=1&logreader=logstore_standard&id=0&user=8178&date=1774224000
2026-03-24,8178,NA23P0216 Hoàng Thị Lan Quỳnh,0.43,1,11,0.5,0,0.43,CLEAN,,,,https://glow.paclinks.org/report/log/index.php?chooselog=1&logreader=logstore_standard&id=0&user=8178&date=1774310400
2026-03-25,8178,NA23P0216 Hoàng Thị Lan Quỳnh,0.61,2,9,0.5,0,0.61,CLEAN,,,,https://glow.paclinks.org/report/log/index.php?chooselog=1&logreader=logstore_standard&id=0&user=8178&date=1774396800
2026-03-27,8178,NA23P0216 Hoàng Thị Lan Quỳnh,0.12,1,2,0.5,0,0.12,CLEAN,,,,https://glow.paclinks.org/report/log/index.php?chooselog=1&logreader=logstore_standard&id=0&user=8178&date=1774569600
2026-03-30,8178,NA23P0216 Hoàng Thị Lan Quỳnh,0.33,1,7,0.5,0,0.33,CLEAN,,,,https://glow.paclinks.org/report/log/index.php?chooselog=1&logreader=logstore_standard&id=0&user=8178&date=1774828800
2026-03-31,8178,NA23P0216 Hoàng Thị Lan Quỳnh,0.85,2,13,0.5,0,0.85,CLEAN,,,,https://glow.paclinks.org/report/log/index.php?chooselog=1&logreader=logstore_standard&id=0&user=8178&date=1774915200
2026-03-02,8179,NA23P0217 Trần Thị Hương Trà,0.68,2,60,0.8,0,0.68,CLEAN,,,,https://glow.paclinks.org/report/log/index.php?chooselog=1&logreader=logstore_standard&id=0&user=8179&date=1772409600
2026-03-03,8179,NA23P0217 Trần Thị Hương Trà,0.37,1,47,0.85,0,0.37,CLEAN,,,,https://glow.paclinks.org/report/log/index.php?chooselog=1&logreader=logstore_standard&id=0&user=8179&date=1772496000
2026-03-12,8179,NA23P0217 Trần Thị Hương Trà,0.23,1,6,0.5,0,0.23,CLEAN,,,,https://glow.paclinks.org/report/log/index.php?chooselog=1&logreader=logstore_standard&id=0&user=8179&date=1773273600
2026-03-15,8179,NA23P0217 Trần Thị Hương Trà,0.15,1,8,0.55,0,0.15,CLEAN,,,,https://glow.paclinks.org/report/log/index.php?chooselog=1&logreader=logstore_standard&id=0&user=8179&date=1773532800
2026-03-16,8179,NA23P0217 Trần Thị Hương Trà,1.12,2,28,0.57,0,1.12,CLEAN,,,,https://glow.paclinks.org/report/log/index.php?chooselog=1&logreader=logstore_standard&id=0&user=8179&date=1773619200
2026-03-01,8186,NA23P0224 Nguyễn Thùy Linh,0.3,1,9,0.5,0,0.3,CLEAN,,,,https://glow.paclinks.org/report/log/index.php?chooselog=1&logreader=logstore_standard&id=0&user=8186&date=1772323200
2026-03-10,8186,NA23P0224 Nguyễn Thùy Linh,0.65,1,44,0.7,0,0.65,CLEAN,,,,https://glow.paclinks.org/report/log/index.php?chooselog=1&logreader=logstore_standard&id=0&user=8186&date=1773100800
2026-03-12,8186,NA23P0224 Nguyễn Thùy Linh,0.65,1,21,0.6,0,0.65,CLEAN,,,,https://glow.paclinks.org/report/log/index.php?chooselog=1&logreader=logstore_standard&id=0&user=8186&date=1773273600
2026-03-15,8186,NA23P0224 Nguyễn Thùy Linh,1.16,2,19,0.5,0,1.16,CLEAN,,,,https://glow.paclinks.org/report/log/index.php?chooselog=1&logreader=logstore_standard&id=0&user=8186&date=1773532800
2026-03-22,8186,NA23P0224 Nguyễn Thùy Linh,0.5,2,28,0.55,0,0.5,CLEAN,,,,https://glow.paclinks.org/report/log/index.php?chooselog=1&logreader=logstore_standard&id=0&user=8186&date=1774137600
2026-03-23,8186,NA23P0224 Nguyễn Thùy Linh,1.11,2,24,0.6,0,1.11,CLEAN,,,,https://glow.paclinks.org/report/log/index.php?chooselog=1&logreader=logstore_standard&id=0&user=8186&date=1774224000
2026-03-24,8186,NA23P0224 Nguyễn Thùy Linh,1.41,2,7,0.5,0,1.41,CLEAN,,,,https://glow.paclinks.org/report/log/index.php?chooselog=1&logreader=logstore_standard&id=0&user=8186&date=1774310400
2026-03-26,8186,NA23P0224 Nguyễn Thùy Linh,2.17,4,37,0.57,0,2.17,CLEAN,,,,https://glow.paclinks.org/report/log/index.php?chooselog=1&logreader=logstore_standard&id=0&user=8186&date=1774483200
2026-03-27,8186,NA23P0224 Nguyễn Thùy Linh,0.78,2,11,0.53,0,0.78,CLEAN,,,,https://glow.paclinks.org/report/log/index.php?chooselog=1&logreader=logstore_standard&id=0&user=8186&date=1774569600
2026-03-28,8186,NA23P0224 Nguyễn Thùy Linh,0.5,1,11,0.6,0,0.5,CLEAN,,,,https://glow.paclinks.org/report/log/index.php?chooselog=1&logreader=logstore_standard&id=0&user=8186&date=1774656000
2026-03-22,8190,NA23P0228 Hồ Thị Huyền Trang,0.64,2,92,0.75,0,0.64,CLEAN,,,,https://glow.paclinks.org/report/log/index.php?chooselog=1&logreader=logstore_standard&id=0&user=8190&date=1774137600
2026-03-02,8470,NA23P0233 Hoàng Thị Xuân Mai,1.0,2,6,0.53,0,1.0,CLEAN,,,,https://glow.paclinks.org/report/log/index.php?chooselog=1&logreader=logstore_standard&id=0&user=8470&date=1772409600
2026-03-04,8470,NA23P0233 Hoàng Thị Xuân Mai,2.23,4,349,0.56,1,1.32,HAS ANOMALIES,excessive_events,medium,"S1 [12:14-13:09, 0.91h]: excessive_events - 368 events/hr (max=300)",https://glow.paclinks.org/report/log/index.php?chooselog=1&logreader=logstore_standard&id=0&user=8470&date=1772582400
2026-03-05,8470,NA23P0233 Hoàng Thị Xuân Mai,0.34,1,2,0.5,0,0.34,CLEAN,,,,https://glow.paclinks.org/report/log/index.php?chooselog=1&logreader=logstore_standard&id=0&user=8470&date=1772668800
2026-03-06,8470,NA23P0233 Hoàng Thị Xuân Mai,0.91,2,283,0.68,2,0.0,HAS ANOMALIES,excessive_events,medium,"S1 [18:40-19:28, 0.81h]: excessive_events - 305 events/hr (max=300)
S2 [19:47-19:53, 0.10h]: excessive_events - 367 events/hr (max=300)",https://glow.paclinks.org/report/log/index.php?chooselog=1&logreader=logstore_standard&id=0&user=8470&date=1772755200
2026-03-07,8470,NA23P0233 Hoàng Thị Xuân Mai,1.08,1,311,0.85,0,1.08,CLEAN,,,,https://glow.paclinks.org/report/log/index.php?chooselog=1&logreader=logstore_standard&id=0&user=8470&date=1772841600
2026-03-08,8470,NA23P0233 Hoàng Thị Xuân Mai,1.85,2,526,0.77,1,0.97,HAS ANOMALIES,excessive_events,medium,"S2 [12:42-13:34, 0.87h]: excessive_events - 315 events/hr (max=300)",https://glow.paclinks.org/report/log/index.php?chooselog=1&logreader=logstore_standard&id=0&user=8470&date=1772928000
2026-03-09,8470,NA23P0233 Hoàng Thị Xuân Mai,0.65,1,179,0.8,0,0.65,CLEAN,,,,https://glow.paclinks.org/report/log/index.php?chooselog=1&logreader=logstore_standard&id=0&user=8470&date=1773014400
2026-03-10,8470,NA23P0233 Hoàng Thị Xuân Mai,0.46,2,49,0.7,0,0.46,CLEAN,,,,https://glow.paclinks.org/report/log/index.php?chooselog=1&logreader=logstore_standard&id=0&user=8470&date=1773100800
2026-03-12,8470,NA23P0233 Hoàng Thị Xuân Mai,0.35,1,41,0.85,0,0.35,CLEAN,,,,https://glow.paclinks.org/report/log/index.php?chooselog=1&logreader=logstore_standard&id=0&user=8470&date=1773273600
2026-03-13,8470,NA23P0233 Hoàng Thị Xuân Mai,1.51,1,228,0.85,0,1.51,CLEAN,,,,https://glow.paclinks.org/report/log/index.php?chooselog=1&logreader=logstore_standard&id=0&user=8470&date=1773360000
2026-03-14,8470,NA23P0233 Hoàng Thị Xuân Mai,1.12,1,202,0.85,0,1.12,CLEAN,,,,https://glow.paclinks.org/report/log/index.php?chooselog=1&logreader=logstore_standard&id=0&user=8470&date=1773446400
2026-03-17,8470,NA23P0233 Hoàng Thị Xuân Mai,0.21,1,12,0.55,0,0.21,CLEAN,,,,https://glow.paclinks.org/report/log/index.php?chooselog=1&logreader=logstore_standard&id=0&user=8470&date=1773705600
2026-03-18,8470,NA23P0233 Hoàng Thị Xuân Mai,0.37,1,14,0.55,0,0.37,CLEAN,,,,https://glow.paclinks.org/report/log/index.php?chooselog=1&logreader=logstore_standard&id=0&user=8470&date=1773792000
2026-03-19,8470,NA23P0233 Hoàng Thị Xuân Mai,1.08,2,288,0.6,1,0.27,HAS ANOMALIES,excessive_events,medium,"S1 [12:29-13:18, 0.81h]: excessive_events - 342 events/hr (max=300)",https://glow.paclinks.org/report/log/index.php?chooselog=1&logreader=logstore_standard&id=0&user=8470&date=1773878400
2026-03-20,8470,NA23P0233 Hoàng Thị Xuân Mai,0.69,2,205,0.62,1,0.07,HAS ANOMALIES,excessive_events,medium,"S1 [18:35-19:12, 0.62h]: excessive_events - 319 events/hr (max=300)",https://glow.paclinks.org/report/log/index.php?chooselog=1&logreader=logstore_standard&id=0&user=8470&date=1773964800
2026-03-21,8470,NA23P0233 Hoàng Thị Xuân Mai,0.44,2,18,0.57,0,0.44,CLEAN,,,,https://glow.paclinks.org/report/log/index.php?chooselog=1&logreader=logstore_standard&id=0&user=8470&date=1774051200
2026-03-26,8470,NA23P0233 Hoàng Thị Xuân Mai,1.07,1,221,0.85,0,1.07,CLEAN,,,,https://glow.paclinks.org/report/log/index.php?chooselog=1&logreader=logstore_standard&id=0&user=8470&date=1774483200
2026-03-27,8470,NA23P0233 Hoàng Thị Xuân Mai,0.43,1,119,0.8,0,0.43,CLEAN,,,,https://glow.paclinks.org/report/log/index.php?chooselog=1&logreader=logstore_standard&id=0&user=8470&date=1774569600
2026-03-28,8470,NA23P0233 Hoàng Thị Xuân Mai,0.35,1,2,0.5,0,0.35,CLEAN,,,,https://glow.paclinks.org/report/log/index.php?chooselog=1&logreader=logstore_standard&id=0&user=8470&date=1774656000
2026-03-29,8470,NA23P0233 Hoàng Thị Xuân Mai,1.62,2,328,0.72,0,1.62,CLEAN,,,,https://glow.paclinks.org/report/log/index.php?chooselog=1&logreader=logstore_standard&id=0&user=8470&date=1774742400
2026-03-12,8471,NA23P0234 Hoàng Thị Thanh Thảo,0.99,1,86,0.8,0,0.99,CLEAN,,,,https://glow.paclinks.org/report/log/index.php?chooselog=1&logreader=logstore_standard&id=0&user=8471&date=1773273600
2026-03-14,8471,NA23P0234 Hoàng Thị Thanh Thảo,0.21,1,10,0.55,0,0.21,CLEAN,,,,https://glow.paclinks.org/report/log/index.php?chooselog=1&logreader=logstore_standard&id=0&user=8471&date=1773446400
2026-03-15,8471,NA23P0234 Hoàng Thị Thanh Thảo,0.74,1,103,0.85,0,0.74,CLEAN,,,,https://glow.paclinks.org/report/log/index.php?chooselog=1&logreader=logstore_standard&id=0&user=8471&date=1773532800
2026-03-16,8471,NA23P0234 Hoàng Thị Thanh Thảo,0.59,2,134,0.7,0,0.59,CLEAN,,,,https://glow.paclinks.org/report/log/index.php?chooselog=1&logreader=logstore_standard&id=0&user=8471&date=1773619200
2026-03-18,8471,NA23P0234 Hoàng Thị Thanh Thảo,0.16,1,5,0.55,0,0.16,CLEAN,,,,https://glow.paclinks.org/report/log/index.php?chooselog=1&logreader=logstore_standard&id=0&user=8471&date=1773792000
2026-03-19,8471,NA23P0234 Hoàng Thị Thanh Thảo,0.52,2,80,0.82,0,0.52,CLEAN,,,,https://glow.paclinks.org/report/log/index.php?chooselog=1&logreader=logstore_standard&id=0&user=8471&date=1773878400
2026-03-21,8471,NA23P0234 Hoàng Thị Thanh Thảo,0.05,1,6,0.55,0,0.05,CLEAN,,,,https://glow.paclinks.org/report/log/index.php?chooselog=1&logreader=logstore_standard&id=0&user=8471&date=1774051200
2026-03-25,8471,NA23P0234 Hoàng Thị Thanh Thảo,1.35,2,170,0.72,0,1.35,CLEAN,,,,https://glow.paclinks.org/report/log/index.php?chooselog=1&logreader=logstore_standard&id=0&user=8471&date=1774396800
2026-03-27,8471,NA23P0234 Hoàng Thị Thanh Thảo,1.13,1,194,0.85,0,1.13,CLEAN,,,,https://glow.paclinks.org/report/log/index.php?chooselog=1&logreader=logstore_standard&id=0&user=8471&date=1774569600
2026-03-28,8471,NA23P0234 Hoàng Thị Thanh Thảo,1.32,1,101,0.7,1,0.0,HAS ANOMALIES,single_activity_loop,medium,"S1 [08:40-09:59, 1.32h]: single_activity_loop - 91% of events on ""Quiz: Unit 8 - Word Groups and Syllable Stress (11-20)""",https://glow.paclinks.org/report/log/index.php?chooselog=1&logreader=logstore_standard&id=0&user=8471&date=1774656000
2026-03-29,8471,NA23P0234 Hoàng Thị Thanh Thảo,0.83,1,142,0.85,0,0.83,CLEAN,,,,https://glow.paclinks.org/report/log/index.php?chooselog=1&logreader=logstore_standard&id=0&user=8471&date=1774742400
2026-03-30,8471,NA23P0234 Hoàng Thị Thanh Thảo,0.96,1,174,0.85,0,0.96,CLEAN,,,,https://glow.paclinks.org/report/log/index.php?chooselog=1&logreader=logstore_standard&id=0&user=8471&date=1774828800
2026-03-31,8471,NA23P0234 Hoàng Thị Thanh Thảo,0.56,2,89,0.7,0,0.56,CLEAN,,,,https://glow.paclinks.org/report/log/index.php?chooselog=1&logreader=logstore_standard&id=0&user=8471&date=1774915200
2026-03-03,8472,NA23P0235 Hoàng Thị Ngọc Anh,0.13,1,11,0.65,0,0.13,CLEAN,,,,https://glow.paclinks.org/report/log/index.php?chooselog=1&logreader=logstore_standard&id=0&user=8472&date=1772496000
2026-03-04,8472,NA23P0235 Hoàng Thị Ngọc Anh,0.47,2,39,0.57,1,0.27,HAS ANOMALIES,single_activity_loop,medium,"S2 [22:07-22:18, 0.19h]: single_activity_loop - 91% of events on ""Quiz: Unit 7 - Key Vocabulary (1-10)""",https://glow.paclinks.org/report/log/index.php?chooselog=1&logreader=logstore_standard&id=0&user=8472&date=1772582400
2026-03-05,8472,NA23P0235 Hoàng Thị Ngọc Anh,0.06,1,9,0.5,0,0.06,CLEAN,,,,https://glow.paclinks.org/report/log/index.php?chooselog=1&logreader=logstore_standard&id=0&user=8472&date=1772668800
2026-03-06,8472,NA23P0235 Hoàng Thị Ngọc Anh,0.22,2,23,0.5,1,0.17,HAS ANOMALIES,single_activity_loop,medium,"S2 [19:46-19:49, 0.05h]: single_activity_loop - 100% of events on ""Quiz: Unit 7 - Word Groups and Syllable Stress (1-10)""",https://glow.paclinks.org/report/log/index.php?chooselog=1&logreader=logstore_standard&id=0&user=8472&date=1772755200
2026-03-08,8472,NA23P0235 Hoàng Thị Ngọc Anh,0.42,2,17,0.57,0,0.42,CLEAN,,,,https://glow.paclinks.org/report/log/index.php?chooselog=1&logreader=logstore_standard&id=0&user=8472&date=1772928000
2026-03-11,8472,NA23P0235 Hoàng Thị Ngọc Anh,0.26,2,51,0.35,3,0.0,REVIEW REQUIRED,single_activity_loop; excessive_events,medium; medium,"S1 [20:51-21:02, 0.19h]: single_activity_loop - 100% of events on ""Quiz: Unit 7 - Word Groups and Syllable Stress (11-20)""
S2 [22:24-22:29, 0.07h]: excessive_events - 433 events/hr (max=300); single_activity_loop - 94% of events on ""Quiz: Unit 7 - Word Groups and Syllable Stress (11-20)""",https://glow.paclinks.org/report/log/index.php?chooselog=1&logreader=logstore_standard&id=0&user=8472&date=1773187200
2026-03-15,8472,NA23P0235 Hoàng Thị Ngọc Anh,0.12,1,10,0.65,0,0.12,CLEAN,,,,https://glow.paclinks.org/report/log/index.php?chooselog=1&logreader=logstore_standard&id=0&user=8472&date=1773532800
2026-03-18,8472,NA23P0235 Hoàng Thị Ngọc Anh,0.53,3,66,0.4,3,0.24,HAS ANOMALIES,single_activity_loop; excessive_events,medium; medium,"S1 [19:54-20:07, 0.20h]: single_activity_loop - 100% of events on ""Quiz: Unit 8 - Word Groups and Syllable Stress (1-10)""
S2 [21:25-21:31, 0.09h]: excessive_events - 474 events/hr (max=300); single_activity_loop - 100% of events on ""Quiz: Unit 8 - Word Groups and Syllable Stress (1-10)""",https://glow.paclinks.org/report/log/index.php?chooselog=1&logreader=logstore_standard&id=0&user=8472&date=1773792000
2026-03-22,8472,NA23P0235 Hoàng Thị Ngọc Anh,0.83,2,98,0.65,1,0.32,HAS ANOMALIES,single_activity_loop,medium,"S2 [22:08-22:38, 0.51h]: single_activity_loop - 97% of events on ""Quiz: Unit 8 - Word Groups and Syllable Stress (11-20)""",https://glow.paclinks.org/report/log/index.php?chooselog=1&logreader=logstore_standard&id=0&user=8472&date=1774137600
2026-03-24,8472,NA23P0235 Hoàng Thị Ngọc Anh,0.62,3,41,0.45,2,0.17,HAS ANOMALIES,single_activity_loop,medium,"S1 [19:50-20:05, 0.25h]: single_activity_loop - 100% of events on ""Quiz: Unit 10 - Key Vocabulary (1-10)""
S2 [20:32-20:44, 0.21h]: single_activity_loop - 100% of events on ""Quiz: Unit 10 - Key Vocabulary (1-10)""",https://glow.paclinks.org/report/log/index.php?chooselog=1&logreader=logstore_standard&id=0&user=8472&date=1774310400
2026-03-25,8472,NA23P0235 Hoàng Thị Ngọc Anh,0.28,2,33,0.65,0,0.28,CLEAN,,,,https://glow.paclinks.org/report/log/index.php?chooselog=1&logreader=logstore_standard&id=0&user=8472&date=1774396800
2026-03-26,8472,NA23P0235 Hoàng Thị Ngọc Anh,0.12,1,13,0.35,1,0.0,REVIEW REQUIRED,single_activity_loop,medium,"S1 [20:42-20:49, 0.12h]: single_activity_loop - 100% of events on ""Quiz: Unit 9 - Key Vocabulary (11-20)""",https://glow.paclinks.org/report/log/index.php?chooselog=1&logreader=logstore_standard&id=0&user=8472&date=1774483200
2026-03-28,8472,NA23P0235 Hoàng Thị Ngọc Anh,0.32,2,19,0.65,0,0.32,CLEAN,,,,https://glow.paclinks.org/report/log/index.php?chooselog=1&logreader=logstore_standard&id=0&user=8472&date=1774656000
2026-03-29,8472,NA23P0235 Hoàng Thị Ngọc Anh,0.34,1,14,0.35,1,0.0,REVIEW REQUIRED,single_activity_loop,medium,"S1 [20:53-21:14, 0.34h]: single_activity_loop - 100% of events on ""Quiz: Unit 10 - Key Vocabulary (11-20)""",https://glow.paclinks.org/report/log/index.php?chooselog=1&logreader=logstore_standard&id=0&user=8472&date=1774742400
2026-03-30,8472,NA23P0235 Hoàng Thị Ngọc Anh,0.33,2,39,0.45,1,0.21,HAS ANOMALIES,single_activity_loop,medium,"S1 [16:45-16:53, 0.13h]: single_activity_loop - 100% of events on ""Quiz: Unit 11 - Key Vocabulary (1-10)""",https://glow.paclinks.org/report/log/index.php?chooselog=1&logreader=logstore_standard&id=0&user=8472&date=1774828800
2026-03-31,8472,NA23P0235 Hoàng Thị Ngọc Anh,0.15,1,31,0.5,1,0.0,HAS ANOMALIES,single_activity_loop,medium,"S1 [21:00-21:09, 0.15h]: single_activity_loop - 94% of events on ""Quiz: Unit 11 - Key Vocabulary (11-23)""",https://glow.paclinks.org/report/log/index.php?chooselog=1&logreader=logstore_standard&id=0&user=8472&date=1774915200
2026-03-25,8473,NA23P0236 Vương Thị Hòa,0.1,2,6,0.55,0,0.1,CLEAN,,,,https://glow.paclinks.org/report/log/index.php?chooselog=1&logreader=logstore_standard&id=0&user=8473&date=1774396800
2026-03-07,8475,NA23P0238 Trần Thị Hà Vy,0.42,3,31,0.57,0,0.42,CLEAN,,,,https://glow.paclinks.org/report/log/index.php?chooselog=1&logreader=logstore_standard&id=0&user=8475&date=1772841600
2026-03-12,8475,NA23P0238 Trần Thị Hà Vy,0.1,1,6,0.55,0,0.1,CLEAN,,,,https://glow.paclinks.org/report/log/index.php?chooselog=1&logreader=logstore_standard&id=0&user=8475&date=1773273600
2026-03-28,8475,NA23P0238 Trần Thị Hà Vy,0.12,1,12,0.55,0,0.12,CLEAN,,,,https://glow.paclinks.org/report/log/index.php?chooselog=1&logreader=logstore_standard&id=0&user=8475&date=1774656000
2026-03-02,8477,NA23P0240 Phạm Quỳnh Trang,0.46,1,8,0.55,0,0.46,CLEAN,,,,https://glow.paclinks.org/report/log/index.php?chooselog=1&logreader=logstore_standard&id=0&user=8477&date=1772409600
2026-03-03,8477,NA23P0240 Phạm Quỳnh Trang,0.98,3,18,0.55,0,0.98,CLEAN,,,,https://glow.paclinks.org/report/log/index.php?chooselog=1&logreader=logstore_standard&id=0&user=8477&date=1772496000
2026-03-06,8477,NA23P0240 Phạm Quỳnh Trang,0.29,1,7,0.55,0,0.29,CLEAN,,,,https://glow.paclinks.org/report/log/index.php?chooselog=1&logreader=logstore_standard&id=0&user=8477&date=1772755200
2026-03-11,8477,NA23P0240 Phạm Quỳnh Trang,0.42,1,2,0.5,0,0.42,CLEAN,,,,https://glow.paclinks.org/report/log/index.php?chooselog=1&logreader=logstore_standard&id=0&user=8477&date=1773187200
2026-03-12,8477,NA23P0240 Phạm Quỳnh Trang,0.21,1,7,0.55,0,0.21,CLEAN,,,,https://glow.paclinks.org/report/log/index.php?chooselog=1&logreader=logstore_standard&id=0&user=8477&date=1773273600
2026-03-13,8477,NA23P0240 Phạm Quỳnh Trang,0.47,1,8,0.55,0,0.47,CLEAN,,,,https://glow.paclinks.org/report/log/index.php?chooselog=1&logreader=logstore_standard&id=0&user=8477&date=1773360000
2026-03-15,8477,NA23P0240 Phạm Quỳnh Trang,0.8,2,5,0.53,0,0.8,CLEAN,,,,https://glow.paclinks.org/report/log/index.php?chooselog=1&logreader=logstore_standard&id=0&user=8477&date=1773532800
2026-03-16,8477,NA23P0240 Phạm Quỳnh Trang,0.25,1,7,0.55,0,0.25,CLEAN,,,,https://glow.paclinks.org/report/log/index.php?chooselog=1&logreader=logstore_standard&id=0&user=8477&date=1773619200
2026-03-17,8477,NA23P0240 Phạm Quỳnh Trang,0.67,2,8,0.53,0,0.67,CLEAN,,,,https://glow.paclinks.org/report/log/index.php?chooselog=1&logreader=logstore_standard&id=0&user=8477&date=1773705600
2026-03-19,8477,NA23P0240 Phạm Quỳnh Trang,1.22,3,18,0.53,0,1.22,CLEAN,,,,https://glow.paclinks.org/report/log/index.php?chooselog=1&logreader=logstore_standard&id=0&user=8477&date=1773878400
2026-03-20,8477,NA23P0240 Phạm Quỳnh Trang,1.35,2,11,0.53,0,1.35,CLEAN,,,,https://glow.paclinks.org/report/log/index.php?chooselog=1&logreader=logstore_standard&id=0&user=8477&date=1773964800
2026-03-22,8477,NA23P0240 Phạm Quỳnh Trang,0.56,1,8,0.55,0,0.56,CLEAN,,,,https://glow.paclinks.org/report/log/index.php?chooselog=1&logreader=logstore_standard&id=0&user=8477&date=1774137600
2026-03-24,8477,NA23P0240 Phạm Quỳnh Trang,0.81,1,9,0.55,0,0.81,CLEAN,,,,https://glow.paclinks.org/report/log/index.php?chooselog=1&logreader=logstore_standard&id=0&user=8477&date=1774310400
2026-03-25,8477,NA23P0240 Phạm Quỳnh Trang,1.98,2,14,0.53,0,1.98,CLEAN,,,,https://glow.paclinks.org/report/log/index.php?chooselog=1&logreader=logstore_standard&id=0&user=8477&date=1774396800
2026-03-26,8477,NA23P0240 Phạm Quỳnh Trang,0.93,2,11,0.53,0,0.93,CLEAN,,,,https://glow.paclinks.org/report/log/index.php?chooselog=1&logreader=logstore_standard&id=0&user=8477&date=1774483200
2026-03-27,8477,NA23P0240 Phạm Quỳnh Trang,0.32,1,7,0.55,0,0.32,CLEAN,,,,https://glow.paclinks.org/report/log/index.php?chooselog=1&logreader=logstore_standard&id=0&user=8477&date=1774569600
2026-03-30,8477,NA23P0240 Phạm Quỳnh Trang,0.26,1,7,0.55,0,0.26,CLEAN,,,,https://glow.paclinks.org/report/log/index.php?chooselog=1&logreader=logstore_standard&id=0&user=8477&date=1774828800
2026-03-31,8477,NA23P0240 Phạm Quỳnh Trang,1.47,2,16,0.55,0,1.47,CLEAN,,,,https://glow.paclinks.org/report/log/index.php?chooselog=1&logreader=logstore_standard&id=0&user=8477&date=1774915200
2026-03-09,9008,NA24P0254 Nguyễn Thị Bảo Ngọc,0.35,1,114,0.7,1,0.0,HAS ANOMALIES,excessive_events,medium,"S1 [18:36-18:57, 0.35h]: excessive_events - 329 events/hr (max=300)",https://glow.paclinks.org/report/log/index.php?chooselog=1&logreader=logstore_standard&id=0&user=9008&date=1773014400
2026-03-11,9008,NA24P0254 Nguyễn Thị Bảo Ngọc,0.43,1,122,0.85,0,0.43,CLEAN,,,,https://glow.paclinks.org/report/log/index.php?chooselog=1&logreader=logstore_standard&id=0&user=9008&date=1773187200
2026-03-15,9008,NA24P0254 Nguyễn Thị Bảo Ngọc,0.63,1,47,0.7,0,0.63,CLEAN,,,,https://glow.paclinks.org/report/log/index.php?chooselog=1&logreader=logstore_standard&id=0&user=9008&date=1773532800
2026-03-16,9008,NA24P0254 Nguyễn Thị Bảo Ngọc,0.06,1,18,0.4,1,0.0,HAS ANOMALIES,excessive_events,medium,"S1 [18:31-18:34, 0.06h]: excessive_events - 313 events/hr (max=300)",https://glow.paclinks.org/report/log/index.php?chooselog=1&logreader=logstore_standard&id=0&user=9008&date=1773619200
2026-03-25,9008,NA24P0254 Nguyễn Thị Bảo Ngọc,0.43,1,37,0.6,0,0.43,CLEAN,,,,https://glow.paclinks.org/report/log/index.php?chooselog=1&logreader=logstore_standard&id=0&user=9008&date=1774396800
2026-03-11,9010,NA24P0256 Nguyễn Thị Phượng,0.07,1,10,0.7,0,0.07,CLEAN,,,,https://glow.paclinks.org/report/log/index.php?chooselog=1&logreader=logstore_standard&id=0&user=9010&date=1773187200
2026-03-12,9010,NA24P0256 Nguyễn Thị Phượng,0.19,1,12,0.4,1,0.0,HAS ANOMALIES,single_activity_loop,medium,"S1 [17:47-17:58, 0.19h]: single_activity_loop - 92% of events on ""Quiz: Speaking""",https://glow.paclinks.org/report/log/index.php?chooselog=1&logreader=logstore_standard&id=0&user=9010&date=1773273600
2026-03-15,9010,NA24P0256 Nguyễn Thị Phượng,0.09,1,7,0.6,0,0.09,CLEAN,,,,https://glow.paclinks.org/report/log/index.php?chooselog=1&logreader=logstore_standard&id=0&user=9010&date=1773532800
2026-03-19,9010,NA24P0256 Nguyễn Thị Phượng,0.46,2,38,0.68,0,0.46,CLEAN,,,,https://glow.paclinks.org/report/log/index.php?chooselog=1&logreader=logstore_standard&id=0&user=9010&date=1773878400
2026-03-22,9010,NA24P0256 Nguyễn Thị Phượng,0.55,2,25,0.52,1,0.06,HAS ANOMALIES,single_activity_loop,medium,"S2 [07:01-07:31, 0.49h]: single_activity_loop - 100% of events on ""Quiz: Speaking""",https://glow.paclinks.org/report/log/index.php?chooselog=1&logreader=logstore_standard&id=0&user=9010&date=1774137600
2026-03-25,9010,NA24P0256 Nguyễn Thị Phượng,0.31,1,21,0.55,0,0.31,CLEAN,,,,https://glow.paclinks.org/report/log/index.php?chooselog=1&logreader=logstore_standard&id=0&user=9010&date=1774396800
2026-03-31,9010,NA24P0256 Nguyễn Thị Phượng,0.95,3,38,0.67,0,0.95,CLEAN,,,,https://glow.paclinks.org/report/log/index.php?chooselog=1&logreader=logstore_standard&id=0&user=9010&date=1774915200
2026-03-08,9011,NA24P0257 Nguyễn Thị Nhung,0.12,1,17,0.55,0,0.12,CLEAN,,,,https://glow.paclinks.org/report/log/index.php?chooselog=1&logreader=logstore_standard&id=0&user=9011&date=1772928000
2026-03-09,9011,NA24P0257 Nguyễn Thị Nhung,0.27,1,8,0.55,0,0.27,CLEAN,,,,https://glow.paclinks.org/report/log/index.php?chooselog=1&logreader=logstore_standard&id=0&user=9011&date=1773014400
2026-03-24,9011,NA24P0257 Nguyễn Thị Nhung,0.96,1,5,0.5,0,0.96,CLEAN,,,,https://glow.paclinks.org/report/log/index.php?chooselog=1&logreader=logstore_standard&id=0&user=9011&date=1774310400
2026-03-28,9011,NA24P0257 Nguyễn Thị Nhung,1.95,4,29,0.54,0,1.95,CLEAN,,,,https://glow.paclinks.org/report/log/index.php?chooselog=1&logreader=logstore_standard&id=0&user=9011&date=1774656000
2026-03-29,9011,NA24P0257 Nguyễn Thị Nhung,0.61,3,36,0.58,0,0.61,CLEAN,,,,https://glow.paclinks.org/report/log/index.php?chooselog=1&logreader=logstore_standard&id=0&user=9011&date=1774742400
2026-03-08,9012,NA24P0258 Lê Trần Khánh Phương,0.91,1,270,0.85,0,0.91,CLEAN,,,,https://glow.paclinks.org/report/log/index.php?chooselog=1&logreader=logstore_standard&id=0&user=9012&date=1772928000
2026-03-23,9012,NA24P0258 Lê Trần Khánh Phương,0.35,1,30,0.65,0,0.35,CLEAN,,,,https://glow.paclinks.org/report/log/index.php?chooselog=1&logreader=logstore_standard&id=0&user=9012&date=1774224000
2026-03-07,9013,NA24P0259 Nguyễn Thị Thùy Trang,0.13,1,11,0.55,0,0.13,CLEAN,,,,https://glow.paclinks.org/report/log/index.php?chooselog=1&logreader=logstore_standard&id=0&user=9013&date=1772841600
2026-03-30,9014,NA24P0260 Đinh Thị Yến,0.07,1,14,0.65,0,0.07,CLEAN,,,,https://glow.paclinks.org/report/log/index.php?chooselog=1&logreader=logstore_standard&id=0&user=9014&date=1774828800
2026-03-04,9229,NA24P0261 Nguyễn Thị Thùy Trâm,0.17,1,5,0.55,0,0.17,CLEAN,,,,https://glow.paclinks.org/report/log/index.php?chooselog=1&logreader=logstore_standard&id=0&user=9229&date=1772582400
2026-03-16,9229,NA24P0261 Nguyễn Thị Thùy Trâm,0.28,2,12,0.55,0,0.28,CLEAN,,,,https://glow.paclinks.org/report/log/index.php?chooselog=1&logreader=logstore_standard&id=0&user=9229&date=1773619200
2026-03-23,9229,NA24P0261 Nguyễn Thị Thùy Trâm,0.11,1,5,0.55,0,0.11,CLEAN,,,,https://glow.paclinks.org/report/log/index.php?chooselog=1&logreader=logstore_standard&id=0&user=9229&date=1774224000
2026-03-26,9229,NA24P0261 Nguyễn Thị Thùy Trâm,0.06,1,4,0.5,0,0.06,CLEAN,,,,https://glow.paclinks.org/report/log/index.php?chooselog=1&logreader=logstore_standard&id=0&user=9229&date=1774483200
2026-03-10,9015,NA24P0265 Hoàng Minh Thư,0.25,1,12,0.6,0,0.25,CLEAN,,,,https://glow.paclinks.org/report/log/index.php?chooselog=1&logreader=logstore_standard&id=0&user=9015&date=1773100800
2026-03-22,9015,NA24P0265 Hoàng Minh Thư,1.15,1,21,0.6,0,1.15,CLEAN,,,,https://glow.paclinks.org/report/log/index.php?chooselog=1&logreader=logstore_standard&id=0&user=9015&date=1774137600
2026-03-01,9016,NA24P0266 Hoàng Thị Khánh Minh,0.3,2,18,0.55,0,0.3,CLEAN,,,,https://glow.paclinks.org/report/log/index.php?chooselog=1&logreader=logstore_standard&id=0&user=9016&date=1772323200
2026-03-09,9016,NA24P0266 Hoàng Thị Khánh Minh,0.18,1,6,0.55,0,0.18,CLEAN,,,,https://glow.paclinks.org/report/log/index.php?chooselog=1&logreader=logstore_standard&id=0&user=9016&date=1773014400
2026-03-15,9016,NA24P0266 Hoàng Thị Khánh Minh,0.32,2,13,0.55,0,0.32,CLEAN,,,,https://glow.paclinks.org/report/log/index.php?chooselog=1&logreader=logstore_standard&id=0&user=9016&date=1773532800
2026-03-18,9016,NA24P0266 Hoàng Thị Khánh Minh,0.07,1,5,0.55,0,0.07,CLEAN,,,,https://glow.paclinks.org/report/log/index.php?chooselog=1&logreader=logstore_standard&id=0&user=9016&date=1773792000
2026-03-20,9016,NA24P0266 Hoàng Thị Khánh Minh,0.66,1,5,0.5,0,0.66,CLEAN,,,,https://glow.paclinks.org/report/log/index.php?chooselog=1&logreader=logstore_standard&id=0&user=9016&date=1773964800
2026-03-21,9016,NA24P0266 Hoàng Thị Khánh Minh,0.19,1,7,0.55,0,0.19,CLEAN,,,,https://glow.paclinks.org/report/log/index.php?chooselog=1&logreader=logstore_standard&id=0&user=9016&date=1774051200
2026-03-22,9016,NA24P0266 Hoàng Thị Khánh Minh,0.22,2,12,0.55,0,0.22,CLEAN,,,,https://glow.paclinks.org/report/log/index.php?chooselog=1&logreader=logstore_standard&id=0&user=9016&date=1774137600
2026-03-24,9016,NA24P0266 Hoàng Thị Khánh Minh,0.18,1,9,0.55,0,0.18,CLEAN,,,,https://glow.paclinks.org/report/log/index.php?chooselog=1&logreader=logstore_standard&id=0&user=9016&date=1774310400
2026-03-25,9016,NA24P0266 Hoàng Thị Khánh Minh,0.94,3,26,0.55,0,0.94,CLEAN,,,,https://glow.paclinks.org/report/log/index.php?chooselog=1&logreader=logstore_standard&id=0&user=9016&date=1774396800
2026-03-28,9016,NA24P0266 Hoàng Thị Khánh Minh,0.99,1,55,0.6,0,0.99,CLEAN,,,,https://glow.paclinks.org/report/log/index.php?chooselog=1&logreader=logstore_standard&id=0&user=9016&date=1774656000
2026-03-29,9016,NA24P0266 Hoàng Thị Khánh Minh,0.17,2,5,0.5,0,0.17,CLEAN,,,,https://glow.paclinks.org/report/log/index.php?chooselog=1&logreader=logstore_standard&id=0&user=9016&date=1774742400
2026-03-31,9016,NA24P0266 Hoàng Thị Khánh Minh,0.17,1,6,0.55,0,0.17,CLEAN,,,,https://glow.paclinks.org/report/log/index.php?chooselog=1&logreader=logstore_standard&id=0&user=9016&date=1774915200
2026-03-01,9017,NA24P0267 Nguyễn Hà Anh,2.02,4,29,0.55,0,2.02,CLEAN,,,,https://glow.paclinks.org/report/log/index.php?chooselog=1&logreader=logstore_standard&id=0&user=9017&date=1772323200
2026-03-02,9017,NA24P0267 Nguyễn Hà Anh,0.47,1,4,0.55,0,0.47,CLEAN,,,,https://glow.paclinks.org/report/log/index.php?chooselog=1&logreader=logstore_standard&id=0&user=9017&date=1772409600
2026-03-03,9017,NA24P0267 Nguyễn Hà Anh,0.58,3,13,0.55,0,0.58,CLEAN,,,,https://glow.paclinks.org/report/log/index.php?chooselog=1&logreader=logstore_standard&id=0&user=9017&date=1772496000
2026-03-08,9017,NA24P0267 Nguyễn Hà Anh,1.04,2,14,0.55,0,1.04,CLEAN,,,,https://glow.paclinks.org/report/log/index.php?chooselog=1&logreader=logstore_standard&id=0&user=9017&date=1772928000
2026-03-09,9017,NA24P0267 Nguyễn Hà Anh,1.64,3,27,0.55,0,1.64,CLEAN,,,,https://glow.paclinks.org/report/log/index.php?chooselog=1&logreader=logstore_standard&id=0&user=9017&date=1773014400
2026-03-10,9017,NA24P0267 Nguyễn Hà Anh,0.61,1,6,0.55,0,0.61,CLEAN,,,,https://glow.paclinks.org/report/log/index.php?chooselog=1&logreader=logstore_standard&id=0&user=9017&date=1773100800
2026-03-11,9017,NA24P0267 Nguyễn Hà Anh,1.4,4,18,0.55,0,1.4,CLEAN,,,,https://glow.paclinks.org/report/log/index.php?chooselog=1&logreader=logstore_standard&id=0&user=9017&date=1773187200
2026-03-12,9017,NA24P0267 Nguyễn Hà Anh,1.25,3,16,0.55,0,1.25,CLEAN,,,,https://glow.paclinks.org/report/log/index.php?chooselog=1&logreader=logstore_standard&id=0&user=9017&date=1773273600
2026-03-13,9017,NA24P0267 Nguyễn Hà Anh,1.22,2,13,0.55,0,1.22,CLEAN,,,,https://glow.paclinks.org/report/log/index.php?chooselog=1&logreader=logstore_standard&id=0&user=9017&date=1773360000
2026-03-14,9017,NA24P0267 Nguyễn Hà Anh,1.27,3,20,0.55,0,1.27,CLEAN,,,,https://glow.paclinks.org/report/log/index.php?chooselog=1&logreader=logstore_standard&id=0&user=9017&date=1773446400
2026-03-15,9017,NA24P0267 Nguyễn Hà Anh,3.22,4,42,0.56,0,3.22,CLEAN,,,,https://glow.paclinks.org/report/log/index.php?chooselog=1&logreader=logstore_standard&id=0&user=9017&date=1773532800
2026-03-16,9017,NA24P0267 Nguyễn Hà Anh,0.27,2,10,0.55,0,0.27,CLEAN,,,,https://glow.paclinks.org/report/log/index.php?chooselog=1&logreader=logstore_standard&id=0&user=9017&date=1773619200
2026-03-17,9017,NA24P0267 Nguyễn Hà Anh,2.07,4,30,0.54,0,2.07,CLEAN,,,,https://glow.paclinks.org/report/log/index.php?chooselog=1&logreader=logstore_standard&id=0&user=9017&date=1773705600
2026-03-18,9017,NA24P0267 Nguyễn Hà Anh,0.65,2,6,0.5,0,0.65,CLEAN,,,,https://glow.paclinks.org/report/log/index.php?chooselog=1&logreader=logstore_standard&id=0&user=9017&date=1773792000
2026-03-19,9017,NA24P0267 Nguyễn Hà Anh,0.64,1,9,0.5,0,0.64,CLEAN,,,,https://glow.paclinks.org/report/log/index.php?chooselog=1&logreader=logstore_standard&id=0&user=9017&date=1773878400
2026-03-20,9017,NA24P0267 Nguyễn Hà Anh,1.59,3,24,0.52,0,1.59,CLEAN,,,,https://glow.paclinks.org/report/log/index.php?chooselog=1&logreader=logstore_standard&id=0&user=9017&date=1773964800
2026-03-21,9017,NA24P0267 Nguyễn Hà Anh,0.38,1,3,0.55,0,0.38,CLEAN,,,,https://glow.paclinks.org/report/log/index.php?chooselog=1&logreader=logstore_standard&id=0&user=9017&date=1774051200
2026-03-23,9017,NA24P0267 Nguyễn Hà Anh,0.72,2,6,0.55,0,0.72,CLEAN,,,,https://glow.paclinks.org/report/log/index.php?chooselog=1&logreader=logstore_standard&id=0&user=9017&date=1774224000
2026-03-25,9017,NA24P0267 Nguyễn Hà Anh,0.3,1,4,0.55,0,0.3,CLEAN,,,,https://glow.paclinks.org/report/log/index.php?chooselog=1&logreader=logstore_standard&id=0&user=9017&date=1774396800
2026-03-26,9017,NA24P0267 Nguyễn Hà Anh,0.74,2,8,0.53,0,0.74,CLEAN,,,,https://glow.paclinks.org/report/log/index.php?chooselog=1&logreader=logstore_standard&id=0&user=9017&date=1774483200
2026-03-27,9017,NA24P0267 Nguyễn Hà Anh,0.34,1,3,0.55,0,0.34,CLEAN,,,,https://glow.paclinks.org/report/log/index.php?chooselog=1&logreader=logstore_standard&id=0&user=9017&date=1774569600
2026-03-29,9017,NA24P0267 Nguyễn Hà Anh,2.81,3,17,0.53,0,2.81,CLEAN,,,,https://glow.paclinks.org/report/log/index.php?chooselog=1&logreader=logstore_standard&id=0&user=9017&date=1774742400
2026-03-30,9017,NA24P0267 Nguyễn Hà Anh,0.23,1,3,0.55,0,0.23,CLEAN,,,,https://glow.paclinks.org/report/log/index.php?chooselog=1&logreader=logstore_standard&id=0&user=9017&date=1774828800
2026-03-01,9018,NA24P0268 Nguyễn Hà Anh,0.52,3,73,0.62,1,0.4,HAS ANOMALIES,single_activity_loop,medium,"S3 [22:05-22:12, 0.13h]: single_activity_loop - 94% of events on ""Quiz: Unit 7 Key Vocabulary (11 - 24)""",https://glow.paclinks.org/report/log/index.php?chooselog=1&logreader=logstore_standard&id=0&user=9018&date=1772323200
2026-03-02,9018,NA24P0268 Nguyễn Hà Anh,0.47,2,44,0.65,1,0.38,HAS ANOMALIES,single_activity_loop,medium,"S2 [22:27-22:33, 0.09h]: single_activity_loop - 93% of events on ""Quiz: Unit 7 Word Groups &amp; Syllable Stress (1 - 10)""",https://glow.paclinks.org/report/log/index.php?chooselog=1&logreader=logstore_standard&id=0&user=9018&date=1772409600
2026-03-08,9018,NA24P0268 Nguyễn Hà Anh,0.4,1,14,0.65,0,0.4,CLEAN,,,,https://glow.paclinks.org/report/log/index.php?chooselog=1&logreader=logstore_standard&id=0&user=9018&date=1772928000
2026-03-09,9018,NA24P0268 Nguyễn Hà Anh,0.12,1,29,0.5,1,0.0,HAS ANOMALIES,single_activity_loop,medium,"S1 [22:49-22:56, 0.12h]: single_activity_loop - 93% of events on ""Quiz: Unit 7 Sentences &amp; Intonation (1 - 9)""",https://glow.paclinks.org/report/log/index.php?chooselog=1&logreader=logstore_standard&id=0&user=9018&date=1773014400
2026-03-10,9018,NA24P0268 Nguyễn Hà Anh,0.14,1,8,0.65,0,0.14,CLEAN,,,,https://glow.paclinks.org/report/log/index.php?chooselog=1&logreader=logstore_standard&id=0&user=9018&date=1773100800
2026-03-11,9018,NA24P0268 Nguyễn Hà Anh,0.41,2,45,0.5,2,0.36,HAS ANOMALIES,excessive_events; single_activity_loop,medium; medium,"S1 [16:15-16:18, 0.05h]: excessive_events - 517 events/hr (max=300); single_activity_loop - 92% of events on ""Quiz: Unit 8 Sounds/Minimal Pairs (1 - 10)""",https://glow.paclinks.org/report/log/index.php?chooselog=1&logreader=logstore_standard&id=0&user=9018&date=1773187200
2026-03-12,9018,NA24P0268 Nguyễn Hà Anh,0.22,1,29,0.5,1,0.0,HAS ANOMALIES,single_activity_loop,medium,"S1 [21:51-22:04, 0.22h]: single_activity_loop - 93% of events on ""Quiz: Unit 8 Key Vocabulary (1 - 10)""",https://glow.paclinks.org/report/log/index.php?chooselog=1&logreader=logstore_standard&id=0&user=9018&date=1773273600
2026-03-13,9018,NA24P0268 Nguyễn Hà Anh,0.2,1,38,0.5,1,0.0,HAS ANOMALIES,single_activity_loop,medium,"S1 [21:54-22:06, 0.20h]: single_activity_loop - 95% of events on ""Quiz: Unit 8 Key Vocabulary (11 - 24)""",https://glow.paclinks.org/report/log/index.php?chooselog=1&logreader=logstore_standard&id=0&user=9018&date=1773360000
2026-03-14,9018,NA24P0268 Nguyễn Hà Anh,0.38,2,34,0.57,1,0.28,HAS ANOMALIES,single_activity_loop,medium,"S2 [21:46-21:53, 0.11h]: single_activity_loop - 93% of events on ""Quiz: Unit 8 Word Groups &amp; Syllable Stress (1 - 10)""",https://glow.paclinks.org/report/log/index.php?chooselog=1&logreader=logstore_standard&id=0&user=9018&date=1773446400
2026-03-18,9018,NA24P0268 Nguyễn Hà Anh,0.25,1,43,0.5,1,0.0,HAS ANOMALIES,single_activity_loop,medium,"S1 [22:07-22:22, 0.25h]: single_activity_loop - 95% of events on ""Quiz: Unit 8 Sentences &amp; Intonation (1 - 8)""",https://glow.paclinks.org/report/log/index.php?chooselog=1&logreader=logstore_standard&id=0&user=9018&date=1773792000
2026-03-21,9018,NA24P0268 Nguyễn Hà Anh,0.16,1,26,0.5,1,0.0,HAS ANOMALIES,single_activity_loop,medium,"S1 [22:05-22:15, 0.16h]: single_activity_loop - 92% of events on ""Quiz: Unit 9 Key Vocabulary (1 - 10)""",https://glow.paclinks.org/report/log/index.php?chooselog=1&logreader=logstore_standard&id=0&user=9018&date=1774051200
2026-03-27,9018,NA24P0268 Nguyễn Hà Anh,0.11,1,28,0.5,1,0.0,HAS ANOMALIES,single_activity_loop,medium,"S1 [22:35-22:42, 0.11h]: single_activity_loop - 93% of events on ""Quiz: Unit 5  Sentences &amp; Intonation (1 - 9)""",https://glow.paclinks.org/report/log/index.php?chooselog=1&logreader=logstore_standard&id=0&user=9018&date=1774569600
2026-03-28,9018,NA24P0268 Nguyễn Hà Anh,0.08,1,19,0.35,1,0.0,REVIEW REQUIRED,single_activity_loop,medium,"S1 [21:24-21:29, 0.08h]: single_activity_loop - 100% of events on ""Quiz: Unit 10 Key Vocabulary (1 - 10)""",https://glow.paclinks.org/report/log/index.php?chooselog=1&logreader=logstore_standard&id=0&user=9018&date=1774656000
2026-03-29,9018,NA24P0268 Nguyễn Hà Anh,0.46,3,75,0.6,1,0.27,HAS ANOMALIES,single_activity_loop,medium,"S2 [09:24-09:35, 0.19h]: single_activity_loop - 94% of events on ""Quiz: Unit 10 Key Vocabulary (11 - 25)""",https://glow.paclinks.org/report/log/index.php?chooselog=1&logreader=logstore_standard&id=0&user=9018&date=1774742400
2026-03-30,9018,NA24P0268 Nguyễn Hà Anh,0.18,2,32,0.5,1,0.06,HAS ANOMALIES,single_activity_loop,medium,"S1 [20:56-21:03, 0.12h]: single_activity_loop - 100% of events on ""Quiz: Unit 11 Key Vocabulary (1 - 10)""",https://glow.paclinks.org/report/log/index.php?chooselog=1&logreader=logstore_standard&id=0&user=9018&date=1774828800
2026-03-31,9018,NA24P0268 Nguyễn Hà Anh,0.11,1,65,0.35,2,0.0,REVIEW REQUIRED,excessive_events; single_activity_loop,medium; medium,"S1 [21:39-21:46, 0.11h]: excessive_events - 567 events/hr (max=300); single_activity_loop - 97% of events on ""Quiz: Unit 6 Sentences &amp; Intonation (1 - 8)""",https://glow.paclinks.org/report/log/index.php?chooselog=1&logreader=logstore_standard&id=0&user=9018&date=1774915200
2026-03-08,9210,NA24P0281 Nguyễn Diệp Anh,0.14,1,5,0.55,0,0.14,CLEAN,,,,https://glow.paclinks.org/report/log/index.php?chooselog=1&logreader=logstore_standard&id=0&user=9210&date=1772928000
2026-03-19,9210,NA24P0281 Nguyễn Diệp Anh,0.19,1,4,0.55,0,0.19,CLEAN,,,,https://glow.paclinks.org/report/log/index.php?chooselog=1&logreader=logstore_standard&id=0&user=9210&date=1773878400
2026-03-26,9210,NA24P0281 Nguyễn Diệp Anh,0.07,1,3,0.5,0,0.07,CLEAN,,,,https://glow.paclinks.org/report/log/index.php?chooselog=1&logreader=logstore_standard&id=0&user=9210&date=1774483200
2026-03-28,9210,NA24P0281 Nguyễn Diệp Anh,0.52,1,52,0.85,0,0.52,CLEAN,,,,https://glow.paclinks.org/report/log/index.php?chooselog=1&logreader=logstore_standard&id=0&user=9210&date=1774656000
2026-03-29,9210,NA24P0281 Nguyễn Diệp Anh,3.25,4,135,0.66,0,3.25,CLEAN,,,,https://glow.paclinks.org/report/log/index.php?chooselog=1&logreader=logstore_standard&id=0&user=9210&date=1774742400
2026-03-31,9210,NA24P0281 Nguyễn Diệp Anh,3.02,5,138,0.63,1,2.62,HAS ANOMALIES,single_activity_loop,medium,"S4 [22:16-22:40, 0.39h]: single_activity_loop - 100% of events on ""Quiz: Pronunciation - Practice 2""",https://glow.paclinks.org/report/log/index.php?chooselog=1&logreader=logstore_standard&id=0&user=9210&date=1774915200
2026-03-01,9213,NA24P0284 Đậu Thị Hằng,0.27,1,105,0.65,1,0.0,HAS ANOMALIES,excessive_events,medium,"S1 [16:54-17:10, 0.27h]: excessive_events - 383 events/hr (max=300)",https://glow.paclinks.org/report/log/index.php?chooselog=1&logreader=logstore_standard&id=0&user=9213&date=1772323200
2026-03-04,9213,NA24P0284 Đậu Thị Hằng,0.15,1,18,0.65,0,0.15,CLEAN,,,,https://glow.paclinks.org/report/log/index.php?chooselog=1&logreader=logstore_standard&id=0&user=9213&date=1772582400
2026-03-11,9213,NA24P0284 Đậu Thị Hằng,0.47,1,9,0.6,0,0.47,CLEAN,,,,https://glow.paclinks.org/report/log/index.php?chooselog=1&logreader=logstore_standard&id=0&user=9213&date=1773187200
2026-03-15,9213,NA24P0284 Đậu Thị Hằng,0.64,1,32,0.7,0,0.64,CLEAN,,,,https://glow.paclinks.org/report/log/index.php?chooselog=1&logreader=logstore_standard&id=0&user=9213&date=1773532800
2026-03-28,9213,NA24P0284 Đậu Thị Hằng,0.54,2,42,0.72,0,0.54,CLEAN,,,,https://glow.paclinks.org/report/log/index.php?chooselog=1&logreader=logstore_standard&id=0&user=9213&date=1774656000
2026-03-30,9213,NA24P0284 Đậu Thị Hằng,0.17,1,13,0.7,0,0.17,CLEAN,,,,https://glow.paclinks.org/report/log/index.php?chooselog=1&logreader=logstore_standard&id=0&user=9213&date=1774828800
2026-03-07,9201,NA24P0295 Phạm Hải Yến,0.2,1,14,0.6,0,0.2,CLEAN,,,,https://glow.paclinks.org/report/log/index.php?chooselog=1&logreader=logstore_standard&id=0&user=9201&date=1772841600
2026-03-13,9201,NA24P0295 Phạm Hải Yến,0.15,1,23,0.55,0,0.15,CLEAN,,,,https://glow.paclinks.org/report/log/index.php?chooselog=1&logreader=logstore_standard&id=0&user=9201&date=1773360000
2026-03-14,9201,NA24P0295 Phạm Hải Yến,0.46,1,60,0.8,0,0.46,CLEAN,,,,https://glow.paclinks.org/report/log/index.php?chooselog=1&logreader=logstore_standard&id=0&user=9201&date=1773446400
2026-03-16,9201,NA24P0295 Phạm Hải Yến,0.38,1,11,0.55,0,0.38,CLEAN,,,,https://glow.paclinks.org/report/log/index.php?chooselog=1&logreader=logstore_standard&id=0&user=9201&date=1773619200
2026-03-17,9201,NA24P0295 Phạm Hải Yến,0.62,2,72,0.82,0,0.62,CLEAN,,,,https://glow.paclinks.org/report/log/index.php?chooselog=1&logreader=logstore_standard&id=0&user=9201&date=1773705600
2026-03-26,9201,NA24P0295 Phạm Hải Yến,0.15,1,7,0.55,0,0.15,CLEAN,,,,https://glow.paclinks.org/report/log/index.php?chooselog=1&logreader=logstore_standard&id=0&user=9201&date=1774483200
2026-03-28,9201,NA24P0295 Phạm Hải Yến,0.99,1,105,0.8,0,0.99,CLEAN,,,,https://glow.paclinks.org/report/log/index.php?chooselog=1&logreader=logstore_standard&id=0&user=9201&date=1774656000
2026-03-29,9201,NA24P0295 Phạm Hải Yến,0.43,2,28,0.57,0,0.43,CLEAN,,,,https://glow.paclinks.org/report/log/index.php?chooselog=1&logreader=logstore_standard&id=0&user=9201&date=1774742400
2026-03-30,9201,NA24P0295 Phạm Hải Yến,0.44,3,17,0.62,0,0.44,CLEAN,,,,https://glow.paclinks.org/report/log/index.php?chooselog=1&logreader=logstore_standard&id=0&user=9201&date=1774828800
2026-03-01,9226,NA24P0299 Nguyễn Thị Thu Hằng,0.17,1,8,0.55,0,0.17,CLEAN,,,,https://glow.paclinks.org/report/log/index.php?chooselog=1&logreader=logstore_standard&id=0&user=9226&date=1772323200
2026-03-02,9226,NA24P0299 Nguyễn Thị Thu Hằng,0.25,1,76,0.85,0,0.25,CLEAN,,,,https://glow.paclinks.org/report/log/index.php?chooselog=1&logreader=logstore_standard&id=0&user=9226&date=1772409600
2026-03-04,9226,NA24P0299 Nguyễn Thị Thu Hằng,0.27,1,7,0.55,0,0.27,CLEAN,,,,https://glow.paclinks.org/report/log/index.php?chooselog=1&logreader=logstore_standard&id=0&user=9226&date=1772582400
2026-03-10,9226,NA24P0299 Nguyễn Thị Thu Hằng,3.8,3,476,0.8,0,3.8,CLEAN,,,,https://glow.paclinks.org/report/log/index.php?chooselog=1&logreader=logstore_standard&id=0&user=9226&date=1773100800
2026-03-18,9226,NA24P0299 Nguyễn Thị Thu Hằng,0.1,1,9,0.55,0,0.1,CLEAN,,,,https://glow.paclinks.org/report/log/index.php?chooselog=1&logreader=logstore_standard&id=0&user=9226&date=1773792000
2026-03-20,9226,NA24P0299 Nguyễn Thị Thu Hằng,0.47,2,22,0.55,0,0.47,CLEAN,,,,https://glow.paclinks.org/report/log/index.php?chooselog=1&logreader=logstore_standard&id=0&user=9226&date=1773964800
2026-03-21,9226,NA24P0299 Nguyễn Thị Thu Hằng,0.3,2,27,0.57,0,0.3,CLEAN,,,,https://glow.paclinks.org/report/log/index.php?chooselog=1&logreader=logstore_standard&id=0&user=9226&date=1774051200
2026-03-22,9226,NA24P0299 Nguyễn Thị Thu Hằng,0.46,2,25,0.55,0,0.46,CLEAN,,,,https://glow.paclinks.org/report/log/index.php?chooselog=1&logreader=logstore_standard&id=0&user=9226&date=1774137600
2026-03-23,9226,NA24P0299 Nguyễn Thị Thu Hằng,0.63,3,52,0.62,0,0.63,CLEAN,,,,https://glow.paclinks.org/report/log/index.php?chooselog=1&logreader=logstore_standard&id=0&user=9226&date=1774224000
2026-03-25,9226,NA24P0299 Nguyễn Thị Thu Hằng,0.24,1,9,0.55,0,0.24,CLEAN,,,,https://glow.paclinks.org/report/log/index.php?chooselog=1&logreader=logstore_standard&id=0&user=9226&date=1774396800
2026-03-26,9226,NA24P0299 Nguyễn Thị Thu Hằng,0.15,2,14,0.55,0,0.15,CLEAN,,,,https://glow.paclinks.org/report/log/index.php?chooselog=1&logreader=logstore_standard&id=0&user=9226&date=1774483200
2026-03-28,9226,NA24P0299 Nguyễn Thị Thu Hằng,0.28,1,6,0.55,0,0.28,CLEAN,,,,https://glow.paclinks.org/report/log/index.php?chooselog=1&logreader=logstore_standard&id=0&user=9226&date=1774656000
2026-03-29,9226,NA24P0299 Nguyễn Thị Thu Hằng,0.1,1,6,0.55,0,0.1,CLEAN,,,,https://glow.paclinks.org/report/log/index.php?chooselog=1&logreader=logstore_standard&id=0&user=9226&date=1774742400
2026-03-30,9226,NA24P0299 Nguyễn Thị Thu Hằng,0.08,1,5,0.55,0,0.08,CLEAN,,,,https://glow.paclinks.org/report/log/index.php?chooselog=1&logreader=logstore_standard&id=0&user=9226&date=1774828800
2026-03-31,9226,NA24P0299 Nguyễn Thị Thu Hằng,0.13,1,4,0.55,0,0.13,CLEAN,,,,https://glow.paclinks.org/report/log/index.php?chooselog=1&logreader=logstore_standard&id=0&user=9226&date=1774915200
2026-03-24,9227,NA24P0300 Nguyễn Ngọc Bảo Oanh,0.69,1,119,0.7,0,0.69,CLEAN,,,,https://glow.paclinks.org/report/log/index.php?chooselog=1&logreader=logstore_standard&id=0&user=9227&date=1774310400
2026-03-25,9227,NA24P0300 Nguyễn Ngọc Bảo Oanh,0.45,1,37,0.6,0,0.45,CLEAN,,,,https://glow.paclinks.org/report/log/index.php?chooselog=1&logreader=logstore_standard&id=0&user=9227&date=1774396800
2026-03-26,9227,NA24P0300 Nguyễn Ngọc Bảo Oanh,3.41,2,1348,0.65,1,0.62,HAS ANOMALIES,excessive_events,medium,"S1 [12:33-15:21, 2.79h]: excessive_events - 474 events/hr (max=300)",https://glow.paclinks.org/report/log/index.php?chooselog=1&logreader=logstore_standard&id=0&user=9227&date=1774483200
2026-03-27,9227,NA24P0300 Nguyễn Ngọc Bảo Oanh,0.18,1,30,0.7,0,0.18,CLEAN,,,,https://glow.paclinks.org/report/log/index.php?chooselog=1&logreader=logstore_standard&id=0&user=9227&date=1774569600
2026-03-01,8459,NT23U0001 Bùi Thiên An,3.35,3,48,0.53,0,3.35,CLEAN,,,,https://glow.paclinks.org/report/log/index.php?chooselog=1&logreader=logstore_standard&id=0&user=8459&date=1772323200
2026-03-02,8459,NT23U0001 Bùi Thiên An,1.0,1,15,0.55,0,1.0,CLEAN,,,,https://glow.paclinks.org/report/log/index.php?chooselog=1&logreader=logstore_standard&id=0&user=8459&date=1772409600
2026-03-07,8459,NT23U0001 Bùi Thiên An,1.43,1,24,0.55,0,1.43,CLEAN,,,,https://glow.paclinks.org/report/log/index.php?chooselog=1&logreader=logstore_standard&id=0&user=8459&date=1772841600
2026-03-09,8459,NT23U0001 Bùi Thiên An,0.66,2,26,0.55,0,0.66,CLEAN,,,,https://glow.paclinks.org/report/log/index.php?chooselog=1&logreader=logstore_standard&id=0&user=8459&date=1773014400
2026-03-13,8459,NT23U0001 Bùi Thiên An,2.16,3,23,0.55,0,2.16,CLEAN,,,,https://glow.paclinks.org/report/log/index.php?chooselog=1&logreader=logstore_standard&id=0&user=8459&date=1773360000
2026-03-22,8459,NT23U0001 Bùi Thiên An,0.75,1,16,0.55,1,0.0,HAS ANOMALIES,multi_ip,low,"S1 [10:03-10:48, 0.75h]: multi_ip - 4 IPs: 113.185.79.50, 113.185.79.12, 113.185.79.47, 113.185.79.11",https://glow.paclinks.org/report/log/index.php?chooselog=1&logreader=logstore_standard&id=0&user=8459&date=1774137600
2026-03-23,8459,NT23U0001 Bùi Thiên An,0.8,2,18,0.55,0,0.8,CLEAN,,,,https://glow.paclinks.org/report/log/index.php?chooselog=1&logreader=logstore_standard&id=0&user=8459&date=1774224000
2026-03-24,8459,NT23U0001 Bùi Thiên An,1.28,2,18,0.55,1,0.27,HAS ANOMALIES,multi_ip,low,"S2 [22:56-23:57, 1.02h]: multi_ip - 5 IPs: 113.185.74.216, 113.185.74.238, 113.185.74.251, 113.185.75.11, 113.185.75.7",https://glow.paclinks.org/report/log/index.php?chooselog=1&logreader=logstore_standard&id=0&user=8459&date=1774310400
2026-03-25,8459,NT23U0001 Bùi Thiên An,0.39,1,9,0.55,0,0.39,CLEAN,,,,https://glow.paclinks.org/report/log/index.php?chooselog=1&logreader=logstore_standard&id=0&user=8459&date=1774396800
2026-03-26,8459,NT23U0001 Bùi Thiên An,0.38,1,13,0.55,0,0.38,CLEAN,,,,https://glow.paclinks.org/report/log/index.php?chooselog=1&logreader=logstore_standard&id=0&user=8459&date=1774483200
2026-03-27,8459,NT23U0001 Bùi Thiên An,0.26,1,12,0.55,0,0.26,CLEAN,,,,https://glow.paclinks.org/report/log/index.php?chooselog=1&logreader=logstore_standard&id=0&user=8459&date=1774569600
2026-03-29,8459,NT23U0001 Bùi Thiên An,0.47,1,7,0.55,0,0.47,CLEAN,,,,https://glow.paclinks.org/report/log/index.php?chooselog=1&logreader=logstore_standard&id=0&user=8459&date=1774742400
2026-03-25,9451,Noah Pharoah,0.06,1,10,0.55,0,0.06,CLEAN,,,,https://glow.paclinks.org/report/log/index.php?chooselog=1&logreader=logstore_standard&id=0&user=9451&date=1774396800
2026-03-01,53,PALS06LOA Loan Nguyen,0.27,1,45,0.8,0,0.27,CLEAN,,,,https://glow.paclinks.org/report/log/index.php?chooselog=1&logreader=logstore_standard&id=0&user=53&date=1772323200
2026-03-04,53,PALS06LOA Loan Nguyen,0.07,1,10,0.55,0,0.07,CLEAN,,,,https://glow.paclinks.org/report/log/index.php?chooselog=1&logreader=logstore_standard&id=0&user=53&date=1772582400
2026-03-09,53,PALS06LOA Loan Nguyen,0.63,1,143,0.8,0,0.63,CLEAN,,,,https://glow.paclinks.org/report/log/index.php?chooselog=1&logreader=logstore_standard&id=0&user=53&date=1773014400
2026-03-13,53,PALS06LOA Loan Nguyen,1.17,3,118,0.62,0,1.17,CLEAN,,,,https://glow.paclinks.org/report/log/index.php?chooselog=1&logreader=logstore_standard&id=0&user=53&date=1773360000
2026-03-28,53,PALS06LOA Loan Nguyen,0.11,1,23,0.65,0,0.11,CLEAN,,,,https://glow.paclinks.org/report/log/index.php?chooselog=1&logreader=logstore_standard&id=0&user=53&date=1774656000
2026-03-03,24,PALS07HON Hồng Nguyễn,0.37,2,38,0.55,0,0.37,CLEAN,,,,https://glow.paclinks.org/report/log/index.php?chooselog=1&logreader=logstore_standard&id=0&user=24&date=1772496000
2026-03-07,24,PALS07HON Hồng Nguyễn,0.06,1,16,0.55,0,0.06,CLEAN,,,,https://glow.paclinks.org/report/log/index.php?chooselog=1&logreader=logstore_standard&id=0&user=24&date=1772841600
2026-03-09,24,PALS07HON Hồng Nguyễn,0.12,1,10,0.55,0,0.12,CLEAN,,,,https://glow.paclinks.org/report/log/index.php?chooselog=1&logreader=logstore_standard&id=0&user=24&date=1773014400
2026-03-17,24,PALS07HON Hồng Nguyễn,0.25,1,4,0.5,0,0.25,CLEAN,,,,https://glow.paclinks.org/report/log/index.php?chooselog=1&logreader=logstore_standard&id=0&user=24&date=1773705600
2026-03-18,24,PALS07HON Hồng Nguyễn,0.11,1,25,0.55,0,0.11,CLEAN,,,,https://glow.paclinks.org/report/log/index.php?chooselog=1&logreader=logstore_standard&id=0&user=24&date=1773792000
2026-03-24,24,PALS07HON Hồng Nguyễn,0.33,1,2,0.5,0,0.33,CLEAN,,,,https://glow.paclinks.org/report/log/index.php?chooselog=1&logreader=logstore_standard&id=0&user=24&date=1774310400
2026-03-26,24,PALS07HON Hồng Nguyễn,1.16,4,102,0.5,1,1.04,HAS ANOMALIES,excessive_events,medium,"S2 [10:49-10:56, 0.12h]: excessive_events - 335 events/hr (max=300)",https://glow.paclinks.org/report/log/index.php?chooselog=1&logreader=logstore_standard&id=0&user=24&date=1774483200
2026-03-27,24,PALS07HON Hồng Nguyễn,0.16,1,8,0.5,0,0.16,CLEAN,,,,https://glow.paclinks.org/report/log/index.php?chooselog=1&logreader=logstore_standard&id=0&user=24&date=1774569600
2026-03-30,24,PALS07HON Hồng Nguyễn,0.1,1,22,0.55,0,0.1,CLEAN,,,,https://glow.paclinks.org/report/log/index.php?chooselog=1&logreader=logstore_standard&id=0&user=24&date=1774828800
2026-03-31,24,PALS07HON Hồng Nguyễn,0.21,1,33,0.6,0,0.21,CLEAN,,,,https://glow.paclinks.org/report/log/index.php?chooselog=1&logreader=logstore_standard&id=0&user=24&date=1774915200
2026-03-17,42,PALS16LOA Loan Luong,0.57,1,50,0.6,0,0.57,CLEAN,,,,https://glow.paclinks.org/report/log/index.php?chooselog=1&logreader=logstore_standard&id=0&user=42&date=1773705600
2026-03-22,42,PALS16LOA Loan Luong,0.48,2,12,0.6,0,0.48,CLEAN,,,,https://glow.paclinks.org/report/log/index.php?chooselog=1&logreader=logstore_standard&id=0&user=42&date=1774137600
2026-03-03,25,PALS16NHO Kim Nho Nguyen,1.55,2,75,0.6,0,1.55,CLEAN,,,,https://glow.paclinks.org/report/log/index.php?chooselog=1&logreader=logstore_standard&id=0&user=25&date=1772496000
2026-03-04,25,PALS16NHO Kim Nho Nguyen,0.39,2,44,0.53,0,0.39,CLEAN,,,,https://glow.paclinks.org/report/log/index.php?chooselog=1&logreader=logstore_standard&id=0&user=25&date=1772582400
2026-03-05,25,PALS16NHO Kim Nho Nguyen,0.42,1,11,0.55,0,0.42,CLEAN,,,,https://glow.paclinks.org/report/log/index.php?chooselog=1&logreader=logstore_standard&id=0&user=25&date=1772668800
2026-03-06,25,PALS16NHO Kim Nho Nguyen,0.43,2,13,0.57,0,0.43,CLEAN,,,,https://glow.paclinks.org/report/log/index.php?chooselog=1&logreader=logstore_standard&id=0&user=25&date=1772755200
2026-03-07,25,PALS16NHO Kim Nho Nguyen,2.88,3,218,0.65,1,2.19,HAS ANOMALIES,single_activity_loop,medium,"S3 [20:10-20:51, 0.69h]: single_activity_loop - 92% of events on ""Quiz: Speaking""",https://glow.paclinks.org/report/log/index.php?chooselog=1&logreader=logstore_standard&id=0&user=25&date=1772841600
2026-03-08,25,PALS16NHO Kim Nho Nguyen,1.31,2,30,0.57,0,1.31,CLEAN,,,,https://glow.paclinks.org/report/log/index.php?chooselog=1&logreader=logstore_standard&id=0&user=25&date=1772928000
2026-03-09,25,PALS16NHO Kim Nho Nguyen,0.17,1,10,0.55,0,0.17,CLEAN,,,,https://glow.paclinks.org/report/log/index.php?chooselog=1&logreader=logstore_standard&id=0&user=25&date=1773014400
2026-03-10,25,PALS16NHO Kim Nho Nguyen,2.2,4,140,0.61,1,1.46,HAS ANOMALIES,single_activity_loop,medium,"S1 [08:53-09:37, 0.74h]: single_activity_loop - 91% of events on ""Quiz: Speaking""",https://glow.paclinks.org/report/log/index.php?chooselog=1&logreader=logstore_standard&id=0&user=25&date=1773100800
2026-03-11,25,PALS16NHO Kim Nho Nguyen,1.6,2,85,0.7,0,1.6,CLEAN,,,,https://glow.paclinks.org/report/log/index.php?chooselog=1&logreader=logstore_standard&id=0&user=25&date=1773187200
2026-03-12,25,PALS16NHO Kim Nho Nguyen,0.05,1,9,0.55,0,0.05,CLEAN,,,,https://glow.paclinks.org/report/log/index.php?chooselog=1&logreader=logstore_standard&id=0&user=25&date=1773273600
2026-03-13,25,PALS16NHO Kim Nho Nguyen,0.59,1,15,0.6,0,0.59,CLEAN,,,,https://glow.paclinks.org/report/log/index.php?chooselog=1&logreader=logstore_standard&id=0&user=25&date=1773360000
2026-03-14,25,PALS16NHO Kim Nho Nguyen,0.22,1,5,0.55,0,0.22,CLEAN,,,,https://glow.paclinks.org/report/log/index.php?chooselog=1&logreader=logstore_standard&id=0&user=25&date=1773446400
2026-03-17,25,PALS16NHO Kim Nho Nguyen,1.01,2,87,0.72,0,1.01,CLEAN,,,,https://glow.paclinks.org/report/log/index.php?chooselog=1&logreader=logstore_standard&id=0&user=25&date=1773705600
2026-03-18,25,PALS16NHO Kim Nho Nguyen,0.74,3,23,0.55,0,0.74,CLEAN,,,,https://glow.paclinks.org/report/log/index.php?chooselog=1&logreader=logstore_standard&id=0&user=25&date=1773792000
2026-03-19,25,PALS16NHO Kim Nho Nguyen,1.37,4,134,0.61,0,1.37,CLEAN,,,,https://glow.paclinks.org/report/log/index.php?chooselog=1&logreader=logstore_standard&id=0&user=25&date=1773878400
2026-03-20,25,PALS16NHO Kim Nho Nguyen,0.12,1,7,0.6,0,0.12,CLEAN,,,,https://glow.paclinks.org/report/log/index.php?chooselog=1&logreader=logstore_standard&id=0&user=25&date=1773964800
2026-03-21,25,PALS16NHO Kim Nho Nguyen,1.73,2,97,0.72,0,1.73,CLEAN,,,,https://glow.paclinks.org/report/log/index.php?chooselog=1&logreader=logstore_standard&id=0&user=25&date=1774051200
2026-03-22,25,PALS16NHO Kim Nho Nguyen,0.52,1,14,0.6,0,0.52,CLEAN,,,,https://glow.paclinks.org/report/log/index.php?chooselog=1&logreader=logstore_standard&id=0&user=25&date=1774137600
2026-03-23,25,PALS16NHO Kim Nho Nguyen,1.96,2,195,0.62,1,0.09,HAS ANOMALIES,single_activity_loop,medium,"S2 [20:13-22:05, 1.86h]: single_activity_loop - 96% of events on ""Quiz: Speaking""",https://glow.paclinks.org/report/log/index.php?chooselog=1&logreader=logstore_standard&id=0&user=25&date=1774224000
2026-03-20,57,PALS17HAN Hang Le,0.33,2,23,0.53,0,0.33,CLEAN,,,,https://glow.paclinks.org/report/log/index.php?chooselog=1&logreader=logstore_standard&id=0&user=57&date=1773964800
2026-03-22,57,PALS17HAN Hang Le,0.3,1,3,0.55,0,0.3,CLEAN,,,,https://glow.paclinks.org/report/log/index.php?chooselog=1&logreader=logstore_standard&id=0&user=57&date=1774137600
2026-03-24,57,PALS17HAN Hang Le,0.18,1,13,0.55,0,0.18,CLEAN,,,,https://glow.paclinks.org/report/log/index.php?chooselog=1&logreader=logstore_standard&id=0&user=57&date=1774310400
2026-03-26,57,PALS17HAN Hang Le,0.3,1,4,0.5,0,0.3,CLEAN,,,,https://glow.paclinks.org/report/log/index.php?chooselog=1&logreader=logstore_standard&id=0&user=57&date=1774483200
2026-03-04,55,PALS17NHA Nhan Le,0.28,1,17,0.55,0,0.28,CLEAN,,,,https://glow.paclinks.org/report/log/index.php?chooselog=1&logreader=logstore_standard&id=0&user=55&date=1772582400
2026-03-05,55,PALS17NHA Nhan Le,0.19,1,12,0.55,0,0.19,CLEAN,,,,https://glow.paclinks.org/report/log/index.php?chooselog=1&logreader=logstore_standard&id=0&user=55&date=1772668800
2026-03-09,55,PALS17NHA Nhan Le,0.09,1,23,0.65,0,0.09,CLEAN,,,,https://glow.paclinks.org/report/log/index.php?chooselog=1&logreader=logstore_standard&id=0&user=55&date=1773014400
2026-03-18,55,PALS17NHA Nhan Le,0.17,1,17,0.6,0,0.17,CLEAN,,,,https://glow.paclinks.org/report/log/index.php?chooselog=1&logreader=logstore_standard&id=0&user=55&date=1773792000
2026-03-01,26,PALS17TUN HOANG TUNG,1.12,1,106,0.8,0,1.12,CLEAN,,,,https://glow.paclinks.org/report/log/index.php?chooselog=1&logreader=logstore_standard&id=0&user=26&date=1772323200
2026-03-04,26,PALS17TUN HOANG TUNG,0.67,1,76,0.8,0,0.67,CLEAN,,,,https://glow.paclinks.org/report/log/index.php?chooselog=1&logreader=logstore_standard&id=0&user=26&date=1772582400
2026-03-08,26,PALS17TUN HOANG TUNG,0.94,2,55,0.6,1,0.56,HAS ANOMALIES,single_activity_loop,medium,"S1 [15:30-15:53, 0.38h]: single_activity_loop - 91% of events on ""Quiz: Sentence and Paragraph (Online learning)""",https://glow.paclinks.org/report/log/index.php?chooselog=1&logreader=logstore_standard&id=0&user=26&date=1772928000
2026-03-15,26,PALS17TUN HOANG TUNG,0.96,1,72,0.85,0,0.96,CLEAN,,,,https://glow.paclinks.org/report/log/index.php?chooselog=1&logreader=logstore_standard&id=0&user=26&date=1773532800
2026-03-22,26,PALS17TUN HOANG TUNG,0.5,1,61,0.8,0,0.5,CLEAN,,,,https://glow.paclinks.org/report/log/index.php?chooselog=1&logreader=logstore_standard&id=0&user=26&date=1774137600
2026-03-23,26,PALS17TUN HOANG TUNG,0.09,1,4,0.5,0,0.09,CLEAN,,,,https://glow.paclinks.org/report/log/index.php?chooselog=1&logreader=logstore_standard&id=0&user=26&date=1774224000
2026-03-26,26,PALS17TUN HOANG TUNG,0.06,1,6,0.5,0,0.06,CLEAN,,,,https://glow.paclinks.org/report/log/index.php?chooselog=1&logreader=logstore_standard&id=0&user=26&date=1774483200
2026-03-27,26,PALS17TUN HOANG TUNG,0.07,1,4,0.5,0,0.07,CLEAN,,,,https://glow.paclinks.org/report/log/index.php?chooselog=1&logreader=logstore_standard&id=0&user=26&date=1774569600
2026-03-31,26,PALS17TUN HOANG TUNG,0.43,1,76,0.85,0,0.43,CLEAN,,,,https://glow.paclinks.org/report/log/index.php?chooselog=1&logreader=logstore_standard&id=0&user=26&date=1774915200
2026-03-15,1604,PALS19DUY Duyen Le,0.78,1,99,0.8,0,0.78,CLEAN,,,,https://glow.paclinks.org/report/log/index.php?chooselog=1&logreader=logstore_standard&id=0&user=1604&date=1773532800
2026-03-16,1604,PALS19DUY Duyen Le,0.19,1,55,0.8,0,0.19,CLEAN,,,,https://glow.paclinks.org/report/log/index.php?chooselog=1&logreader=logstore_standard&id=0&user=1604&date=1773619200
2026-03-18,1604,PALS19DUY Duyen Le,0.09,1,10,0.5,0,0.09,CLEAN,,,,https://glow.paclinks.org/report/log/index.php?chooselog=1&logreader=logstore_standard&id=0&user=1604&date=1773792000
2026-03-19,1604,PALS19DUY Duyen Le,0.56,2,61,0.7,0,0.56,CLEAN,,,,https://glow.paclinks.org/report/log/index.php?chooselog=1&logreader=logstore_standard&id=0&user=1604&date=1773878400
2026-03-22,1604,PALS19DUY Duyen Le,0.81,3,44,0.67,0,0.81,CLEAN,,,,https://glow.paclinks.org/report/log/index.php?chooselog=1&logreader=logstore_standard&id=0&user=1604&date=1774137600
2026-03-09,3551,PALS20NGO Rosa Nguyen,0.05,1,3,0.5,0,0.05,CLEAN,,,,https://glow.paclinks.org/report/log/index.php?chooselog=1&logreader=logstore_standard&id=0&user=3551&date=1773014400
2026-03-11,3551,PALS20NGO Rosa Nguyen,0.97,1,21,0.55,0,0.97,CLEAN,,,,https://glow.paclinks.org/report/log/index.php?chooselog=1&logreader=logstore_standard&id=0&user=3551&date=1773187200
2026-03-13,3551,PALS20NGO Rosa Nguyen,0.52,2,73,0.47,1,0.36,HAS ANOMALIES,excessive_events,medium,"S2 [16:04-16:13, 0.16h]: excessive_events - 372 events/hr (max=300)",https://glow.paclinks.org/report/log/index.php?chooselog=1&logreader=logstore_standard&id=0&user=3551&date=1773360000
2026-03-16,3551,PALS20NGO Rosa Nguyen,0.42,1,23,0.55,0,0.42,CLEAN,,,,https://glow.paclinks.org/report/log/index.php?chooselog=1&logreader=logstore_standard&id=0&user=3551&date=1773619200
2026-03-17,3551,PALS20NGO Rosa Nguyen,0.07,1,12,0.55,0,0.07,CLEAN,,,,https://glow.paclinks.org/report/log/index.php?chooselog=1&logreader=logstore_standard&id=0&user=3551&date=1773705600
2026-03-18,3551,PALS20NGO Rosa Nguyen,0.33,2,153,0.57,1,0.12,HAS ANOMALIES,excessive_events,medium,"S2 [21:52-22:04, 0.20h]: excessive_events - 739 events/hr (max=300)",https://glow.paclinks.org/report/log/index.php?chooselog=1&logreader=logstore_standard&id=0&user=3551&date=1773792000
2026-03-19,3551,PALS20NGO Rosa Nguyen,0.88,4,57,0.55,0,0.88,CLEAN,,,,https://glow.paclinks.org/report/log/index.php?chooselog=1&logreader=logstore_standard&id=0&user=3551&date=1773878400
2026-03-20,3551,PALS20NGO Rosa Nguyen,0.22,2,8,0.53,0,0.22,CLEAN,,,,https://glow.paclinks.org/report/log/index.php?chooselog=1&logreader=logstore_standard&id=0&user=3551&date=1773964800
2026-03-24,3551,PALS20NGO Rosa Nguyen,0.61,3,25,0.53,0,0.61,CLEAN,,,,https://glow.paclinks.org/report/log/index.php?chooselog=1&logreader=logstore_standard&id=0&user=3551&date=1774310400
2026-03-31,3551,PALS20NGO Rosa Nguyen,0.1,1,4,0.5,0,0.1,CLEAN,,,,https://glow.paclinks.org/report/log/index.php?chooselog=1&logreader=logstore_standard&id=0&user=3551&date=1774915200
2026-03-01,5841,PALS21KMY Kieu My Le,0.32,1,56,0.55,0,0.32,CLEAN,,,,https://glow.paclinks.org/report/log/index.php?chooselog=1&logreader=logstore_standard&id=0&user=5841&date=1772323200
2026-03-02,5841,PALS21KMY Kieu My Le,0.5,2,89,0.55,0,0.5,CLEAN,,,,https://glow.paclinks.org/report/log/index.php?chooselog=1&logreader=logstore_standard&id=0&user=5841&date=1772409600
2026-03-10,5841,PALS21KMY Kieu My Le,0.29,1,91,0.4,1,0.0,HAS ANOMALIES,excessive_events,medium,"S1 [12:51-13:08, 0.29h]: excessive_events - 319 events/hr (max=300)",https://glow.paclinks.org/report/log/index.php?chooselog=1&logreader=logstore_standard&id=0&user=5841&date=1773100800
2026-03-17,5841,PALS21KMY Kieu My Le,0.29,1,77,0.55,0,0.29,CLEAN,,,,https://glow.paclinks.org/report/log/index.php?chooselog=1&logreader=logstore_standard&id=0&user=5841&date=1773705600
2026-03-24,5841,PALS21KMY Kieu My Le,0.78,1,93,0.55,0,0.78,CLEAN,,,,https://glow.paclinks.org/report/log/index.php?chooselog=1&logreader=logstore_standard&id=0&user=5841&date=1774310400
2026-03-25,5841,PALS21KMY Kieu My Le,0.83,2,54,0.57,0,0.83,CLEAN,,,,https://glow.paclinks.org/report/log/index.php?chooselog=1&logreader=logstore_standard&id=0&user=5841&date=1774396800
2026-03-26,5841,PALS21KMY Kieu My Le,0.4,1,10,0.6,0,0.4,CLEAN,,,,https://glow.paclinks.org/report/log/index.php?chooselog=1&logreader=logstore_standard&id=0&user=5841&date=1774483200
2026-03-27,5841,PALS21KMY Kieu My Le,0.39,2,37,0.5,1,0.34,HAS ANOMALIES,excessive_events,medium,"S1 [14:10-14:14, 0.05h]: excessive_events - 402 events/hr (max=300)",https://glow.paclinks.org/report/log/index.php?chooselog=1&logreader=logstore_standard&id=0&user=5841&date=1774569600
2026-03-29,5841,PALS21KMY Kieu My Le,0.11,1,17,0.55,0,0.11,CLEAN,,,,https://glow.paclinks.org/report/log/index.php?chooselog=1&logreader=logstore_standard&id=0&user=5841&date=1774742400
2026-03-30,5841,PALS21KMY Kieu My Le,0.79,3,144,0.55,0,0.79,CLEAN,,,,https://glow.paclinks.org/report/log/index.php?chooselog=1&logreader=logstore_standard&id=0&user=5841&date=1774828800
2026-03-31,5841,PALS21KMY Kieu My Le,1.36,3,253,0.57,0,1.36,CLEAN,,,,https://glow.paclinks.org/report/log/index.php?chooselog=1&logreader=logstore_standard&id=0&user=5841&date=1774915200
2026-03-24,9460,PALS26THO Thong Nguyen,0.52,2,46,0.55,0,0.52,CLEAN,,,,https://glow.paclinks.org/report/log/index.php?chooselog=1&logreader=logstore_standard&id=0&user=9460&date=1774310400
2026-03-25,9460,PALS26THO Thong Nguyen,1.88,5,294,0.54,1,1.52,HAS ANOMALIES,excessive_events,medium,"S5 [16:02-16:24, 0.37h]: excessive_events - 434 events/hr (max=300)",https://glow.paclinks.org/report/log/index.php?chooselog=1&logreader=logstore_standard&id=0&user=9460&date=1774396800
2026-03-26,9460,PALS26THO Thong Nguyen,0.7,2,100,0.6,0,0.7,CLEAN,,,,https://glow.paclinks.org/report/log/index.php?chooselog=1&logreader=logstore_standard&id=0&user=9460&date=1774483200
2026-03-30,9460,PALS26THO Thong Nguyen,0.31,2,15,0.5,0,0.31,CLEAN,,,,https://glow.paclinks.org/report/log/index.php?chooselog=1&logreader=logstore_standard&id=0&user=9460&date=1774828800
2026-03-10,9408,PASL25ANH Anh Nguyen,0.3,2,12,0.57,0,0.3,CLEAN,,,,https://glow.paclinks.org/report/log/index.php?chooselog=1&logreader=logstore_standard&id=0&user=9408&date=1773100800
2026-03-17,9408,PASL25ANH Anh Nguyen,0.49,2,26,0.53,0,0.49,CLEAN,,,,https://glow.paclinks.org/report/log/index.php?chooselog=1&logreader=logstore_standard&id=0&user=9408&date=1773705600
2026-03-18,9408,PASL25ANH Anh Nguyen,0.08,1,7,0.6,0,0.08,CLEAN,,,,https://glow.paclinks.org/report/log/index.php?chooselog=1&logreader=logstore_standard&id=0&user=9408&date=1773792000
2026-03-23,9408,PASL25ANH Anh Nguyen,0.24,1,11,0.6,0,0.24,CLEAN,,,,https://glow.paclinks.org/report/log/index.php?chooselog=1&logreader=logstore_standard&id=0&user=9408&date=1774224000
2026-03-27,9408,PASL25ANH Anh Nguyen,0.12,1,6,0.5,0,0.12,CLEAN,,,,https://glow.paclinks.org/report/log/index.php?chooselog=1&logreader=logstore_standard&id=0&user=9408&date=1774569600
2026-03-02,6708,PY21P0002 NGUYỄN THỊ THU THOA,0.76,1,126,0.7,1,0.0,HAS ANOMALIES,single_activity_loop,medium,"S1 [18:15-19:01, 0.76h]: single_activity_loop - 92% of events on ""Quiz: Speaking""",https://glow.paclinks.org/report/log/index.php?chooselog=1&logreader=logstore_standard&id=0&user=6708&date=1772409600
2026-03-06,6708,PY21P0002 NGUYỄN THỊ THU THOA,0.15,1,20,0.55,0,0.15,CLEAN,,,,https://glow.paclinks.org/report/log/index.php?chooselog=1&logreader=logstore_standard&id=0&user=6708&date=1772755200
2026-03-20,6708,PY21P0002 NGUYỄN THỊ THU THOA,0.17,1,14,0.55,0,0.17,CLEAN,,,,https://glow.paclinks.org/report/log/index.php?chooselog=1&logreader=logstore_standard&id=0&user=6708&date=1773964800
2026-03-03,7312,PY22P0011 LÊ THỊ HỒNG NHƯ,0.06,1,5,0.55,0,0.06,CLEAN,,,,https://glow.paclinks.org/report/log/index.php?chooselog=1&logreader=logstore_standard&id=0&user=7312&date=1772496000
2026-03-04,7312,PY22P0011 LÊ THỊ HỒNG NHƯ,0.89,1,16,0.55,0,0.89,CLEAN,,,,https://glow.paclinks.org/report/log/index.php?chooselog=1&logreader=logstore_standard&id=0&user=7312&date=1772582400
2026-03-15,7312,PY22P0011 LÊ THỊ HỒNG NHƯ,0.18,1,9,0.55,0,0.18,CLEAN,,,,https://glow.paclinks.org/report/log/index.php?chooselog=1&logreader=logstore_standard&id=0&user=7312&date=1773532800
2026-03-23,7312,PY22P0011 LÊ THỊ HỒNG NHƯ,0.48,1,2,0.55,0,0.48,CLEAN,,,,https://glow.paclinks.org/report/log/index.php?chooselog=1&logreader=logstore_standard&id=0&user=7312&date=1774224000
2026-03-28,7312,PY22P0011 LÊ THỊ HỒNG NHƯ,1.23,1,71,0.8,0,1.23,CLEAN,,,,https://glow.paclinks.org/report/log/index.php?chooselog=1&logreader=logstore_standard&id=0&user=7312&date=1774656000
2026-03-30,7312,PY22P0011 LÊ THỊ HỒNG NHƯ,0.18,2,10,0.55,0,0.18,CLEAN,,,,https://glow.paclinks.org/report/log/index.php?chooselog=1&logreader=logstore_standard&id=0&user=7312&date=1774828800
2026-03-13,7315,PY22P0014 NGUYỄN THANH TÚ,0.12,1,22,0.7,0,0.12,CLEAN,,,,https://glow.paclinks.org/report/log/index.php?chooselog=1&logreader=logstore_standard&id=0&user=7315&date=1773360000
2026-03-14,7315,PY22P0014 NGUYỄN THANH TÚ,0.47,1,158,0.7,1,0.0,HAS ANOMALIES,excessive_events,medium,"S1 [00:00-00:28, 0.47h]: excessive_events - 340 events/hr (max=300)",https://glow.paclinks.org/report/log/index.php?chooselog=1&logreader=logstore_standard&id=0&user=7315&date=1773446400
2026-03-28,7316,PY22P0015 NGUYỄN LINH ĐAN,0.66,2,9,0.57,0,0.66,CLEAN,,,,https://glow.paclinks.org/report/log/index.php?chooselog=1&logreader=logstore_standard&id=0&user=7316&date=1774656000
2026-03-29,7316,PY22P0015 NGUYỄN LINH ĐAN,0.61,2,14,0.57,0,0.61,CLEAN,,,,https://glow.paclinks.org/report/log/index.php?chooselog=1&logreader=logstore_standard&id=0&user=7316&date=1774742400
2026-03-30,7316,PY22P0015 NGUYỄN LINH ĐAN,0.32,1,13,0.55,0,0.32,CLEAN,,,,https://glow.paclinks.org/report/log/index.php?chooselog=1&logreader=logstore_standard&id=0&user=7316&date=1774828800
2026-03-31,7316,PY22P0015 NGUYỄN LINH ĐAN,0.17,1,8,0.55,0,0.17,CLEAN,,,,https://glow.paclinks.org/report/log/index.php?chooselog=1&logreader=logstore_standard&id=0&user=7316&date=1774915200
2026-03-01,7672,PY22P0024 LÊ THỊ HOÀI THƯƠNG,0.08,1,30,0.3,2,0.0,REVIEW REQUIRED,auto_refresh; excessive_events,medium; medium,"S1 [00:00-00:04, 0.08h]: auto_refresh - 86% of gaps within ±2.0s of mean 9.3s; excessive_events - 387 events/hr (max=300)",https://glow.paclinks.org/report/log/index.php?chooselog=1&logreader=logstore_standard&id=0&user=7672&date=1772323200
2026-03-02,7672,PY22P0024 LÊ THỊ HOÀI THƯƠNG,0.73,1,263,0.05,3,0.0,REVIEW REQUIRED,auto_refresh; excessive_events; single_activity_loop,high; medium; medium,"S1 [00:40-01:24, 0.73h]: auto_refresh - Gaps extremely regular: mean=10.0s, std=1.38s across 262 gaps; excessive_events - 359 events/hr (max=300); single_activity_loop - 100% of events on ""Quiz: Unit 10 - Key Vocabulary (11-20)""",https://glow.paclinks.org/report/log/index.php?chooselog=1&logreader=logstore_standard&id=0&user=7672&date=1772409600
2026-03-05,7672,PY22P0024 LÊ THỊ HOÀI THƯƠNG,0.28,1,94,0.1,3,0.0,REVIEW REQUIRED,auto_refresh; excessive_events; single_activity_loop,medium; medium; medium,"S1 [11:06-11:23, 0.28h]: auto_refresh - 95% of gaps within ±2.0s of mean 10.8s; excessive_events - 334 events/hr (max=300); single_activity_loop - 96% of events on ""Quiz: UNIT 1 - Key vocabulary""",https://glow.paclinks.org/report/log/index.php?chooselog=1&logreader=logstore_standard&id=0&user=7672&date=1772668800
2026-03-23,8110,PY23P0031 HỒ LÊ BẢO TRÂN,0.06,1,7,0.55,0,0.06,CLEAN,,,,https://glow.paclinks.org/report/log/index.php?chooselog=1&logreader=logstore_standard&id=0&user=8110&date=1774224000
2026-03-25,8110,PY23P0031 HỒ LÊ BẢO TRÂN,0.1,1,5,0.55,0,0.1,CLEAN,,,,https://glow.paclinks.org/report/log/index.php?chooselog=1&logreader=logstore_standard&id=0&user=8110&date=1774396800
2026-03-26,8110,PY23P0031 HỒ LÊ BẢO TRÂN,0.56,2,18,0.55,0,0.56,CLEAN,,,,https://glow.paclinks.org/report/log/index.php?chooselog=1&logreader=logstore_standard&id=0&user=8110&date=1774483200
2026-03-01,8111,PY23P0032 NGUYỄN THỊ TƯỜNG VY,1.03,4,202,0.44,2,0.23,HAS ANOMALIES,single_activity_loop,medium,"S1 [00:00-00:16, 0.27h]: single_activity_loop - 100% of events on ""Interactive Content: Reading""
S2 [00:40-01:12, 0.53h]: single_activity_loop - 100% of events on ""Interactive Content: Reading""",https://glow.paclinks.org/report/log/index.php?chooselog=1&logreader=logstore_standard&id=0&user=8111&date=1772323200
2026-03-04,8111,PY23P0032 NGUYỄN THỊ TƯỜNG VY,2.31,2,456,0.4,2,0.0,HAS ANOMALIES,single_activity_loop,medium,"S1 [00:08-00:42, 0.56h]: single_activity_loop - 97% of events on ""Interactive Content: Reading""
S2 [22:15-00:00, 1.74h]: single_activity_loop - 98% of events on ""Interactive Content: Reading""",https://glow.paclinks.org/report/log/index.php?chooselog=1&logreader=logstore_standard&id=0&user=8111&date=1772582400
2026-03-05,8111,PY23P0032 NGUYỄN THỊ TƯỜNG VY,3.02,2,515,0.38,2,0.0,REVIEW REQUIRED,single_activity_loop,medium,"S1 [00:00-02:08, 2.14h]: single_activity_loop - 100% of events on ""Interactive Content: Reading""
S2 [23:07-00:00, 0.88h]: single_activity_loop - 95% of events on ""Interactive Content: Reading""",https://glow.paclinks.org/report/log/index.php?chooselog=1&logreader=logstore_standard&id=0&user=8111&date=1772668800
2026-03-06,8111,PY23P0032 NGUYỄN THỊ TƯỜNG VY,0.88,1,173,0.35,1,0.0,REVIEW REQUIRED,single_activity_loop,medium,"S1 [00:00-00:52, 0.88h]: single_activity_loop - 100% of events on ""Interactive Content: Reading""",https://glow.paclinks.org/report/log/index.php?chooselog=1&logreader=logstore_standard&id=0&user=8111&date=1772755200
2026-03-07,8111,PY23P0032 NGUYỄN THỊ TƯỜNG VY,0.19,1,40,0.55,0,0.19,CLEAN,,,,https://glow.paclinks.org/report/log/index.php?chooselog=1&logreader=logstore_standard&id=0&user=8111&date=1772841600
2026-03-08,8111,PY23P0032 NGUYỄN THỊ TƯỜNG VY,2.14,2,413,0.4,2,0.0,HAS ANOMALIES,single_activity_loop,medium,"S1 [18:25-18:55, 0.49h]: single_activity_loop - 93% of events on ""Interactive Content: Infinitives and Infinitive Phrases IV""
S2 [22:04-23:43, 1.65h]: single_activity_loop - 100% of events on ""Interactive Content: Infinitives and Infinitive Phrases IV""",https://glow.paclinks.org/report/log/index.php?chooselog=1&logreader=logstore_standard&id=0&user=8111&date=1772928000
2026-03-09,8111,PY23P0032 NGUYỄN THỊ TƯỜNG VY,2.67,1,455,0.4,1,0.0,HAS ANOMALIES,single_activity_loop,medium,"S1 [20:15-22:55, 2.67h]: single_activity_loop - 99% of events on ""Interactive Content: Reading""",https://glow.paclinks.org/report/log/index.php?chooselog=1&logreader=logstore_standard&id=0&user=8111&date=1773014400
2026-03-10,8111,PY23P0032 NGUYỄN THỊ TƯỜNG VY,0.11,1,27,0.55,0,0.11,CLEAN,,,,https://glow.paclinks.org/report/log/index.php?chooselog=1&logreader=logstore_standard&id=0&user=8111&date=1773100800
2026-03-11,8111,PY23P0032 NGUYỄN THỊ TƯỜNG VY,1.46,1,104,0.4,1,0.0,HAS ANOMALIES,single_activity_loop,medium,"S1 [22:33-00:00, 1.46h]: single_activity_loop - 95% of events on ""Interactive Content: Reading""",https://glow.paclinks.org/report/log/index.php?chooselog=1&logreader=logstore_standard&id=0&user=8111&date=1773187200
2026-03-12,8111,PY23P0032 NGUYỄN THỊ TƯỜNG VY,0.85,2,64,0.38,2,0.0,REVIEW REQUIRED,single_activity_loop,medium,"S1 [00:01-00:32, 0.53h]: single_activity_loop - 100% of events on ""Interactive Content: Reading""
S2 [23:41-00:00, 0.32h]: single_activity_loop - 97% of events on ""Interactive Content: Reading""",https://glow.paclinks.org/report/log/index.php?chooselog=1&logreader=logstore_standard&id=0&user=8111&date=1773273600
2026-03-13,8111,PY23P0032 NGUYỄN THỊ TƯỜNG VY,0.31,1,34,0.35,1,0.0,REVIEW REQUIRED,single_activity_loop,medium,"S1 [00:00-00:18, 0.31h]: single_activity_loop - 100% of events on ""Interactive Content: Reading""",https://glow.paclinks.org/report/log/index.php?chooselog=1&logreader=logstore_standard&id=0&user=8111&date=1773360000
2026-03-14,8111,PY23P0032 NGUYỄN THỊ TƯỜNG VY,1.76,2,154,0.5,1,0.44,HAS ANOMALIES,single_activity_loop,medium,"S2 [17:13-18:32, 1.32h]: single_activity_loop - 95% of events on ""Interactive Content: Reading""",https://glow.paclinks.org/report/log/index.php?chooselog=1&logreader=logstore_standard&id=0&user=8111&date=1773446400
2026-03-15,8111,PY23P0032 NGUYỄN THỊ TƯỜNG VY,2.78,2,253,0.45,2,0.0,HAS ANOMALIES,single_activity_loop,medium,"S1 [19:56-22:04, 2.12h]: single_activity_loop - 96% of events on ""Interactive Content: Reading""
S2 [23:03-23:42, 0.66h]: single_activity_loop - 90% of events on ""Interactive Content: Reading""",https://glow.paclinks.org/report/log/index.php?chooselog=1&logreader=logstore_standard&id=0&user=8111&date=1773532800
2026-03-16,8111,PY23P0032 NGUYỄN THỊ TƯỜNG VY,2.92,2,184,0.38,2,0.0,REVIEW REQUIRED,single_activity_loop,medium,"S1 [19:24-20:51, 1.46h]: single_activity_loop - 97% of events on ""Interactive Content: Reading""
S2 [21:22-22:49, 1.46h]: single_activity_loop - 98% of events on ""Site home""",https://glow.paclinks.org/report/log/index.php?chooselog=1&logreader=logstore_standard&id=0&user=8111&date=1773619200
2026-03-17,8111,PY23P0032 NGUYỄN THỊ TƯỜNG VY,1.31,1,204,0.4,1,0.0,HAS ANOMALIES,single_activity_loop,medium,"S1 [19:46-21:05, 1.31h]: single_activity_loop - 98% of events on ""Interactive Content: Reading""",https://glow.paclinks.org/report/log/index.php?chooselog=1&logreader=logstore_standard&id=0&user=8111&date=1773705600
2026-03-18,8111,PY23P0032 NGUYỄN THỊ TƯỜNG VY,2.11,3,189,0.45,2,1.47,HAS ANOMALIES,single_activity_loop,medium,"S1 [00:46-01:04, 0.30h]: single_activity_loop - 94% of events on ""Interactive Content: Reading""
S3 [23:40-00:00, 0.33h]: single_activity_loop - 96% of events on ""Site home""",https://glow.paclinks.org/report/log/index.php?chooselog=1&logreader=logstore_standard&id=0&user=8111&date=1773792000
2026-03-19,8111,PY23P0032 NGUYỄN THỊ TƯỜNG VY,0.22,1,5,0.5,0,0.22,CLEAN,,,,https://glow.paclinks.org/report/log/index.php?chooselog=1&logreader=logstore_standard&id=0&user=8111&date=1773878400
2026-03-21,8111,PY23P0032 NGUYỄN THỊ TƯỜNG VY,0.25,1,45,0.55,0,0.25,CLEAN,,,,https://glow.paclinks.org/report/log/index.php?chooselog=1&logreader=logstore_standard&id=0&user=8111&date=1774051200
2026-03-22,8111,PY23P0032 NGUYỄN THỊ TƯỜNG VY,3.71,2,348,0.5,1,0.58,HAS ANOMALIES,single_activity_loop,medium,"S1 [15:32-18:40, 3.13h]: single_activity_loop - 96% of events on ""Interactive Content: Reading""",https://glow.paclinks.org/report/log/index.php?chooselog=1&logreader=logstore_standard&id=0&user=8111&date=1774137600
2026-03-24,8111,PY23P0032 NGUYỄN THỊ TƯỜNG VY,0.46,1,39,0.55,0,0.46,CLEAN,,,,https://glow.paclinks.org/report/log/index.php?chooselog=1&logreader=logstore_standard&id=0&user=8111&date=1774310400
2026-03-25,8111,PY23P0032 NGUYỄN THỊ TƯỜNG VY,0.97,1,67,0.4,1,0.0,HAS ANOMALIES,single_activity_loop,medium,"S1 [23:01-00:00, 0.97h]: single_activity_loop - 93% of events on ""Interactive Content: Appositives and Appositive Phrases""",https://glow.paclinks.org/report/log/index.php?chooselog=1&logreader=logstore_standard&id=0&user=8111&date=1774396800
2026-03-26,8111,PY23P0032 NGUYỄN THỊ TƯỜNG VY,1.54,2,124,0.38,2,0.0,REVIEW REQUIRED,single_activity_loop,medium,"S1 [00:00-00:11, 0.18h]: single_activity_loop - 100% of events on ""Interactive Content: Appositives and Appositive Phrases""
S2 [22:24-23:46, 1.36h]: single_activity_loop - 94% of events on ""Interactive Content: Reading""",https://glow.paclinks.org/report/log/index.php?chooselog=1&logreader=logstore_standard&id=0&user=8111&date=1774483200
2026-03-27,8111,PY23P0032 NGUYỄN THỊ TƯỜNG VY,0.24,1,39,0.55,0,0.24,CLEAN,,,,https://glow.paclinks.org/report/log/index.php?chooselog=1&logreader=logstore_standard&id=0&user=8111&date=1774569600
2026-03-28,8111,PY23P0032 NGUYỄN THỊ TƯỜNG VY,0.33,2,61,0.45,1,0.22,HAS ANOMALIES,single_activity_loop,medium,"S1 [00:00-00:06, 0.11h]: single_activity_loop - 100% of events on ""Interactive Content: Reading""",https://glow.paclinks.org/report/log/index.php?chooselog=1&logreader=logstore_standard&id=0&user=8111&date=1774656000
2026-03-30,8111,PY23P0032 NGUYỄN THỊ TƯỜNG VY,2.1,3,320,0.4,3,0.0,HAS ANOMALIES,single_activity_loop,medium,"S1 [00:00-00:59, 0.98h]: single_activity_loop - 96% of events on ""Interactive Content: Subject Complements I""
S2 [21:57-22:22, 0.41h]: single_activity_loop - 92% of events on ""Interactive Content: Reading""
S3 [23:17-00:00, 0.71h]: single_activity_loop - 95% of events on ""Interactive Content: Reading""",https://glow.paclinks.org/report/log/index.php?chooselog=1&logreader=logstore_standard&id=0&user=8111&date=1774828800
2026-03-31,8111,PY23P0032 NGUYỄN THỊ TƯỜNG VY,0.2,1,23,0.05,2,0.0,REVIEW REQUIRED,auto_refresh; single_activity_loop,high; medium,"S1 [00:00-00:12, 0.20h]: auto_refresh - Gaps extremely regular: mean=31.3s, std=0.46s across 22 gaps; single_activity_loop - 100% of events on ""Interactive Content: Reading""",https://glow.paclinks.org/report/log/index.php?chooselog=1&logreader=logstore_standard&id=0&user=8111&date=1774915200
2026-03-03,8113,PY23P0034 LÊ TƯỜNG VY,1.2,1,238,0.4,1,0.0,HAS ANOMALIES,single_activity_loop,medium,"S1 [22:47-00:00, 1.20h]: single_activity_loop - 97% of events on ""Interactive Content: Reading""",https://glow.paclinks.org/report/log/index.php?chooselog=1&logreader=logstore_standard&id=0&user=8113&date=1772496000
2026-03-04,8113,PY23P0034 LÊ TƯỜNG VY,5.45,2,1040,0.38,2,0.0,REVIEW REQUIRED,single_activity_loop,medium,"S1 [00:00-01:32, 1.54h]: single_activity_loop - 100% of events on ""Interactive Content: Reading""
S2 [17:15-21:09, 3.90h]: single_activity_loop - 99% of events on ""Interactive Content: Reading""",https://glow.paclinks.org/report/log/index.php?chooselog=1&logreader=logstore_standard&id=0&user=8113&date=1772582400
2026-03-05,8113,PY23P0034 LÊ TƯỜNG VY,0.6,1,114,0.4,1,0.0,HAS ANOMALIES,single_activity_loop,medium,"S1 [23:24-00:00, 0.60h]: single_activity_loop - 96% of events on ""Interactive Content: Reading""",https://glow.paclinks.org/report/log/index.php?chooselog=1&logreader=logstore_standard&id=0&user=8113&date=1772668800
2026-03-06,8113,PY23P0034 LÊ TƯỜNG VY,3.05,3,561,0.43,2,0.21,HAS ANOMALIES,single_activity_loop,medium,"S1 [00:00-00:33, 0.56h]: single_activity_loop - 100% of events on ""Interactive Content: Reading""
S3 [21:10-23:27, 2.29h]: single_activity_loop - 99% of events on ""Interactive Content: Reading""",https://glow.paclinks.org/report/log/index.php?chooselog=1&logreader=logstore_standard&id=0&user=8113&date=1772755200
2026-03-07,8113,PY23P0034 LÊ TƯỜNG VY,3.33,1,634,0.4,1,0.0,HAS ANOMALIES,single_activity_loop,medium,"S1 [16:45-20:04, 3.33h]: single_activity_loop - 99% of events on ""Interactive Content: Reading""",https://glow.paclinks.org/report/log/index.php?chooselog=1&logreader=logstore_standard&id=0&user=8113&date=1772841600
2026-03-08,8113,PY23P0034 LÊ TƯỜNG VY,0.97,1,189,0.4,1,0.0,HAS ANOMALIES,single_activity_loop,medium,"S1 [18:24-19:22, 0.97h]: single_activity_loop - 97% of events on ""Interactive Content: Reading""",https://glow.paclinks.org/report/log/index.php?chooselog=1&logreader=logstore_standard&id=0&user=8113&date=1772928000
2026-03-10,8113,PY23P0034 LÊ TƯỜNG VY,1.51,1,292,0.4,1,0.0,HAS ANOMALIES,single_activity_loop,medium,"S1 [13:36-15:06, 1.51h]: single_activity_loop - 98% of events on ""Interactive Content: Reading""",https://glow.paclinks.org/report/log/index.php?chooselog=1&logreader=logstore_standard&id=0&user=8113&date=1773100800
2026-03-11,8113,PY23P0034 LÊ TƯỜNG VY,0.96,1,182,0.4,1,0.0,HAS ANOMALIES,single_activity_loop,medium,"S1 [10:35-11:32, 0.96h]: single_activity_loop - 97% of events on ""Interactive Content: Reading""",https://glow.paclinks.org/report/log/index.php?chooselog=1&logreader=logstore_standard&id=0&user=8113&date=1773187200
2026-03-12,8113,PY23P0034 LÊ TƯỜNG VY,5.3,2,1016,0.4,2,0.0,HAS ANOMALIES,single_activity_loop,medium,"S1 [00:14-01:41, 1.46h]: single_activity_loop - 98% of events on ""Interactive Content: Reading""
S2 [07:22-11:13, 3.85h]: single_activity_loop - 99% of events on ""Interactive Content: Reading""",https://glow.paclinks.org/report/log/index.php?chooselog=1&logreader=logstore_standard&id=0&user=8113&date=1773273600
2026-03-13,8113,PY23P0034 LÊ TƯỜNG VY,3.68,2,709,0.4,2,0.0,HAS ANOMALIES,single_activity_loop,medium,"S1 [07:22-10:00, 2.63h]: single_activity_loop - 99% of events on ""Interactive Content: Reading""
S2 [21:03-22:07, 1.05h]: single_activity_loop - 98% of events on ""Interactive Content: Reading""",https://glow.paclinks.org/report/log/index.php?chooselog=1&logreader=logstore_standard&id=0&user=8113&date=1773360000
2026-03-14,8113,PY23P0034 LÊ TƯỜNG VY,4.32,1,813,0.4,1,0.0,HAS ANOMALIES,single_activity_loop,medium,"S1 [13:59-18:18, 4.32h]: single_activity_loop - 99% of events on ""Interactive Content: Reading""",https://glow.paclinks.org/report/log/index.php?chooselog=1&logreader=logstore_standard&id=0&user=8113&date=1773446400
2026-03-22,8113,PY23P0034 LÊ TƯỜNG VY,1.69,1,321,0.4,1,0.0,HAS ANOMALIES,single_activity_loop,medium,"S1 [21:56-23:37, 1.69h]: single_activity_loop - 98% of events on ""Interactive Content: Reading""",https://glow.paclinks.org/report/log/index.php?chooselog=1&logreader=logstore_standard&id=0&user=8113&date=1774137600
2026-03-23,8113,PY23P0034 LÊ TƯỜNG VY,2.13,1,404,0.45,1,0.0,HAS ANOMALIES,single_activity_loop,medium,"S1 [09:46-11:54, 2.13h]: single_activity_loop - 98% of events on ""Interactive Content: Reading""",https://glow.paclinks.org/report/log/index.php?chooselog=1&logreader=logstore_standard&id=0&user=8113&date=1774224000
2026-03-29,8113,PY23P0034 LÊ TƯỜNG VY,9.42,1,1762,0.1,2,0.0,REVIEW REQUIRED,session_too_long; single_activity_loop,high; medium,"S1 [09:46-19:11, 9.42h]: session_too_long - Session duration 9.4h exceeds 6h limit; single_activity_loop - 99% of events on ""Interactive Content: Reading""",https://glow.paclinks.org/report/log/index.php?chooselog=1&logreader=logstore_standard&id=0&user=8113&date=1774742400
2026-03-31,8113,PY23P0034 LÊ TƯỜNG VY,3.05,1,595,0.4,1,0.0,HAS ANOMALIES,single_activity_loop,medium,"S1 [20:57-00:00, 3.05h]: single_activity_loop - 99% of events on ""Interactive Content: Reading""",https://glow.paclinks.org/report/log/index.php?chooselog=1&logreader=logstore_standard&id=0&user=8113&date=1774915200
2026-03-01,8115,PY23P0036 ĐÀO LÊ MINH HOÀNG,0.09,1,3,0.5,0,0.09,CLEAN,,,,https://glow.paclinks.org/report/log/index.php?chooselog=1&logreader=logstore_standard&id=0&user=8115&date=1772323200
2026-03-18,8115,PY23P0036 ĐÀO LÊ MINH HOÀNG,0.21,1,6,0.55,0,0.21,CLEAN,,,,https://glow.paclinks.org/report/log/index.php?chooselog=1&logreader=logstore_standard&id=0&user=8115&date=1773792000
2026-03-24,7175,PY23P0041 VÕ LÊ MINH TRÍ,0.64,1,226,0.1,3,0.0,REVIEW REQUIRED,auto_refresh; excessive_events; single_activity_loop,medium; medium; medium,"S1 [12:27-13:05, 0.64h]: auto_refresh - 97% of gaps within ±2.0s of mean 10.2s; excessive_events - 355 events/hr (max=300); single_activity_loop - 98% of events on ""Page: Vocabularies""",https://glow.paclinks.org/report/log/index.php?chooselog=1&logreader=logstore_standard&id=0&user=7175&date=1774310400
2026-03-04,8386,PY23S0003 Trinh Thi Bich Thao,0.07,1,5,0.55,0,0.07,CLEAN,,,,https://glow.paclinks.org/report/log/index.php?chooselog=1&logreader=logstore_standard&id=0&user=8386&date=1772582400
2026-03-13,8386,PY23S0003 Trinh Thi Bich Thao,2.5,5,74,0.6,0,2.5,CLEAN,,,,https://glow.paclinks.org/report/log/index.php?chooselog=1&logreader=logstore_standard&id=0&user=8386&date=1773360000
2026-03-16,8386,PY23S0003 Trinh Thi Bich Thao,0.06,1,10,0.55,0,0.06,CLEAN,,,,https://glow.paclinks.org/report/log/index.php?chooselog=1&logreader=logstore_standard&id=0&user=8386&date=1773619200
2026-03-17,8386,PY23S0003 Trinh Thi Bich Thao,0.6,4,41,0.57,0,0.6,CLEAN,,,,https://glow.paclinks.org/report/log/index.php?chooselog=1&logreader=logstore_standard&id=0&user=8386&date=1773705600
2026-03-18,8386,PY23S0003 Trinh Thi Bich Thao,0.09,1,2,0.5,0,0.09,CLEAN,,,,https://glow.paclinks.org/report/log/index.php?chooselog=1&logreader=logstore_standard&id=0&user=8386&date=1773792000
2026-03-06,8523,PY24P0042 LÊ NGUYỄN QUỲNH TIÊN,0.1,1,6,0.55,0,0.1,CLEAN,,,,https://glow.paclinks.org/report/log/index.php?chooselog=1&logreader=logstore_standard&id=0&user=8523&date=1772755200
2026-03-11,8523,PY24P0042 LÊ NGUYỄN QUỲNH TIÊN,0.55,2,12,0.55,0,0.55,CLEAN,,,,https://glow.paclinks.org/report/log/index.php?chooselog=1&logreader=logstore_standard&id=0&user=8523&date=1773187200
2026-03-12,8523,PY24P0042 LÊ NGUYỄN QUỲNH TIÊN,0.25,1,7,0.55,0,0.25,CLEAN,,,,https://glow.paclinks.org/report/log/index.php?chooselog=1&logreader=logstore_standard&id=0&user=8523&date=1773273600
2026-03-13,8523,PY24P0042 LÊ NGUYỄN QUỲNH TIÊN,0.32,1,10,0.55,0,0.32,CLEAN,,,,https://glow.paclinks.org/report/log/index.php?chooselog=1&logreader=logstore_standard&id=0&user=8523&date=1773360000
2026-03-14,8523,PY24P0042 LÊ NGUYỄN QUỲNH TIÊN,0.3,3,24,0.53,0,0.3,CLEAN,,,,https://glow.paclinks.org/report/log/index.php?chooselog=1&logreader=logstore_standard&id=0&user=8523&date=1773446400
2026-03-15,8523,PY24P0042 LÊ NGUYỄN QUỲNH TIÊN,0.37,3,22,0.55,0,0.37,CLEAN,,,,https://glow.paclinks.org/report/log/index.php?chooselog=1&logreader=logstore_standard&id=0&user=8523&date=1773532800
2026-03-17,8523,PY24P0042 LÊ NGUYỄN QUỲNH TIÊN,0.06,1,5,0.55,0,0.06,CLEAN,,,,https://glow.paclinks.org/report/log/index.php?chooselog=1&logreader=logstore_standard&id=0&user=8523&date=1773705600
2026-03-19,8523,PY24P0042 LÊ NGUYỄN QUỲNH TIÊN,0.17,1,7,0.55,0,0.17,CLEAN,,,,https://glow.paclinks.org/report/log/index.php?chooselog=1&logreader=logstore_standard&id=0&user=8523&date=1773878400
2026-03-20,8523,PY24P0042 LÊ NGUYỄN QUỲNH TIÊN,0.06,1,4,0.5,0,0.06,CLEAN,,,,https://glow.paclinks.org/report/log/index.php?chooselog=1&logreader=logstore_standard&id=0&user=8523&date=1773964800
2026-03-29,8523,PY24P0042 LÊ NGUYỄN QUỲNH TIÊN,0.07,1,12,0.55,0,0.07,CLEAN,,,,https://glow.paclinks.org/report/log/index.php?chooselog=1&logreader=logstore_standard&id=0&user=8523&date=1774742400
2026-03-30,8523,PY24P0042 LÊ NGUYỄN QUỲNH TIÊN,0.41,1,26,0.6,0,0.41,CLEAN,,,,https://glow.paclinks.org/report/log/index.php?chooselog=1&logreader=logstore_standard&id=0&user=8523&date=1774828800
2026-03-24,9103,PY25G0046 Mai Quốc Nam,1.27,1,40,0.6,0,1.27,CLEAN,,,,https://glow.paclinks.org/report/log/index.php?chooselog=1&logreader=logstore_standard&id=0&user=9103&date=1774310400
2026-03-26,9103,PY25G0046 Mai Quốc Nam,0.5,2,18,0.57,0,0.5,CLEAN,,,,https://glow.paclinks.org/report/log/index.php?chooselog=1&logreader=logstore_standard&id=0&user=9103&date=1774483200
2026-03-29,9103,PY25G0046 Mai Quốc Nam,0.42,1,3,0.6,0,0.42,CLEAN,,,,https://glow.paclinks.org/report/log/index.php?chooselog=1&logreader=logstore_standard&id=0&user=9103&date=1774742400
2026-03-30,9103,PY25G0046 Mai Quốc Nam,0.36,1,7,0.55,0,0.36,CLEAN,,,,https://glow.paclinks.org/report/log/index.php?chooselog=1&logreader=logstore_standard&id=0&user=9103&date=1774828800
2026-03-04,9106,PY25P0045 Lê Thị Thùy Dung,0.22,1,6,0.55,0,0.22,CLEAN,,,,https://glow.paclinks.org/report/log/index.php?chooselog=1&logreader=logstore_standard&id=0&user=9106&date=1772582400
2026-03-05,9106,PY25P0045 Lê Thị Thùy Dung,0.68,3,17,0.55,0,0.68,CLEAN,,,,https://glow.paclinks.org/report/log/index.php?chooselog=1&logreader=logstore_standard&id=0&user=9106&date=1772668800
2026-03-06,9106,PY25P0045 Lê Thị Thùy Dung,0.48,1,3,0.55,0,0.48,CLEAN,,,,https://glow.paclinks.org/report/log/index.php?chooselog=1&logreader=logstore_standard&id=0&user=9106&date=1772755200
2026-03-13,9106,PY25P0045 Lê Thị Thùy Dung,0.79,3,10,0.57,0,0.79,CLEAN,,,,https://glow.paclinks.org/report/log/index.php?chooselog=1&logreader=logstore_standard&id=0&user=9106&date=1773360000
2026-03-17,9106,PY25P0045 Lê Thị Thùy Dung,0.45,1,15,0.55,0,0.45,CLEAN,,,,https://glow.paclinks.org/report/log/index.php?chooselog=1&logreader=logstore_standard&id=0&user=9106&date=1773705600
2026-03-22,9106,PY25P0045 Lê Thị Thùy Dung,1.28,2,95,0.73,0,1.28,CLEAN,,,,https://glow.paclinks.org/report/log/index.php?chooselog=1&logreader=logstore_standard&id=0&user=9106&date=1774137600
2026-03-23,9106,PY25P0045 Lê Thị Thùy Dung,1.43,2,73,0.65,1,1.05,HAS ANOMALIES,single_activity_loop,medium,"S2 [22:42-23:05, 0.38h]: single_activity_loop - 90% of events on ""Quiz: Unit 1 - Word groups &amp; Syllable Stress (1 - 10)""",https://glow.paclinks.org/report/log/index.php?chooselog=1&logreader=logstore_standard&id=0&user=9106&date=1774224000
2026-03-26,9106,PY25P0045 Lê Thị Thùy Dung,1.1,3,35,0.57,0,1.1,CLEAN,,,,https://glow.paclinks.org/report/log/index.php?chooselog=1&logreader=logstore_standard&id=0&user=9106&date=1774483200
2026-03-28,9106,PY25P0045 Lê Thị Thùy Dung,2.66,3,139,0.55,2,0.27,HAS ANOMALIES,single_activity_loop,medium,"S1 [08:52-10:31, 1.64h]: single_activity_loop - 93% of events on ""Quiz: Unit 1 - Word groups &amp; Syllable Stress (11 - 25)""
S3 [22:35-23:21, 0.75h]: single_activity_loop - 100% of events on ""Quiz:  Unit 3 - Key Vocabulary (11 - 23)""",https://glow.paclinks.org/report/log/index.php?chooselog=1&logreader=logstore_standard&id=0&user=9106&date=1774656000
2026-03-30,9106,PY25P0045 Lê Thị Thùy Dung,0.29,1,13,0.5,0,0.29,CLEAN,,,,https://glow.paclinks.org/report/log/index.php?chooselog=1&logreader=logstore_standard&id=0&user=9106&date=1774828800
2026-03-01,9444,Pam Mandarino,0.07,1,19,0.6,0,0.07,CLEAN,,,,https://glow.paclinks.org/report/log/index.php?chooselog=1&logreader=logstore_standard&id=0&user=9444&date=1772323200
2026-03-03,717,QB18P0312 LÊ THỊ BẢO NGỌC,0.06,1,7,0.5,0,0.06,CLEAN,,,,https://glow.paclinks.org/report/log/index.php?chooselog=1&logreader=logstore_standard&id=0&user=717&date=1772496000
2026-03-09,236,QB18P0380 PHAN VIẾT TOÀN,0.29,1,19,0.55,0,0.29,CLEAN,,,,https://glow.paclinks.org/report/log/index.php?chooselog=1&logreader=logstore_standard&id=0&user=236&date=1773014400
2026-03-10,236,QB18P0380 PHAN VIẾT TOÀN,0.33,1,43,0.8,0,0.33,CLEAN,,,,https://glow.paclinks.org/report/log/index.php?chooselog=1&logreader=logstore_standard&id=0&user=236&date=1773100800
2026-03-24,2593,QB19P0403 VÕ NHƯ QUỲNH,0.72,2,5,0.53,0,0.72,CLEAN,,,,https://glow.paclinks.org/report/log/index.php?chooselog=1&logreader=logstore_standard&id=0&user=2593&date=1774310400
2026-03-30,2593,QB19P0403 VÕ NHƯ QUỲNH,0.34,1,3,0.55,0,0.34,CLEAN,,,,https://glow.paclinks.org/report/log/index.php?chooselog=1&logreader=logstore_standard&id=0&user=2593&date=1774828800
2026-03-14,3660,QB19P0419 DƯƠNG  THỊ ÁNH  THƯ,0.36,1,3,0.5,0,0.36,CLEAN,,,,https://glow.paclinks.org/report/log/index.php?chooselog=1&logreader=logstore_standard&id=0&user=3660&date=1773446400
2026-03-21,3660,QB19P0419 DƯƠNG  THỊ ÁNH  THƯ,0.19,1,3,0.55,0,0.19,CLEAN,,,,https://glow.paclinks.org/report/log/index.php?chooselog=1&logreader=logstore_standard&id=0&user=3660&date=1774051200
2026-03-25,3660,QB19P0419 DƯƠNG  THỊ ÁNH  THƯ,0.23,1,4,0.5,0,0.23,CLEAN,,,,https://glow.paclinks.org/report/log/index.php?chooselog=1&logreader=logstore_standard&id=0&user=3660&date=1774396800
2026-03-02,3485,QB19P0427 Võ Thị Hoài Phương,0.05,1,8,0.55,0,0.05,CLEAN,,,,https://glow.paclinks.org/report/log/index.php?chooselog=1&logreader=logstore_standard&id=0&user=3485&date=1772409600
2026-03-04,3485,QB19P0427 Võ Thị Hoài Phương,0.21,1,9,0.55,0,0.21,CLEAN,,,,https://glow.paclinks.org/report/log/index.php?chooselog=1&logreader=logstore_standard&id=0&user=3485&date=1772582400
2026-03-05,3485,QB19P0427 Võ Thị Hoài Phương,0.17,1,3,0.55,0,0.17,CLEAN,,,,https://glow.paclinks.org/report/log/index.php?chooselog=1&logreader=logstore_standard&id=0&user=3485&date=1772668800
2026-03-11,3485,QB19P0427 Võ Thị Hoài Phương,0.18,1,8,0.55,0,0.18,CLEAN,,,,https://glow.paclinks.org/report/log/index.php?chooselog=1&logreader=logstore_standard&id=0&user=3485&date=1773187200
2026-03-03,4332,QB19P0442 NGUYỄN THỊ HUYỀN,0.48,1,14,0.55,0,0.48,CLEAN,,,,https://glow.paclinks.org/report/log/index.php?chooselog=1&logreader=logstore_standard&id=0&user=4332&date=1772496000
2026-03-06,4332,QB19P0442 NGUYỄN THỊ HUYỀN,0.81,2,29,0.55,0,0.81,CLEAN,,,,https://glow.paclinks.org/report/log/index.php?chooselog=1&logreader=logstore_standard&id=0&user=4332&date=1772755200
2026-03-07,4332,QB19P0442 NGUYỄN THỊ HUYỀN,2.32,3,43,0.55,0,2.32,CLEAN,,,,https://glow.paclinks.org/report/log/index.php?chooselog=1&logreader=logstore_standard&id=0&user=4332&date=1772841600
2026-03-09,4332,QB19P0442 NGUYỄN THỊ HUYỀN,3.59,2,108,0.6,0,3.59,CLEAN,,,,https://glow.paclinks.org/report/log/index.php?chooselog=1&logreader=logstore_standard&id=0&user=4332&date=1773014400
2026-03-10,4332,QB19P0442 NGUYỄN THỊ HUYỀN,1.31,1,65,0.8,0,1.31,CLEAN,,,,https://glow.paclinks.org/report/log/index.php?chooselog=1&logreader=logstore_standard&id=0&user=4332&date=1773100800
2026-03-11,4332,QB19P0442 NGUYỄN THỊ HUYỀN,0.43,1,26,0.55,0,0.43,CLEAN,,,,https://glow.paclinks.org/report/log/index.php?chooselog=1&logreader=logstore_standard&id=0&user=4332&date=1773187200
2026-03-12,4332,QB19P0442 NGUYỄN THỊ HUYỀN,1.5,1,32,0.4,1,0.0,HAS ANOMALIES,single_activity_loop,medium,"S1 [18:52-20:22, 1.50h]: single_activity_loop - 91% of events on ""Interactive Content: Reading""",https://glow.paclinks.org/report/log/index.php?chooselog=1&logreader=logstore_standard&id=0&user=4332&date=1773273600
2026-03-13,4332,QB19P0442 NGUYỄN THỊ HUYỀN,2.7,1,22,0.6,0,2.7,CLEAN,,,,https://glow.paclinks.org/report/log/index.php?chooselog=1&logreader=logstore_standard&id=0&user=4332&date=1773360000
2026-03-14,4332,QB19P0442 NGUYỄN THỊ HUYỀN,1.45,3,30,0.57,0,1.45,CLEAN,,,,https://glow.paclinks.org/report/log/index.php?chooselog=1&logreader=logstore_standard&id=0&user=4332&date=1773446400
2026-03-15,4332,QB19P0442 NGUYỄN THỊ HUYỀN,1.0,1,34,0.65,0,1.0,CLEAN,,,,https://glow.paclinks.org/report/log/index.php?chooselog=1&logreader=logstore_standard&id=0&user=4332&date=1773532800
2026-03-16,4332,QB19P0442 NGUYỄN THỊ HUYỀN,0.68,1,6,0.5,0,0.68,CLEAN,,,,https://glow.paclinks.org/report/log/index.php?chooselog=1&logreader=logstore_standard&id=0&user=4332&date=1773619200
2026-03-18,4332,QB19P0442 NGUYỄN THỊ HUYỀN,1.94,5,31,0.55,0,1.94,CLEAN,,,,https://glow.paclinks.org/report/log/index.php?chooselog=1&logreader=logstore_standard&id=0&user=4332&date=1773792000
2026-03-20,4332,QB19P0442 NGUYỄN THỊ HUYỀN,0.9,2,4,0.5,0,0.9,CLEAN,,,,https://glow.paclinks.org/report/log/index.php?chooselog=1&logreader=logstore_standard&id=0&user=4332&date=1773964800
2026-03-25,4332,QB19P0442 NGUYỄN THỊ HUYỀN,1.97,4,34,0.53,0,1.97,CLEAN,,,,https://glow.paclinks.org/report/log/index.php?chooselog=1&logreader=logstore_standard&id=0&user=4332&date=1774396800
2026-03-28,4332,QB19P0442 NGUYỄN THỊ HUYỀN,0.24,1,10,0.65,0,0.24,CLEAN,,,,https://glow.paclinks.org/report/log/index.php?chooselog=1&logreader=logstore_standard&id=0&user=4332&date=1774656000
2026-03-30,4332,QB19P0442 NGUYỄN THỊ HUYỀN,2.12,3,27,0.53,0,2.12,CLEAN,,,,https://glow.paclinks.org/report/log/index.php?chooselog=1&logreader=logstore_standard&id=0&user=4332&date=1774828800
2026-03-31,4332,QB19P0442 NGUYỄN THỊ HUYỀN,1.23,4,26,0.51,0,1.23,CLEAN,,,,https://glow.paclinks.org/report/log/index.php?chooselog=1&logreader=logstore_standard&id=0&user=4332&date=1774915200
2026-03-01,4372,QB19P0456 LÊ THỊ THANH HIẾU,3.76,8,76,0.49,2,1.43,HAS ANOMALIES,single_activity_loop,medium,"S5 [14:58-16:39, 1.69h]: single_activity_loop - 100% of events on ""Quiz: Pronounce practice""
S7 [18:01-18:40, 0.64h]: single_activity_loop - 100% of events on ""Quiz: Pronounce practice""",https://glow.paclinks.org/report/log/index.php?chooselog=1&logreader=logstore_standard&id=0&user=4372&date=1772323200
2026-03-02,4372,QB19P0456 LÊ THỊ THANH HIẾU,2.61,4,62,0.49,2,0.81,HAS ANOMALIES,single_activity_loop,medium,"S2 [18:17-19:16, 0.98h]: single_activity_loop - 91% of events on ""Quiz: Pronounce practice""
S3 [19:42-20:31, 0.82h]: single_activity_loop - 100% of events on ""Quiz: Pronounce practice""",https://glow.paclinks.org/report/log/index.php?chooselog=1&logreader=logstore_standard&id=0&user=4372&date=1772409600
2026-03-03,4372,QB19P0456 LÊ THỊ THANH HIẾU,1.94,3,36,0.47,1,1.42,HAS ANOMALIES,single_activity_loop,medium,"S2 [20:45-21:16, 0.52h]: single_activity_loop - 100% of events on ""Quiz: Pronounce practice""",https://glow.paclinks.org/report/log/index.php?chooselog=1&logreader=logstore_standard&id=0&user=4372&date=1772496000
2026-03-05,4372,QB19P0456 LÊ THỊ THANH HIẾU,3.15,7,50,0.49,1,1.9,HAS ANOMALIES,single_activity_loop,medium,"S5 [19:17-20:32, 1.25h]: single_activity_loop - 100% of events on ""Quiz: Pronounce practice""",https://glow.paclinks.org/report/log/index.php?chooselog=1&logreader=logstore_standard&id=0&user=4372&date=1772668800
2026-03-08,4372,QB19P0456 LÊ THỊ THANH HIẾU,1.0,3,24,0.53,1,0.74,HAS ANOMALIES,single_activity_loop,medium,"S2 [10:41-10:56, 0.26h]: single_activity_loop - 92% of events on ""Quiz: Speech""",https://glow.paclinks.org/report/log/index.php?chooselog=1&logreader=logstore_standard&id=0&user=4372&date=1772928000
2026-03-10,4372,QB19P0456 LÊ THỊ THANH HIẾU,1.59,5,54,0.63,0,1.59,CLEAN,,,,https://glow.paclinks.org/report/log/index.php?chooselog=1&logreader=logstore_standard&id=0&user=4372&date=1773100800
2026-03-13,4372,QB19P0456 LÊ THỊ THANH HIẾU,0.5,1,8,0.7,0,0.5,CLEAN,,,,https://glow.paclinks.org/report/log/index.php?chooselog=1&logreader=logstore_standard&id=0&user=4372&date=1773360000
2026-03-15,4372,QB19P0456 LÊ THỊ THANH HIẾU,0.29,1,12,0.55,0,0.29,CLEAN,,,,https://glow.paclinks.org/report/log/index.php?chooselog=1&logreader=logstore_standard&id=0&user=4372&date=1773532800
2026-03-18,4372,QB19P0456 LÊ THỊ THANH HIẾU,0.29,2,11,0.6,0,0.29,CLEAN,,,,https://glow.paclinks.org/report/log/index.php?chooselog=1&logreader=logstore_standard&id=0&user=4372&date=1773792000
2026-03-22,4372,QB19P0456 LÊ THỊ THANH HIẾU,0.06,1,6,0.7,0,0.06,CLEAN,,,,https://glow.paclinks.org/report/log/index.php?chooselog=1&logreader=logstore_standard&id=0&user=4372&date=1774137600
2026-03-29,4372,QB19P0456 LÊ THỊ THANH HIẾU,4.62,7,127,0.49,3,0.65,HAS ANOMALIES,single_activity_loop,medium,"S2 [14:28-16:35, 2.12h]: single_activity_loop - 100% of events on ""Quiz: Pronounce practice""
S3 [17:55-18:53, 0.97h]: single_activity_loop - 94% of events on ""Quiz: Pronounce practice""
S7 [20:38-21:32, 0.89h]: single_activity_loop - 96% of events on ""Quiz: Pronounce practice""",https://glow.paclinks.org/report/log/index.php?chooselog=1&logreader=logstore_standard&id=0&user=4372&date=1774742400
2026-03-30,4372,QB19P0456 LÊ THỊ THANH HIẾU,3.52,8,39,0.47,2,1.53,HAS ANOMALIES,single_activity_loop,medium,"S3 [16:19-17:32, 1.22h]: single_activity_loop - 100% of events on ""Quiz: Pronounce practice""
S4 [18:05-18:51, 0.77h]: single_activity_loop - 100% of events on ""Quiz: Pronounce practice""",https://glow.paclinks.org/report/log/index.php?chooselog=1&logreader=logstore_standard&id=0&user=4372&date=1774828800
2026-03-17,5105,QB20P0486 NGUYỄN THỊ NGỌC HUYỀN,0.29,1,24,0.55,0,0.29,CLEAN,,,,https://glow.paclinks.org/report/log/index.php?chooselog=1&logreader=logstore_standard&id=0&user=5105&date=1773705600
2026-03-22,5105,QB20P0486 NGUYỄN THỊ NGỌC HUYỀN,0.14,1,3,0.55,0,0.14,CLEAN,,,,https://glow.paclinks.org/report/log/index.php?chooselog=1&logreader=logstore_standard&id=0&user=5105&date=1774137600
2026-03-23,5105,QB20P0486 NGUYỄN THỊ NGỌC HUYỀN,0.27,1,13,0.6,0,0.27,CLEAN,,,,https://glow.paclinks.org/report/log/index.php?chooselog=1&logreader=logstore_standard&id=0&user=5105&date=1774224000
2026-03-29,5105,QB20P0486 NGUYỄN THỊ NGỌC HUYỀN,0.32,1,80,0.85,0,0.32,CLEAN,,,,https://glow.paclinks.org/report/log/index.php?chooselog=1&logreader=logstore_standard&id=0&user=5105&date=1774742400
2026-03-03,5113,QB20P0494 HOÀNG THỊ THÙY DƯƠNG,0.78,1,21,0.6,0,0.78,CLEAN,,,,https://glow.paclinks.org/report/log/index.php?chooselog=1&logreader=logstore_standard&id=0&user=5113&date=1772496000
2026-03-11,5113,QB20P0494 HOÀNG THỊ THÙY DƯƠNG,0.28,2,21,0.55,0,0.28,CLEAN,,,,https://glow.paclinks.org/report/log/index.php?chooselog=1&logreader=logstore_standard&id=0&user=5113&date=1773187200
2026-03-12,5113,QB20P0494 HOÀNG THỊ THÙY DƯƠNG,0.06,1,3,0.55,0,0.06,CLEAN,,,,https://glow.paclinks.org/report/log/index.php?chooselog=1&logreader=logstore_standard&id=0&user=5113&date=1773273600
2026-03-15,5113,QB20P0494 HOÀNG THỊ THÙY DƯƠNG,0.24,1,25,0.6,0,0.24,CLEAN,,,,https://glow.paclinks.org/report/log/index.php?chooselog=1&logreader=logstore_standard&id=0&user=5113&date=1773532800
2026-03-24,5113,QB20P0494 HOÀNG THỊ THÙY DƯƠNG,0.25,1,6,0.55,0,0.25,CLEAN,,,,https://glow.paclinks.org/report/log/index.php?chooselog=1&logreader=logstore_standard&id=0&user=5113&date=1774310400
2026-03-27,5113,QB20P0494 HOÀNG THỊ THÙY DƯƠNG,0.19,1,41,0.85,0,0.19,CLEAN,,,,https://glow.paclinks.org/report/log/index.php?chooselog=1&logreader=logstore_standard&id=0&user=5113&date=1774569600
2026-03-03,5130,QB20P0511 LÊ THỊ THẢO NHI,0.85,1,10,0.55,0,0.85,CLEAN,,,,https://glow.paclinks.org/report/log/index.php?chooselog=1&logreader=logstore_standard&id=0&user=5130&date=1772496000
2026-03-04,5130,QB20P0511 LÊ THỊ THẢO NHI,0.77,1,33,0.6,0,0.77,CLEAN,,,,https://glow.paclinks.org/report/log/index.php?chooselog=1&logreader=logstore_standard&id=0&user=5130&date=1772582400
2026-03-05,5130,QB20P0511 LÊ THỊ THẢO NHI,0.51,1,16,0.85,0,0.51,CLEAN,,,,https://glow.paclinks.org/report/log/index.php?chooselog=1&logreader=logstore_standard&id=0&user=5130&date=1772668800
2026-03-06,5130,QB20P0511 LÊ THỊ THẢO NHI,0.81,3,36,0.65,0,0.81,CLEAN,,,,https://glow.paclinks.org/report/log/index.php?chooselog=1&logreader=logstore_standard&id=0&user=5130&date=1772755200
2026-03-07,5130,QB20P0511 LÊ THỊ THẢO NHI,0.59,1,8,0.55,0,0.59,CLEAN,,,,https://glow.paclinks.org/report/log/index.php?chooselog=1&logreader=logstore_standard&id=0&user=5130&date=1772841600
2026-03-14,5130,QB20P0511 LÊ THỊ THẢO NHI,0.37,1,8,0.55,0,0.37,CLEAN,,,,https://glow.paclinks.org/report/log/index.php?chooselog=1&logreader=logstore_standard&id=0&user=5130&date=1773446400
2026-03-17,5130,QB20P0511 LÊ THỊ THẢO NHI,0.21,1,12,0.55,0,0.21,CLEAN,,,,https://glow.paclinks.org/report/log/index.php?chooselog=1&logreader=logstore_standard&id=0&user=5130&date=1773705600
2026-03-25,5130,QB20P0511 LÊ THỊ THẢO NHI,0.99,2,16,0.55,0,0.99,CLEAN,,,,https://glow.paclinks.org/report/log/index.php?chooselog=1&logreader=logstore_standard&id=0&user=5130&date=1774396800
2026-03-27,5130,QB20P0511 LÊ THỊ THẢO NHI,0.44,2,25,0.57,0,0.44,CLEAN,,,,https://glow.paclinks.org/report/log/index.php?chooselog=1&logreader=logstore_standard&id=0&user=5130&date=1774569600
2026-03-29,5130,QB20P0511 LÊ THỊ THẢO NHI,0.52,2,16,0.55,0,0.52,CLEAN,,,,https://glow.paclinks.org/report/log/index.php?chooselog=1&logreader=logstore_standard&id=0&user=5130&date=1774742400
2026-03-30,5130,QB20P0511 LÊ THỊ THẢO NHI,3.42,4,82,0.6,0,3.42,CLEAN,,,,https://glow.paclinks.org/report/log/index.php?chooselog=1&logreader=logstore_standard&id=0&user=5130&date=1774828800
2026-03-31,5130,QB20P0511 LÊ THỊ THẢO NHI,1.08,1,49,0.8,0,1.08,CLEAN,,,,https://glow.paclinks.org/report/log/index.php?chooselog=1&logreader=logstore_standard&id=0&user=5130&date=1774915200
2026-03-07,6359,QB21P0551 LÊ QUANG THUẬN,0.17,1,24,0.6,0,0.17,CLEAN,,,,https://glow.paclinks.org/report/log/index.php?chooselog=1&logreader=logstore_standard&id=0&user=6359&date=1772841600
2026-03-01,6710,QB21P0555 VÕ PHƯƠNG THẢO,0.27,1,18,0.55,0,0.27,CLEAN,,,,https://glow.paclinks.org/report/log/index.php?chooselog=1&logreader=logstore_standard&id=0&user=6710&date=1772323200
2026-03-03,6710,QB21P0555 VÕ PHƯƠNG THẢO,1.67,3,74,0.7,0,1.67,CLEAN,,,,https://glow.paclinks.org/report/log/index.php?chooselog=1&logreader=logstore_standard&id=0&user=6710&date=1772496000
2026-03-04,6710,QB21P0555 VÕ PHƯƠNG THẢO,2.01,1,46,0.6,0,2.01,CLEAN,,,,https://glow.paclinks.org/report/log/index.php?chooselog=1&logreader=logstore_standard&id=0&user=6710&date=1772582400
2026-03-06,6710,QB21P0555 VÕ PHƯƠNG THẢO,1.69,2,122,0.77,0,1.69,CLEAN,,,,https://glow.paclinks.org/report/log/index.php?chooselog=1&logreader=logstore_standard&id=0&user=6710&date=1772755200
2026-03-10,6710,QB21P0555 VÕ PHƯƠNG THẢO,0.37,1,23,0.7,0,0.37,CLEAN,,,,https://glow.paclinks.org/report/log/index.php?chooselog=1&logreader=logstore_standard&id=0&user=6710&date=1773100800
2026-03-12,6710,QB21P0555 VÕ PHƯƠNG THẢO,0.33,1,102,0.7,1,0.0,HAS ANOMALIES,excessive_events,medium,"S1 [20:40-20:59, 0.33h]: excessive_events - 313 events/hr (max=300)",https://glow.paclinks.org/report/log/index.php?chooselog=1&logreader=logstore_standard&id=0&user=6710&date=1773273600
2026-03-13,6710,QB21P0555 VÕ PHƯƠNG THẢO,0.95,1,19,0.7,0,0.95,CLEAN,,,,https://glow.paclinks.org/report/log/index.php?chooselog=1&logreader=logstore_standard&id=0&user=6710&date=1773360000
2026-03-14,6710,QB21P0555 VÕ PHƯƠNG THẢO,1.37,1,41,0.7,0,1.37,CLEAN,,,,https://glow.paclinks.org/report/log/index.php?chooselog=1&logreader=logstore_standard&id=0&user=6710&date=1773446400
2026-03-16,6710,QB21P0555 VÕ PHƯƠNG THẢO,0.91,1,144,0.7,0,0.91,CLEAN,,,,https://glow.paclinks.org/report/log/index.php?chooselog=1&logreader=logstore_standard&id=0&user=6710&date=1773619200
2026-03-17,6710,QB21P0555 VÕ PHƯƠNG THẢO,0.25,1,19,0.65,0,0.25,CLEAN,,,,https://glow.paclinks.org/report/log/index.php?chooselog=1&logreader=logstore_standard&id=0&user=6710&date=1773705600
2026-03-18,6710,QB21P0555 VÕ PHƯƠNG THẢO,0.67,1,100,0.7,0,0.67,CLEAN,,,,https://glow.paclinks.org/report/log/index.php?chooselog=1&logreader=logstore_standard&id=0&user=6710&date=1773792000
2026-03-19,6710,QB21P0555 VÕ PHƯƠNG THẢO,0.97,3,102,0.68,0,0.97,CLEAN,,,,https://glow.paclinks.org/report/log/index.php?chooselog=1&logreader=logstore_standard&id=0&user=6710&date=1773878400
2026-03-20,6710,QB21P0555 VÕ PHƯƠNG THẢO,0.32,1,10,0.55,0,0.32,CLEAN,,,,https://glow.paclinks.org/report/log/index.php?chooselog=1&logreader=logstore_standard&id=0&user=6710&date=1773964800
2026-03-21,6710,QB21P0555 VÕ PHƯƠNG THẢO,0.52,1,100,0.7,0,0.52,CLEAN,,,,https://glow.paclinks.org/report/log/index.php?chooselog=1&logreader=logstore_standard&id=0&user=6710&date=1774051200
2026-03-23,6710,QB21P0555 VÕ PHƯƠNG THẢO,1.1,2,33,0.7,0,1.1,CLEAN,,,,https://glow.paclinks.org/report/log/index.php?chooselog=1&logreader=logstore_standard&id=0&user=6710&date=1774224000
2026-03-24,6710,QB21P0555 VÕ PHƯƠNG THẢO,0.32,1,55,0.85,0,0.32,CLEAN,,,,https://glow.paclinks.org/report/log/index.php?chooselog=1&logreader=logstore_standard&id=0&user=6710&date=1774310400
2026-03-26,6710,QB21P0555 VÕ PHƯƠNG THẢO,0.55,2,40,0.7,0,0.55,CLEAN,,,,https://glow.paclinks.org/report/log/index.php?chooselog=1&logreader=logstore_standard&id=0&user=6710&date=1774483200
2026-03-27,6710,QB21P0555 VÕ PHƯƠNG THẢO,0.44,1,54,0.7,0,0.44,CLEAN,,,,https://glow.paclinks.org/report/log/index.php?chooselog=1&logreader=logstore_standard&id=0&user=6710&date=1774569600
2026-03-02,6711,QB21P0557 NGUYỄN THỊ QUỲNH NHƯ,0.14,1,8,0.55,0,0.14,CLEAN,,,,https://glow.paclinks.org/report/log/index.php?chooselog=1&logreader=logstore_standard&id=0&user=6711&date=1772409600
2026-03-03,6711,QB21P0557 NGUYỄN THỊ QUỲNH NHƯ,0.64,3,16,0.53,0,0.64,CLEAN,,,,https://glow.paclinks.org/report/log/index.php?chooselog=1&logreader=logstore_standard&id=0&user=6711&date=1772496000
2026-03-08,6711,QB21P0557 NGUYỄN THỊ QUỲNH NHƯ,0.37,1,4,0.55,0,0.37,CLEAN,,,,https://glow.paclinks.org/report/log/index.php?chooselog=1&logreader=logstore_standard&id=0&user=6711&date=1772928000
2026-03-11,6711,QB21P0557 NGUYỄN THỊ QUỲNH NHƯ,0.08,1,4,0.55,0,0.08,CLEAN,,,,https://glow.paclinks.org/report/log/index.php?chooselog=1&logreader=logstore_standard&id=0&user=6711&date=1773187200
2026-03-13,6711,QB21P0557 NGUYỄN THỊ QUỲNH NHƯ,0.06,1,6,0.55,0,0.06,CLEAN,,,,https://glow.paclinks.org/report/log/index.php?chooselog=1&logreader=logstore_standard&id=0&user=6711&date=1773360000
2026-03-14,6711,QB21P0557 NGUYỄN THỊ QUỲNH NHƯ,0.23,1,6,0.55,0,0.23,CLEAN,,,,https://glow.paclinks.org/report/log/index.php?chooselog=1&logreader=logstore_standard&id=0&user=6711&date=1773446400
2026-03-30,6711,QB21P0557 NGUYỄN THỊ QUỲNH NHƯ,0.16,1,6,0.55,0,0.16,CLEAN,,,,https://glow.paclinks.org/report/log/index.php?chooselog=1&logreader=logstore_standard&id=0&user=6711&date=1774828800
2026-03-08,7180,QB22P0573 NGUYỄN NGỌC BẢO LINH,0.05,1,15,0.55,0,0.05,CLEAN,,,,https://glow.paclinks.org/report/log/index.php?chooselog=1&logreader=logstore_standard&id=0&user=7180&date=1772928000
2026-03-15,7180,QB22P0573 NGUYỄN NGỌC BẢO LINH,1.3,4,38,0.54,0,1.3,CLEAN,,,,https://glow.paclinks.org/report/log/index.php?chooselog=1&logreader=logstore_standard&id=0&user=7180&date=1773532800
2026-03-16,7180,QB22P0573 NGUYỄN NGỌC BẢO LINH,0.97,4,15,0.53,0,0.97,CLEAN,,,,https://glow.paclinks.org/report/log/index.php?chooselog=1&logreader=logstore_standard&id=0&user=7180&date=1773619200
2026-03-18,7180,QB22P0573 NGUYỄN NGỌC BẢO LINH,0.31,1,12,0.55,0,0.31,CLEAN,,,,https://glow.paclinks.org/report/log/index.php?chooselog=1&logreader=logstore_standard&id=0&user=7180&date=1773792000
2026-03-22,7180,QB22P0573 NGUYỄN NGỌC BẢO LINH,0.42,3,16,0.55,0,0.42,CLEAN,,,,https://glow.paclinks.org/report/log/index.php?chooselog=1&logreader=logstore_standard&id=0&user=7180&date=1774137600
2026-03-25,7180,QB22P0573 NGUYỄN NGỌC BẢO LINH,0.24,1,8,0.55,0,0.24,CLEAN,,,,https://glow.paclinks.org/report/log/index.php?chooselog=1&logreader=logstore_standard&id=0&user=7180&date=1774396800
2026-03-31,7180,QB22P0573 NGUYỄN NGỌC BẢO LINH,0.56,3,17,0.52,0,0.56,CLEAN,,,,https://glow.paclinks.org/report/log/index.php?chooselog=1&logreader=logstore_standard&id=0&user=7180&date=1774915200
2026-03-07,7181,QB22P0574 DƯƠNG THỊ THANH TÂM,0.12,1,9,0.55,0,0.12,CLEAN,,,,https://glow.paclinks.org/report/log/index.php?chooselog=1&logreader=logstore_standard&id=0&user=7181&date=1772841600
2026-03-15,7181,QB22P0574 DƯƠNG THỊ THANH TÂM,1.87,2,93,0.85,0,1.87,CLEAN,,,,https://glow.paclinks.org/report/log/index.php?chooselog=1&logreader=logstore_standard&id=0&user=7181&date=1773532800
2026-03-17,7181,QB22P0574 DƯƠNG THỊ THANH TÂM,2.17,4,121,0.74,0,2.17,CLEAN,,,,https://glow.paclinks.org/report/log/index.php?chooselog=1&logreader=logstore_standard&id=0&user=7181&date=1773705600
2026-03-18,7181,QB22P0574 DƯƠNG THỊ THANH TÂM,1.38,1,67,0.85,0,1.38,CLEAN,,,,https://glow.paclinks.org/report/log/index.php?chooselog=1&logreader=logstore_standard&id=0&user=7181&date=1773792000
2026-03-03,7183,QB22P0576 TRẦN TÂM NHƯ,0.32,1,45,0.85,0,0.32,CLEAN,,,,https://glow.paclinks.org/report/log/index.php?chooselog=1&logreader=logstore_standard&id=0&user=7183&date=1772496000
2026-03-12,7183,QB22P0576 TRẦN TÂM NHƯ,0.28,1,13,0.7,0,0.28,CLEAN,,,,https://glow.paclinks.org/report/log/index.php?chooselog=1&logreader=logstore_standard&id=0&user=7183&date=1773273600
2026-03-17,7183,QB22P0576 TRẦN TÂM NHƯ,0.3,1,6,0.55,0,0.3,CLEAN,,,,https://glow.paclinks.org/report/log/index.php?chooselog=1&logreader=logstore_standard&id=0&user=7183&date=1773705600
2026-03-19,7183,QB22P0576 TRẦN TÂM NHƯ,0.31,1,49,0.85,0,0.31,CLEAN,,,,https://glow.paclinks.org/report/log/index.php?chooselog=1&logreader=logstore_standard&id=0&user=7183&date=1773878400
2026-03-20,7183,QB22P0576 TRẦN TÂM NHƯ,0.29,2,13,0.6,0,0.29,CLEAN,,,,https://glow.paclinks.org/report/log/index.php?chooselog=1&logreader=logstore_standard&id=0&user=7183&date=1773964800
2026-03-22,7183,QB22P0576 TRẦN TÂM NHƯ,0.1,1,14,0.7,0,0.1,CLEAN,,,,https://glow.paclinks.org/report/log/index.php?chooselog=1&logreader=logstore_standard&id=0&user=7183&date=1774137600
2026-03-07,7186,QB22P0579 TRẦN THỊ THÚY,0.19,1,4,0.5,0,0.19,CLEAN,,,,https://glow.paclinks.org/report/log/index.php?chooselog=1&logreader=logstore_standard&id=0&user=7186&date=1772841600
2026-03-08,7186,QB22P0579 TRẦN THỊ THÚY,0.52,3,12,0.5,0,0.52,CLEAN,,,,https://glow.paclinks.org/report/log/index.php?chooselog=1&logreader=logstore_standard&id=0&user=7186&date=1772928000
2026-03-26,7186,QB22P0579 TRẦN THỊ THÚY,0.43,1,5,0.55,0,0.43,CLEAN,,,,https://glow.paclinks.org/report/log/index.php?chooselog=1&logreader=logstore_standard&id=0&user=7186&date=1774483200
2026-03-14,7195,QB22P0588 DƯƠNG THỊ HỒNG VÂN,4.34,1,261,0.4,1,0.0,HAS ANOMALIES,single_activity_loop,medium,"S1 [18:44-23:04, 4.34h]: single_activity_loop - 97% of events on ""Interactive Content: Reading""",https://glow.paclinks.org/report/log/index.php?chooselog=1&logreader=logstore_standard&id=0&user=7195&date=1773446400
2026-03-27,7195,QB22P0588 DƯƠNG THỊ HỒNG VÂN,0.38,2,24,0.53,0,0.38,CLEAN,,,,https://glow.paclinks.org/report/log/index.php?chooselog=1&logreader=logstore_standard&id=0&user=7195&date=1774569600
2026-03-03,7930,QB23P0600 LÊ TRẦN THANH NGÂN,0.34,1,8,0.55,0,0.34,CLEAN,,,,https://glow.paclinks.org/report/log/index.php?chooselog=1&logreader=logstore_standard&id=0&user=7930&date=1772496000
2026-03-27,7930,QB23P0600 LÊ TRẦN THANH NGÂN,0.25,1,9,0.55,0,0.25,CLEAN,,,,https://glow.paclinks.org/report/log/index.php?chooselog=1&logreader=logstore_standard&id=0&user=7930&date=1774569600
2026-03-11,7934,QB23P0604 NGUYỄN TRÀ GIANG,0.2,1,6,0.55,0,0.2,CLEAN,,,,https://glow.paclinks.org/report/log/index.php?chooselog=1&logreader=logstore_standard&id=0&user=7934&date=1773187200
2026-03-24,7934,QB23P0604 NGUYỄN TRÀ GIANG,0.06,1,6,0.55,0,0.06,CLEAN,,,,https://glow.paclinks.org/report/log/index.php?chooselog=1&logreader=logstore_standard&id=0&user=7934&date=1774310400
2026-03-25,7934,QB23P0604 NGUYỄN TRÀ GIANG,0.06,1,6,0.55,0,0.06,CLEAN,,,,https://glow.paclinks.org/report/log/index.php?chooselog=1&logreader=logstore_standard&id=0&user=7934&date=1774396800
2026-03-26,7934,QB23P0604 NGUYỄN TRÀ GIANG,0.28,1,7,0.6,0,0.28,CLEAN,,,,https://glow.paclinks.org/report/log/index.php?chooselog=1&logreader=logstore_standard&id=0&user=7934&date=1774483200
2026-03-01,7937,QB23P0607 NGUYỄN THANH TÂM,4.38,5,203,0.41,4,0.81,HAS ANOMALIES,single_activity_loop,medium,"S1 [09:22-10:26, 1.07h]: single_activity_loop - 98% of events on ""Quiz: UNIT 2 - Sounds/Minimal Pairs""
S3 [16:57-17:46, 0.81h]: single_activity_loop - 97% of events on ""Quiz: UNIT 2 - Sounds/Minimal Pairs""
S4 [18:12-19:10, 0.97h]: single_activity_loop - 100% of events on ""Quiz: UNIT 2 - Sounds/Minimal Pairs""
S5 [19:33-20:16, 0.72h]: single_activity_loop - 100% of events on ""Quiz: UNIT 2 - Sounds/Minimal Pairs""",https://glow.paclinks.org/report/log/index.php?chooselog=1&logreader=logstore_standard&id=0&user=7937&date=1772323200
2026-03-02,7937,QB23P0607 NGUYỄN THANH TÂM,2.99,2,148,0.4,2,0.0,HAS ANOMALIES,single_activity_loop,medium,"S1 [12:16-14:07, 1.85h]: single_activity_loop - 94% of events on ""Quiz: UNIT 1 - Key vocabulary""
S2 [21:03-22:12, 1.15h]: single_activity_loop - 92% of events on ""Quiz: UNIT 1 - Key vocabulary""",https://glow.paclinks.org/report/log/index.php?chooselog=1&logreader=logstore_standard&id=0&user=7937&date=1772409600
2026-03-03,7937,QB23P0607 NGUYỄN THANH TÂM,0.11,1,21,0.65,0,0.11,CLEAN,,,,https://glow.paclinks.org/report/log/index.php?chooselog=1&logreader=logstore_standard&id=0&user=7937&date=1772496000
2026-03-04,7937,QB23P0607 NGUYỄN THANH TÂM,1.05,1,33,0.55,0,1.05,CLEAN,,,,https://glow.paclinks.org/report/log/index.php?chooselog=1&logreader=logstore_standard&id=0&user=7937&date=1772582400
2026-03-05,7937,QB23P0607 NGUYỄN THANH TÂM,2.96,2,124,0.38,2,0.0,REVIEW REQUIRED,single_activity_loop,medium,"S1 [19:43-20:52, 1.15h]: single_activity_loop - 92% of events on ""Quiz: Unit 2 - Word Groups and Syllable Stress (1-10)""
S2 [21:08-22:57, 1.81h]: single_activity_loop - 100% of events on ""Quiz: Unit 2 - Word Groups and Syllable Stress (1-10)""",https://glow.paclinks.org/report/log/index.php?chooselog=1&logreader=logstore_standard&id=0&user=7937&date=1772668800
2026-03-09,7937,QB23P0607 NGUYỄN THANH TÂM,0.88,1,46,0.4,1,0.0,HAS ANOMALIES,single_activity_loop,medium,"S1 [20:53-21:46, 0.88h]: single_activity_loop - 98% of events on ""Quiz: Unit 2 - Word Groups and Syllable Stress (1-10)""",https://glow.paclinks.org/report/log/index.php?chooselog=1&logreader=logstore_standard&id=0&user=7937&date=1773014400
2026-03-10,7937,QB23P0607 NGUYỄN THANH TÂM,1.07,1,40,0.4,1,0.0,HAS ANOMALIES,single_activity_loop,medium,"S1 [21:28-22:33, 1.07h]: single_activity_loop - 98% of events on ""Quiz: Unit 2 - Word Groups and Syllable Stress (1-10)""",https://glow.paclinks.org/report/log/index.php?chooselog=1&logreader=logstore_standard&id=0&user=7937&date=1773100800
2026-03-11,7937,QB23P0607 NGUYỄN THANH TÂM,1.75,3,78,0.43,2,0.25,HAS ANOMALIES,single_activity_loop,medium,"S1 [19:39-20:23, 0.74h]: single_activity_loop - 97% of events on ""Quiz: Unit 2 - Word Groups and Syllable Stress (1-10)""
S2 [21:50-22:36, 0.76h]: single_activity_loop - 97% of events on ""Quiz: Unit 2 - Word Groups and Syllable Stress (1-10)""",https://glow.paclinks.org/report/log/index.php?chooselog=1&logreader=logstore_standard&id=0&user=7937&date=1773187200
2026-03-12,7937,QB23P0607 NGUYỄN THANH TÂM,0.29,1,19,0.55,0,0.29,CLEAN,,,,https://glow.paclinks.org/report/log/index.php?chooselog=1&logreader=logstore_standard&id=0&user=7937&date=1773273600
2026-03-15,7937,QB23P0607 NGUYỄN THANH TÂM,1.47,2,53,0.4,2,0.0,HAS ANOMALIES,single_activity_loop,medium,"S1 [19:53-20:33, 0.68h]: single_activity_loop - 96% of events on ""Quiz: UNIT 1 - Sounds/Minimal Pairs""
S2 [21:17-22:04, 0.79h]: single_activity_loop - 97% of events on ""Quiz: UNIT 1 - Sounds/Minimal Pairs""",https://glow.paclinks.org/report/log/index.php?chooselog=1&logreader=logstore_standard&id=0&user=7937&date=1773532800
2026-03-20,7937,QB23P0607 NGUYỄN THANH TÂM,2.09,2,76,0.48,1,1.61,HAS ANOMALIES,single_activity_loop,medium,"S1 [20:15-20:43, 0.48h]: single_activity_loop - 94% of events on ""Quiz: UNIT 1 - Sounds/Minimal Pairs""",https://glow.paclinks.org/report/log/index.php?chooselog=1&logreader=logstore_standard&id=0&user=7937&date=1773964800
2026-03-21,7937,QB23P0607 NGUYỄN THANH TÂM,3.15,3,165,0.42,2,0.65,HAS ANOMALIES,single_activity_loop,medium,"S2 [20:30-22:12, 1.70h]: single_activity_loop - 100% of events on ""Quiz: Unit 1 - Key vocabulary (1 - 10)""
S3 [22:26-23:14, 0.80h]: single_activity_loop - 100% of events on ""Quiz: Unit 1 - Key vocabulary (1 - 10)""",https://glow.paclinks.org/report/log/index.php?chooselog=1&logreader=logstore_standard&id=0&user=7937&date=1774051200
2026-03-22,7937,QB23P0607 NGUYỄN THANH TÂM,0.78,1,44,0.25,2,0.0,REVIEW REQUIRED,auto_refresh; single_activity_loop,medium; medium,"S1 [10:00-10:46, 0.78h]: auto_refresh - 91% of gaps within ±2.0s of mean 63.7s; single_activity_loop - 98% of events on ""Quiz: Unit 1 - Key vocabulary (1 - 10)""",https://glow.paclinks.org/report/log/index.php?chooselog=1&logreader=logstore_standard&id=0&user=7937&date=1774137600
2026-03-01,7941,QB23P0611 PHAN THỊ BẢO NGỌC,0.53,1,9,0.55,0,0.53,CLEAN,,,,https://glow.paclinks.org/report/log/index.php?chooselog=1&logreader=logstore_standard&id=0&user=7941&date=1772323200
2026-03-02,7941,QB23P0611 PHAN THỊ BẢO NGỌC,1.07,1,11,0.55,0,1.07,CLEAN,,,,https://glow.paclinks.org/report/log/index.php?chooselog=1&logreader=logstore_standard&id=0&user=7941&date=1772409600
2026-03-03,7941,QB23P0611 PHAN THỊ BẢO NGỌC,2.34,1,14,0.55,0,2.34,CLEAN,,,,https://glow.paclinks.org/report/log/index.php?chooselog=1&logreader=logstore_standard&id=0&user=7941&date=1772496000
2026-03-04,7941,QB23P0611 PHAN THỊ BẢO NGỌC,0.43,1,2,0.5,0,0.43,CLEAN,,,,https://glow.paclinks.org/report/log/index.php?chooselog=1&logreader=logstore_standard&id=0&user=7941&date=1772582400
2026-03-05,7941,QB23P0611 PHAN THỊ BẢO NGỌC,0.84,2,15,0.55,0,0.84,CLEAN,,,,https://glow.paclinks.org/report/log/index.php?chooselog=1&logreader=logstore_standard&id=0&user=7941&date=1772668800
2026-03-06,7941,QB23P0611 PHAN THỊ BẢO NGỌC,0.62,1,13,0.55,0,0.62,CLEAN,,,,https://glow.paclinks.org/report/log/index.php?chooselog=1&logreader=logstore_standard&id=0&user=7941&date=1772755200
2026-03-07,7941,QB23P0611 PHAN THỊ BẢO NGỌC,1.62,2,22,0.55,0,1.62,CLEAN,,,,https://glow.paclinks.org/report/log/index.php?chooselog=1&logreader=logstore_standard&id=0&user=7941&date=1772841600
2026-03-08,7941,QB23P0611 PHAN THỊ BẢO NGỌC,2.01,3,20,0.53,0,2.01,CLEAN,,,,https://glow.paclinks.org/report/log/index.php?chooselog=1&logreader=logstore_standard&id=0&user=7941&date=1772928000
2026-03-09,7941,QB23P0611 PHAN THỊ BẢO NGỌC,0.72,3,24,0.55,0,0.72,CLEAN,,,,https://glow.paclinks.org/report/log/index.php?chooselog=1&logreader=logstore_standard&id=0&user=7941&date=1773014400
2026-03-10,7941,QB23P0611 PHAN THỊ BẢO NGỌC,0.98,2,19,0.55,0,0.98,CLEAN,,,,https://glow.paclinks.org/report/log/index.php?chooselog=1&logreader=logstore_standard&id=0&user=7941&date=1773100800
2026-03-11,7941,QB23P0611 PHAN THỊ BẢO NGỌC,1.02,2,10,0.53,0,1.02,CLEAN,,,,https://glow.paclinks.org/report/log/index.php?chooselog=1&logreader=logstore_standard&id=0&user=7941&date=1773187200
2026-03-28,7941,QB23P0611 PHAN THỊ BẢO NGỌC,0.33,1,8,0.55,0,0.33,CLEAN,,,,https://glow.paclinks.org/report/log/index.php?chooselog=1&logreader=logstore_standard&id=0&user=7941&date=1774656000
2026-03-07,7945,QB23P0615 NGUYỄN THỊ MAI LÀNH,0.06,1,10,0.6,0,0.06,CLEAN,,,,https://glow.paclinks.org/report/log/index.php?chooselog=1&logreader=logstore_standard&id=0&user=7945&date=1772841600
2026-03-13,7945,QB23P0615 NGUYỄN THỊ MAI LÀNH,0.26,1,11,0.55,0,0.26,CLEAN,,,,https://glow.paclinks.org/report/log/index.php?chooselog=1&logreader=logstore_standard&id=0&user=7945&date=1773360000
2026-03-21,7945,QB23P0615 NGUYỄN THỊ MAI LÀNH,0.4,2,9,0.57,0,0.4,CLEAN,,,,https://glow.paclinks.org/report/log/index.php?chooselog=1&logreader=logstore_standard&id=0&user=7945&date=1774051200
2026-03-22,7945,QB23P0615 NGUYỄN THỊ MAI LÀNH,0.52,2,17,0.55,0,0.52,CLEAN,,,,https://glow.paclinks.org/report/log/index.php?chooselog=1&logreader=logstore_standard&id=0&user=7945&date=1774137600
2026-03-23,7945,QB23P0615 NGUYỄN THỊ MAI LÀNH,0.35,1,9,0.6,0,0.35,CLEAN,,,,https://glow.paclinks.org/report/log/index.php?chooselog=1&logreader=logstore_standard&id=0&user=7945&date=1774224000
2026-03-24,7945,QB23P0615 NGUYỄN THỊ MAI LÀNH,0.96,2,24,0.57,0,0.96,CLEAN,,,,https://glow.paclinks.org/report/log/index.php?chooselog=1&logreader=logstore_standard&id=0&user=7945&date=1774310400
2026-03-27,7945,QB23P0615 NGUYỄN THỊ MAI LÀNH,0.32,3,32,0.57,0,0.32,CLEAN,,,,https://glow.paclinks.org/report/log/index.php?chooselog=1&logreader=logstore_standard&id=0&user=7945&date=1774569600
2026-03-28,7945,QB23P0615 NGUYỄN THỊ MAI LÀNH,0.37,1,17,0.55,0,0.37,CLEAN,,,,https://glow.paclinks.org/report/log/index.php?chooselog=1&logreader=logstore_standard&id=0&user=7945&date=1774656000
2026-03-06,7946,QB23P0616 NGUYỄN NGỌC QUỲNH HƯƠNG,7.01,8,196,0.55,0,7.01,CLEAN,,,,https://glow.paclinks.org/report/log/index.php?chooselog=1&logreader=logstore_standard&id=0&user=7946&date=1772755200
2026-03-07,7946,QB23P0616 NGUYỄN NGỌC QUỲNH HƯƠNG,0.29,2,16,0.55,0,0.29,CLEAN,,,,https://glow.paclinks.org/report/log/index.php?chooselog=1&logreader=logstore_standard&id=0&user=7946&date=1772841600
2026-03-08,7946,QB23P0616 NGUYỄN NGỌC QUỲNH HƯƠNG,0.06,1,11,0.55,0,0.06,CLEAN,,,,https://glow.paclinks.org/report/log/index.php?chooselog=1&logreader=logstore_standard&id=0&user=7946&date=1772928000
2026-03-09,7946,QB23P0616 NGUYỄN NGỌC QUỲNH HƯƠNG,1.42,2,44,0.55,0,1.42,CLEAN,,,,https://glow.paclinks.org/report/log/index.php?chooselog=1&logreader=logstore_standard&id=0&user=7946&date=1773014400
2026-03-10,7946,QB23P0616 NGUYỄN NGỌC QUỲNH HƯƠNG,0.58,1,22,0.55,0,0.58,CLEAN,,,,https://glow.paclinks.org/report/log/index.php?chooselog=1&logreader=logstore_standard&id=0&user=7946&date=1773100800
2026-03-11,7946,QB23P0616 NGUYỄN NGỌC QUỲNH HƯƠNG,2.1,2,39,0.55,0,2.1,CLEAN,,,,https://glow.paclinks.org/report/log/index.php?chooselog=1&logreader=logstore_standard&id=0&user=7946&date=1773187200
2026-03-12,7946,QB23P0616 NGUYỄN NGỌC QUỲNH HƯƠNG,4.72,6,135,0.56,0,4.72,CLEAN,,,,https://glow.paclinks.org/report/log/index.php?chooselog=1&logreader=logstore_standard&id=0&user=7946&date=1773273600
2026-03-13,7946,QB23P0616 NGUYỄN NGỌC QUỲNH HƯƠNG,0.96,2,25,0.55,0,0.96,CLEAN,,,,https://glow.paclinks.org/report/log/index.php?chooselog=1&logreader=logstore_standard&id=0&user=7946&date=1773360000
2026-03-17,7946,QB23P0616 NGUYỄN NGỌC QUỲNH HƯƠNG,1.7,2,62,0.55,0,1.7,CLEAN,,,,https://glow.paclinks.org/report/log/index.php?chooselog=1&logreader=logstore_standard&id=0&user=7946&date=1773705600
2026-03-19,7946,QB23P0616 NGUYỄN NGỌC QUỲNH HƯƠNG,0.51,1,23,0.55,0,0.51,CLEAN,,,,https://glow.paclinks.org/report/log/index.php?chooselog=1&logreader=logstore_standard&id=0&user=7946&date=1773878400
2026-03-01,7948,QB23P0618 VÕ NHƯ BẢO NGỌC,0.45,1,3,0.5,0,0.45,CLEAN,,,,https://glow.paclinks.org/report/log/index.php?chooselog=1&logreader=logstore_standard&id=0&user=7948&date=1772323200
2026-03-16,7948,QB23P0618 VÕ NHƯ BẢO NGỌC,0.21,1,9,0.55,0,0.21,CLEAN,,,,https://glow.paclinks.org/report/log/index.php?chooselog=1&logreader=logstore_standard&id=0&user=7948&date=1773619200
2026-03-19,7948,QB23P0618 VÕ NHƯ BẢO NGỌC,0.9,2,26,0.55,0,0.9,CLEAN,,,,https://glow.paclinks.org/report/log/index.php?chooselog=1&logreader=logstore_standard&id=0&user=7948&date=1773878400
2026-03-20,7948,QB23P0618 VÕ NHƯ BẢO NGỌC,1.1,3,17,0.52,0,1.1,CLEAN,,,,https://glow.paclinks.org/report/log/index.php?chooselog=1&logreader=logstore_standard&id=0&user=7948&date=1773964800
2026-03-24,7948,QB23P0618 VÕ NHƯ BẢO NGỌC,0.27,1,11,0.55,0,0.27,CLEAN,,,,https://glow.paclinks.org/report/log/index.php?chooselog=1&logreader=logstore_standard&id=0&user=7948&date=1774310400
2026-03-25,7948,QB23P0618 VÕ NHƯ BẢO NGỌC,0.51,1,16,0.55,0,0.51,CLEAN,,,,https://glow.paclinks.org/report/log/index.php?chooselog=1&logreader=logstore_standard&id=0&user=7948&date=1774396800
2026-03-26,7948,QB23P0618 VÕ NHƯ BẢO NGỌC,0.72,3,24,0.53,0,0.72,CLEAN,,,,https://glow.paclinks.org/report/log/index.php?chooselog=1&logreader=logstore_standard&id=0&user=7948&date=1774483200
2026-03-27,7948,QB23P0618 VÕ NHƯ BẢO NGỌC,0.28,1,10,0.55,0,0.28,CLEAN,,,,https://glow.paclinks.org/report/log/index.php?chooselog=1&logreader=logstore_standard&id=0&user=7948&date=1774569600
2026-03-30,7948,QB23P0618 VÕ NHƯ BẢO NGỌC,0.27,2,24,0.55,0,0.27,CLEAN,,,,https://glow.paclinks.org/report/log/index.php?chooselog=1&logreader=logstore_standard&id=0&user=7948&date=1774828800
2026-03-31,7948,QB23P0618 VÕ NHƯ BẢO NGỌC,0.58,2,12,0.53,0,0.58,CLEAN,,,,https://glow.paclinks.org/report/log/index.php?chooselog=1&logreader=logstore_standard&id=0&user=7948&date=1774915200
2026-03-06,8383,QB23S0016 Truong My Hoa,0.08,1,6,0.55,0,0.08,CLEAN,,,,https://glow.paclinks.org/report/log/index.php?chooselog=1&logreader=logstore_standard&id=0&user=8383&date=1772755200
2026-03-18,8625,QB24P0622 NGUYỄN THỊ NHƯ QUỲNH,0.19,2,21,0.57,0,0.19,CLEAN,,,,https://glow.paclinks.org/report/log/index.php?chooselog=1&logreader=logstore_standard&id=0&user=8625&date=1773792000
2026-03-19,8625,QB24P0622 NGUYỄN THỊ NHƯ QUỲNH,0.55,2,27,0.6,0,0.55,CLEAN,,,,https://glow.paclinks.org/report/log/index.php?chooselog=1&logreader=logstore_standard&id=0&user=8625&date=1773878400
2026-03-20,8625,QB24P0622 NGUYỄN THỊ NHƯ QUỲNH,0.11,1,5,0.5,0,0.11,CLEAN,,,,https://glow.paclinks.org/report/log/index.php?chooselog=1&logreader=logstore_standard&id=0&user=8625&date=1773964800
2026-03-01,8631,QB24P0628 NGUYỄN THỊ THẢO VY,0.39,1,19,0.7,0,0.39,CLEAN,,,,https://glow.paclinks.org/report/log/index.php?chooselog=1&logreader=logstore_standard&id=0&user=8631&date=1772323200
2026-03-26,8631,QB24P0628 NGUYỄN THỊ THẢO VY,1.38,1,163,0.8,0,1.38,CLEAN,,,,https://glow.paclinks.org/report/log/index.php?chooselog=1&logreader=logstore_standard&id=0&user=8631&date=1774483200
2026-03-27,8631,QB24P0628 NGUYỄN THỊ THẢO VY,0.68,2,10,0.57,0,0.68,CLEAN,,,,https://glow.paclinks.org/report/log/index.php?chooselog=1&logreader=logstore_standard&id=0&user=8631&date=1774569600
2026-03-28,8631,QB24P0628 NGUYỄN THỊ THẢO VY,2.25,6,229,0.69,1,2.14,HAS ANOMALIES,single_activity_loop,medium,"S4 [17:40-17:47, 0.11h]: single_activity_loop - 100% of events on ""Quiz:  Unit 3 - Word Groups &amp; Syllable Stress (11 - 24)""",https://glow.paclinks.org/report/log/index.php?chooselog=1&logreader=logstore_standard&id=0&user=8631&date=1774656000
2026-03-29,8631,QB24P0628 NGUYỄN THỊ THẢO VY,2.43,6,88,0.57,1,1.67,HAS ANOMALIES,single_activity_loop,medium,"S6 [20:56-21:42, 0.76h]: single_activity_loop - 94% of events on ""Quiz: Unit 4 Key Vocabulary (1 - 10)""",https://glow.paclinks.org/report/log/index.php?chooselog=1&logreader=logstore_standard&id=0&user=8631&date=1774742400
2026-03-30,8631,QB24P0628 NGUYỄN THỊ THẢO VY,0.9,2,16,0.57,0,0.9,CLEAN,,,,https://glow.paclinks.org/report/log/index.php?chooselog=1&logreader=logstore_standard&id=0&user=8631&date=1774828800
2026-03-31,8631,QB24P0628 NGUYỄN THỊ THẢO VY,2.5,5,29,0.49,1,1.09,HAS ANOMALIES,single_activity_loop,medium,"S3 [21:13-22:38, 1.42h]: single_activity_loop - 100% of events on ""Quiz: Unit 5 Minimal Pairs (1 - 10)""",https://glow.paclinks.org/report/log/index.php?chooselog=1&logreader=logstore_standard&id=0&user=8631&date=1774915200
2026-03-24,9326,QB25G0637 LÊ THỊ YẾN NHI,0.74,2,50,0.7,0,0.74,CLEAN,,,,https://glow.paclinks.org/report/log/index.php?chooselog=1&logreader=logstore_standard&id=0&user=9326&date=1774310400
2026-03-29,9326,QB25G0637 LÊ THỊ YẾN NHI,0.12,1,5,0.55,0,0.12,CLEAN,,,,https://glow.paclinks.org/report/log/index.php?chooselog=1&logreader=logstore_standard&id=0&user=9326&date=1774742400
2026-03-01,9110,QB25P0633 Lê Phương Thảo,0.09,1,5,0.55,0,0.09,CLEAN,,,,https://glow.paclinks.org/report/log/index.php?chooselog=1&logreader=logstore_standard&id=0&user=9110&date=1772323200
2026-03-30,9111,QB25P0634 Đoàn Thị Bảo Ngọc,2.85,4,23,0.54,0,2.85,CLEAN,,,,https://glow.paclinks.org/report/log/index.php?chooselog=1&logreader=logstore_standard&id=0&user=9111&date=1774828800
2026-03-31,9111,QB25P0634 Đoàn Thị Bảo Ngọc,0.22,1,4,0.55,0,0.22,CLEAN,,,,https://glow.paclinks.org/report/log/index.php?chooselog=1&logreader=logstore_standard&id=0&user=9111&date=1774915200
2026-03-21,9113,QB25P0636 Hoàng Thị Thu Hà,0.86,1,39,0.65,0,0.86,CLEAN,,,,https://glow.paclinks.org/report/log/index.php?chooselog=1&logreader=logstore_standard&id=0&user=9113&date=1774051200
2026-03-22,9113,QB25P0636 Hoàng Thị Thu Hà,1.38,2,46,0.65,0,1.38,CLEAN,,,,https://glow.paclinks.org/report/log/index.php?chooselog=1&logreader=logstore_standard&id=0&user=9113&date=1774137600
2026-03-25,9113,QB25P0636 Hoàng Thị Thu Hà,1.32,3,77,0.67,0,1.32,CLEAN,,,,https://glow.paclinks.org/report/log/index.php?chooselog=1&logreader=logstore_standard&id=0&user=9113&date=1774396800
2026-03-27,9113,QB25P0636 Hoàng Thị Thu Hà,1.23,2,56,0.68,0,1.23,CLEAN,,,,https://glow.paclinks.org/report/log/index.php?chooselog=1&logreader=logstore_standard&id=0&user=9113&date=1774569600
2026-03-29,9113,QB25P0636 Hoàng Thị Thu Hà,0.07,1,4,0.5,0,0.07,CLEAN,,,,https://glow.paclinks.org/report/log/index.php?chooselog=1&logreader=logstore_standard&id=0&user=9113&date=1774742400
2026-03-30,9113,QB25P0636 Hoàng Thị Thu Hà,1.2,3,59,0.63,0,1.2,CLEAN,,,,https://glow.paclinks.org/report/log/index.php?chooselog=1&logreader=logstore_standard&id=0&user=9113&date=1774828800
2026-03-31,551,QG17P0122 BÙI THỊ MỸ NƯƠNG,0.34,1,3,0.5,0,0.34,CLEAN,,,,https://glow.paclinks.org/report/log/index.php?chooselog=1&logreader=logstore_standard&id=0&user=551&date=1774915200
2026-03-07,910,QG18P0355 LÊ THỊ TUYẾT MAI,0.61,1,22,0.55,0,0.61,CLEAN,,,,https://glow.paclinks.org/report/log/index.php?chooselog=1&logreader=logstore_standard&id=0&user=910&date=1772841600
2026-03-08,910,QG18P0355 LÊ THỊ TUYẾT MAI,0.17,1,8,0.55,0,0.17,CLEAN,,,,https://glow.paclinks.org/report/log/index.php?chooselog=1&logreader=logstore_standard&id=0&user=910&date=1772928000
2026-03-23,910,QG18P0355 LÊ THỊ TUYẾT MAI,1.04,1,35,0.55,0,1.04,CLEAN,,,,https://glow.paclinks.org/report/log/index.php?chooselog=1&logreader=logstore_standard&id=0&user=910&date=1774224000
2026-03-25,910,QG18P0355 LÊ THỊ TUYẾT MAI,0.94,1,31,0.55,0,0.94,CLEAN,,,,https://glow.paclinks.org/report/log/index.php?chooselog=1&logreader=logstore_standard&id=0&user=910&date=1774396800
2026-03-26,910,QG18P0355 LÊ THỊ TUYẾT MAI,1.66,2,61,0.55,0,1.66,CLEAN,,,,https://glow.paclinks.org/report/log/index.php?chooselog=1&logreader=logstore_standard&id=0&user=910&date=1774483200
2026-03-28,484,QG18P0362 NGUYỄN THỊ TRANG,0.28,1,9,0.5,0,0.28,CLEAN,,,,https://glow.paclinks.org/report/log/index.php?chooselog=1&logreader=logstore_standard&id=0&user=484&date=1774656000
2026-03-10,481,QG18P0402 NGUYỄN NHƯ THUẬT,0.6,2,11,0.55,0,0.6,CLEAN,,,,https://glow.paclinks.org/report/log/index.php?chooselog=1&logreader=logstore_standard&id=0&user=481&date=1773100800
2026-03-09,906,QG18P0423 VÕ DUY GIA HÂN,0.08,1,2,0.5,0,0.08,CLEAN,,,,https://glow.paclinks.org/report/log/index.php?chooselog=1&logreader=logstore_standard&id=0&user=906&date=1773014400
2026-03-06,1805,QG19P0440 Nguyễn Thị Bích Thuận,0.14,1,8,0.5,0,0.14,CLEAN,,,,https://glow.paclinks.org/report/log/index.php?chooselog=1&logreader=logstore_standard&id=0&user=1805&date=1772755200
2026-03-13,1805,QG19P0440 Nguyễn Thị Bích Thuận,0.24,1,5,0.5,0,0.24,CLEAN,,,,https://glow.paclinks.org/report/log/index.php?chooselog=1&logreader=logstore_standard&id=0&user=1805&date=1773360000
2026-03-27,1805,QG19P0440 Nguyễn Thị Bích Thuận,6.3,2,40,0.55,0,6.3,CLEAN,,,,https://glow.paclinks.org/report/log/index.php?chooselog=1&logreader=logstore_standard&id=0&user=1805&date=1774569600
2026-03-29,1805,QG19P0440 Nguyễn Thị Bích Thuận,0.42,1,2,0.5,0,0.42,CLEAN,,,,https://glow.paclinks.org/report/log/index.php?chooselog=1&logreader=logstore_standard&id=0&user=1805&date=1774742400
2026-03-31,1805,QG19P0440 Nguyễn Thị Bích Thuận,3.64,1,22,0.55,0,3.64,CLEAN,,,,https://glow.paclinks.org/report/log/index.php?chooselog=1&logreader=logstore_standard&id=0&user=1805&date=1774915200
2026-03-13,2667,QG19P0444 Nguyễn Đức Mạnh,0.54,2,10,0.57,0,0.54,CLEAN,,,,https://glow.paclinks.org/report/log/index.php?chooselog=1&logreader=logstore_standard&id=0&user=2667&date=1773360000
2026-03-14,2667,QG19P0444 Nguyễn Đức Mạnh,0.48,1,2,0.5,0,0.48,CLEAN,,,,https://glow.paclinks.org/report/log/index.php?chooselog=1&logreader=logstore_standard&id=0&user=2667&date=1773446400
2026-03-15,2667,QG19P0444 Nguyễn Đức Mạnh,1.21,3,15,0.55,0,1.21,CLEAN,,,,https://glow.paclinks.org/report/log/index.php?chooselog=1&logreader=logstore_standard&id=0&user=2667&date=1773532800
2026-03-16,2667,QG19P0444 Nguyễn Đức Mạnh,0.53,2,6,0.53,0,0.53,CLEAN,,,,https://glow.paclinks.org/report/log/index.php?chooselog=1&logreader=logstore_standard&id=0&user=2667&date=1773619200
2026-03-17,2667,QG19P0444 Nguyễn Đức Mạnh,3.42,8,39,0.53,0,3.42,CLEAN,,,,https://glow.paclinks.org/report/log/index.php?chooselog=1&logreader=logstore_standard&id=0&user=2667&date=1773705600
2026-03-18,2667,QG19P0444 Nguyễn Đức Mạnh,1.65,5,36,0.57,0,1.65,CLEAN,,,,https://glow.paclinks.org/report/log/index.php?chooselog=1&logreader=logstore_standard&id=0&user=2667&date=1773792000
2026-03-19,2667,QG19P0444 Nguyễn Đức Mạnh,1.65,4,20,0.56,0,1.65,CLEAN,,,,https://glow.paclinks.org/report/log/index.php?chooselog=1&logreader=logstore_standard&id=0&user=2667&date=1773878400
2026-03-20,2667,QG19P0444 Nguyễn Đức Mạnh,2.17,7,36,0.56,0,2.17,CLEAN,,,,https://glow.paclinks.org/report/log/index.php?chooselog=1&logreader=logstore_standard&id=0&user=2667&date=1773964800
2026-03-21,2667,QG19P0444 Nguyễn Đức Mạnh,1.1,3,14,0.53,0,1.1,CLEAN,,,,https://glow.paclinks.org/report/log/index.php?chooselog=1&logreader=logstore_standard&id=0&user=2667&date=1774051200
2026-03-22,2667,QG19P0444 Nguyễn Đức Mạnh,1.18,3,12,0.53,0,1.18,CLEAN,,,,https://glow.paclinks.org/report/log/index.php?chooselog=1&logreader=logstore_standard&id=0&user=2667&date=1774137600
2026-03-23,2667,QG19P0444 Nguyễn Đức Mạnh,0.07,1,6,0.6,0,0.07,CLEAN,,,,https://glow.paclinks.org/report/log/index.php?chooselog=1&logreader=logstore_standard&id=0&user=2667&date=1774224000
2026-03-24,2667,QG19P0444 Nguyễn Đức Mạnh,1.24,5,24,0.57,0,1.24,CLEAN,,,,https://glow.paclinks.org/report/log/index.php?chooselog=1&logreader=logstore_standard&id=0&user=2667&date=1774310400
2026-03-25,2667,QG19P0444 Nguyễn Đức Mạnh,1.02,3,14,0.58,0,1.02,CLEAN,,,,https://glow.paclinks.org/report/log/index.php?chooselog=1&logreader=logstore_standard&id=0&user=2667&date=1774396800
2026-03-26,2667,QG19P0444 Nguyễn Đức Mạnh,0.38,1,7,0.6,0,0.38,CLEAN,,,,https://glow.paclinks.org/report/log/index.php?chooselog=1&logreader=logstore_standard&id=0&user=2667&date=1774483200
2026-03-27,2667,QG19P0444 Nguyễn Đức Mạnh,0.11,1,7,0.6,0,0.11,CLEAN,,,,https://glow.paclinks.org/report/log/index.php?chooselog=1&logreader=logstore_standard&id=0&user=2667&date=1774569600
2026-03-28,2667,QG19P0444 Nguyễn Đức Mạnh,1.04,3,13,0.57,0,1.04,CLEAN,,,,https://glow.paclinks.org/report/log/index.php?chooselog=1&logreader=logstore_standard&id=0&user=2667&date=1774656000
2026-03-31,2667,QG19P0444 Nguyễn Đức Mạnh,0.51,3,21,0.57,0,0.51,CLEAN,,,,https://glow.paclinks.org/report/log/index.php?chooselog=1&logreader=logstore_standard&id=0&user=2667&date=1774915200
2026-03-04,3580,QG19P0445 Đặng Lê Thanh Huyền,0.2,1,7,0.55,0,0.2,CLEAN,,,,https://glow.paclinks.org/report/log/index.php?chooselog=1&logreader=logstore_standard&id=0&user=3580&date=1772582400
2026-03-06,3580,QG19P0445 Đặng Lê Thanh Huyền,0.17,1,9,0.55,0,0.17,CLEAN,,,,https://glow.paclinks.org/report/log/index.php?chooselog=1&logreader=logstore_standard&id=0&user=3580&date=1772755200
2026-03-07,3580,QG19P0445 Đặng Lê Thanh Huyền,0.2,1,6,0.55,0,0.2,CLEAN,,,,https://glow.paclinks.org/report/log/index.php?chooselog=1&logreader=logstore_standard&id=0&user=3580&date=1772841600
2026-03-14,3580,QG19P0445 Đặng Lê Thanh Huyền,0.07,1,7,0.55,0,0.07,CLEAN,,,,https://glow.paclinks.org/report/log/index.php?chooselog=1&logreader=logstore_standard&id=0&user=3580&date=1773446400
2026-03-17,3580,QG19P0445 Đặng Lê Thanh Huyền,0.21,1,7,0.55,0,0.21,CLEAN,,,,https://glow.paclinks.org/report/log/index.php?chooselog=1&logreader=logstore_standard&id=0&user=3580&date=1773705600
2026-03-01,3928,QG19P0451 NGÔ THỊ TÀI UYÊN,0.88,1,30,0.55,0,0.88,CLEAN,,,,https://glow.paclinks.org/report/log/index.php?chooselog=1&logreader=logstore_standard&id=0&user=3928&date=1772323200
2026-03-08,3928,QG19P0451 NGÔ THỊ TÀI UYÊN,0.87,1,30,0.55,0,0.87,CLEAN,,,,https://glow.paclinks.org/report/log/index.php?chooselog=1&logreader=logstore_standard&id=0&user=3928&date=1772928000
2026-03-11,3928,QG19P0451 NGÔ THỊ TÀI UYÊN,0.83,1,30,0.55,0,0.83,CLEAN,,,,https://glow.paclinks.org/report/log/index.php?chooselog=1&logreader=logstore_standard&id=0&user=3928&date=1773187200
2026-03-14,3928,QG19P0451 NGÔ THỊ TÀI UYÊN,1.31,1,42,0.35,1,0.0,REVIEW REQUIRED,single_activity_loop,medium,"S1 [07:43-09:02, 1.31h]: single_activity_loop - 95% of events on ""Course: Learn English though Songs""",https://glow.paclinks.org/report/log/index.php?chooselog=1&logreader=logstore_standard&id=0&user=3928&date=1773446400
2026-03-24,3928,QG19P0451 NGÔ THỊ TÀI UYÊN,0.66,1,23,0.55,0,0.66,CLEAN,,,,https://glow.paclinks.org/report/log/index.php?chooselog=1&logreader=logstore_standard&id=0&user=3928&date=1774310400
2026-03-30,3928,QG19P0451 NGÔ THỊ TÀI UYÊN,0.77,1,29,0.55,0,0.77,CLEAN,,,,https://glow.paclinks.org/report/log/index.php?chooselog=1&logreader=logstore_standard&id=0&user=3928&date=1774828800
2026-03-01,2676,QG19P0464 NGUYỄNTHỊ ÁNHNGỌC,0.31,1,6,0.55,0,0.31,CLEAN,,,,https://glow.paclinks.org/report/log/index.php?chooselog=1&logreader=logstore_standard&id=0&user=2676&date=1772323200
2026-03-04,2683,QG19P0473 NGUYỄN THỊ HUYỀN DIỆU,0.39,1,11,0.55,0,0.39,CLEAN,,,,https://glow.paclinks.org/report/log/index.php?chooselog=1&logreader=logstore_standard&id=0&user=2683&date=1772582400
2026-03-06,2683,QG19P0473 NGUYỄN THỊ HUYỀN DIỆU,0.54,2,27,0.65,0,0.54,CLEAN,,,,https://glow.paclinks.org/report/log/index.php?chooselog=1&logreader=logstore_standard&id=0&user=2683&date=1772755200
2026-03-11,2683,QG19P0473 NGUYỄN THỊ HUYỀN DIỆU,0.1,1,14,0.8,0,0.1,CLEAN,,,,https://glow.paclinks.org/report/log/index.php?chooselog=1&logreader=logstore_standard&id=0&user=2683&date=1773187200
2026-03-16,2683,QG19P0473 NGUYỄN THỊ HUYỀN DIỆU,0.07,1,8,0.65,0,0.07,CLEAN,,,,https://glow.paclinks.org/report/log/index.php?chooselog=1&logreader=logstore_standard&id=0&user=2683&date=1773619200
2026-03-24,2683,QG19P0473 NGUYỄN THỊ HUYỀN DIỆU,0.11,1,10,0.7,0,0.11,CLEAN,,,,https://glow.paclinks.org/report/log/index.php?chooselog=1&logreader=logstore_standard&id=0&user=2683&date=1774310400
2026-03-02,2684,QG19P0474 NGUYỄNLÊ KIỀUDIỄM,0.06,1,6,0.55,0,0.06,CLEAN,,,,https://glow.paclinks.org/report/log/index.php?chooselog=1&logreader=logstore_standard&id=0&user=2684&date=1772409600
2026-03-03,1906,QG19P0476 Nguyễn Đình Thơ,0.25,1,6,0.55,0,0.25,CLEAN,,,,https://glow.paclinks.org/report/log/index.php?chooselog=1&logreader=logstore_standard&id=0&user=1906&date=1772496000
2026-03-08,1906,QG19P0476 Nguyễn Đình Thơ,0.23,1,4,0.5,0,0.23,CLEAN,,,,https://glow.paclinks.org/report/log/index.php?chooselog=1&logreader=logstore_standard&id=0&user=1906&date=1772928000
2026-03-11,1906,QG19P0476 Nguyễn Đình Thơ,0.55,2,16,0.55,0,0.55,CLEAN,,,,https://glow.paclinks.org/report/log/index.php?chooselog=1&logreader=logstore_standard&id=0&user=1906&date=1773187200
2026-03-12,1906,QG19P0476 Nguyễn Đình Thơ,0.11,1,5,0.55,0,0.11,CLEAN,,,,https://glow.paclinks.org/report/log/index.php?chooselog=1&logreader=logstore_standard&id=0&user=1906&date=1773273600
2026-03-18,1906,QG19P0476 Nguyễn Đình Thơ,0.34,1,9,0.55,0,0.34,CLEAN,,,,https://glow.paclinks.org/report/log/index.php?chooselog=1&logreader=logstore_standard&id=0&user=1906&date=1773792000
2026-03-03,2702,QG19P0497 BÙI NỮ NHẤT,0.23,1,9,0.65,0,0.23,CLEAN,,,,https://glow.paclinks.org/report/log/index.php?chooselog=1&logreader=logstore_standard&id=0&user=2702&date=1772496000
2026-03-04,2702,QG19P0497 BÙI NỮ NHẤT,0.15,2,90,0.68,2,0.0,HAS ANOMALIES,excessive_events,medium,"S1 [12:15-12:20, 0.08h]: excessive_events - 703 events/hr (max=300)
S2 [15:22-15:26, 0.07h]: excessive_events - 471 events/hr (max=300)",https://glow.paclinks.org/report/log/index.php?chooselog=1&logreader=logstore_standard&id=0&user=2702&date=1772582400
2026-03-05,2702,QG19P0497 BÙI NỮ NHẤT,0.08,1,57,0.65,1,0.0,HAS ANOMALIES,excessive_events,medium,"S1 [09:51-09:56, 0.08h]: excessive_events - 728 events/hr (max=300)",https://glow.paclinks.org/report/log/index.php?chooselog=1&logreader=logstore_standard&id=0&user=2702&date=1772668800
2026-03-12,2702,QG19P0497 BÙI NỮ NHẤT,0.34,1,9,0.65,0,0.34,CLEAN,,,,https://glow.paclinks.org/report/log/index.php?chooselog=1&logreader=logstore_standard&id=0&user=2702&date=1773273600
2026-03-20,2702,QG19P0497 BÙI NỮ NHẤT,0.27,4,38,0.57,1,0.16,HAS ANOMALIES,single_activity_loop,medium,"S2 [01:51-01:58, 0.12h]: single_activity_loop - 95% of events on ""Quiz: Speaking""",https://glow.paclinks.org/report/log/index.php?chooselog=1&logreader=logstore_standard&id=0&user=2702&date=1773964800
2026-03-21,2702,QG19P0497 BÙI NỮ NHẤT,0.65,3,33,0.55,1,0.27,HAS ANOMALIES,single_activity_loop,medium,"S2 [00:53-01:16, 0.38h]: single_activity_loop - 96% of events on ""Quiz: Speaking""",https://glow.paclinks.org/report/log/index.php?chooselog=1&logreader=logstore_standard&id=0&user=2702&date=1774051200
2026-03-25,2702,QG19P0497 BÙI NỮ NHẤT,0.59,1,20,0.8,0,0.59,CLEAN,,,,https://glow.paclinks.org/report/log/index.php?chooselog=1&logreader=logstore_standard&id=0&user=2702&date=1774396800
2026-03-28,2702,QG19P0497 BÙI NỮ NHẤT,0.28,1,9,0.65,0,0.28,CLEAN,,,,https://glow.paclinks.org/report/log/index.php?chooselog=1&logreader=logstore_standard&id=0&user=2702&date=1774656000
2026-03-30,2702,QG19P0497 BÙI NỮ NHẤT,0.2,2,41,0.65,0,0.2,CLEAN,,,,https://glow.paclinks.org/report/log/index.php?chooselog=1&logreader=logstore_standard&id=0&user=2702&date=1774828800
2026-03-01,3666,QG19P0514 Bùi Thị Lợi Khá,0.07,1,13,0.5,0,0.07,CLEAN,,,,https://glow.paclinks.org/report/log/index.php?chooselog=1&logreader=logstore_standard&id=0&user=3666&date=1772323200
2026-03-04,3666,QG19P0514 Bùi Thị Lợi Khá,0.2,1,12,0.55,0,0.2,CLEAN,,,,https://glow.paclinks.org/report/log/index.php?chooselog=1&logreader=logstore_standard&id=0&user=3666&date=1772582400
2026-03-19,3666,QG19P0514 Bùi Thị Lợi Khá,0.4,2,14,0.55,0,0.4,CLEAN,,,,https://glow.paclinks.org/report/log/index.php?chooselog=1&logreader=logstore_standard&id=0&user=3666&date=1773878400
2026-03-22,3666,QG19P0514 Bùi Thị Lợi Khá,0.11,1,6,0.55,0,0.11,CLEAN,,,,https://glow.paclinks.org/report/log/index.php?chooselog=1&logreader=logstore_standard&id=0&user=3666&date=1774137600
2026-03-25,3666,QG19P0514 Bùi Thị Lợi Khá,0.15,1,34,0.6,0,0.15,CLEAN,,,,https://glow.paclinks.org/report/log/index.php?chooselog=1&logreader=logstore_standard&id=0&user=3666&date=1774396800
2026-03-31,3666,QG19P0514 Bùi Thị Lợi Khá,0.1,1,28,0.5,0,0.1,CLEAN,,,,https://glow.paclinks.org/report/log/index.php?chooselog=1&logreader=logstore_standard&id=0&user=3666&date=1774915200
2026-03-24,3579,QG19P0517 Lê Tấn Sinh,0.08,1,6,0.55,0,0.08,CLEAN,,,,https://glow.paclinks.org/report/log/index.php?chooselog=1&logreader=logstore_standard&id=0&user=3579&date=1774310400
2026-03-06,5368,QG20P0542 TRƯƠNG THỊ NHƯ Ý,0.26,1,6,0.55,0,0.26,CLEAN,,,,https://glow.paclinks.org/report/log/index.php?chooselog=1&logreader=logstore_standard&id=0&user=5368&date=1772755200
2026-03-24,5368,QG20P0542 TRƯƠNG THỊ NHƯ Ý,0.05,1,7,0.55,0,0.05,CLEAN,,,,https://glow.paclinks.org/report/log/index.php?chooselog=1&logreader=logstore_standard&id=0&user=5368&date=1774310400
2026-03-24,6420,QG21P0573 HUỲNH NGUYỄN THÙY LY,2.51,1,661,0.25,2,0.0,REVIEW REQUIRED,auto_refresh; single_activity_loop,medium; medium,"S1 [21:04-23:35, 2.51h]: auto_refresh - 98% of gaps within ±2.0s of mean 13.7s; single_activity_loop - 99% of events on ""Quiz: UNIT 1 - Sounds/Minimal Pairs""",https://glow.paclinks.org/report/log/index.php?chooselog=1&logreader=logstore_standard&id=0&user=6420&date=1774310400
2026-03-31,6420,QG21P0573 HUỲNH NGUYỄN THÙY LY,7.11,4,1922,0.24,9,0.0,REVIEW REQUIRED,multi_ip; single_activity_loop; auto_refresh,low; medium; high,"S1 [09:23-10:02, 0.64h]: multi_ip - 4 IPs: 14.161.12.47, 115.78.225.225, 125.234.97.14, 42.118.187.49; single_activity_loop - 96% of events on ""Quiz: Unit 1 - Key Vocabulary (11-20)""
S2 [13:19-16:33, 3.23h]: auto_refresh - 98% of gaps within ±2.0s of mean 13.5s; multi_ip - 4 IPs: 14.161.12.47, 115.78.225.225, 125.234.97.14, 42.118.187.49; single_activity_loop - 99% of events on ""Quiz: Unit 1 - Key Vocabulary (1-10)""
S3 [18:57-19:00, 0.05h]: auto_refresh - 86% of gaps within ±2.0s of mean 11.9s; single_activity_loop - 93% of events on ""Quiz: Unit 1 - Key Vocabulary (1-10)""
S4 [19:15-22:26, 3.18h]: auto_refresh - Gaps extremely regular: mean=12.9s, std=0.60s across 887 gaps; single_activity_loop - 100% of events on ""Quiz: Unit 1 - Key Vocabulary (1-10)""",https://glow.paclinks.org/report/log/index.php?chooselog=1&logreader=logstore_standard&id=0&user=6420&date=1774915200
2026-03-01,6715,QG21P0578 NGUYỄN HOÀNG THANH THẢO,0.06,1,11,0.5,0,0.06,CLEAN,,,,https://glow.paclinks.org/report/log/index.php?chooselog=1&logreader=logstore_standard&id=0&user=6715&date=1772323200
2026-03-08,6718,QG21P0587 VÕ THỊ SAN SAN,0.33,1,7,0.55,0,0.33,CLEAN,,,,https://glow.paclinks.org/report/log/index.php?chooselog=1&logreader=logstore_standard&id=0&user=6718&date=1772928000
2026-03-19,7284,QG22P0591 PHAN MINH HIỀN,0.22,1,13,0.55,0,0.22,CLEAN,,,,https://glow.paclinks.org/report/log/index.php?chooselog=1&logreader=logstore_standard&id=0&user=7284&date=1773878400
2026-03-22,7284,QG22P0591 PHAN MINH HIỀN,0.15,1,5,0.55,0,0.15,CLEAN,,,,https://glow.paclinks.org/report/log/index.php?chooselog=1&logreader=logstore_standard&id=0&user=7284&date=1774137600
2026-03-29,7284,QG22P0591 PHAN MINH HIỀN,0.24,1,5,0.55,0,0.24,CLEAN,,,,https://glow.paclinks.org/report/log/index.php?chooselog=1&logreader=logstore_standard&id=0&user=7284&date=1774742400
2026-03-01,7286,QG22P0593 TRƯƠNG MỸ ÂN,0.37,1,5,0.6,0,0.37,CLEAN,,,,https://glow.paclinks.org/report/log/index.php?chooselog=1&logreader=logstore_standard&id=0&user=7286&date=1772323200
2026-03-02,7286,QG22P0593 TRƯƠNG MỸ ÂN,0.16,2,31,0.5,1,0.06,HAS ANOMALIES,single_activity_loop,medium,"S2 [23:46-23:52, 0.11h]: single_activity_loop - 92% of events on ""Quiz: Unit 5 Minimal Pairs (1 - 10)""",https://glow.paclinks.org/report/log/index.php?chooselog=1&logreader=logstore_standard&id=0&user=7286&date=1772409600
2026-03-03,7286,QG22P0593 TRƯƠNG MỸ ÂN,0.47,1,67,0.8,0,0.47,CLEAN,,,,https://glow.paclinks.org/report/log/index.php?chooselog=1&logreader=logstore_standard&id=0&user=7286&date=1772496000
2026-03-04,7286,QG22P0593 TRƯƠNG MỸ ÂN,1.23,5,35,0.48,1,0.43,HAS ANOMALIES,single_activity_loop,medium,"S1 [20:04-20:52, 0.80h]: single_activity_loop - 93% of events on ""Quiz: Unit 5 Key Vocabulary (11 - 24)""",https://glow.paclinks.org/report/log/index.php?chooselog=1&logreader=logstore_standard&id=0&user=7286&date=1772582400
2026-03-09,7286,QG22P0593 TRƯƠNG MỸ ÂN,0.22,1,6,0.55,0,0.22,CLEAN,,,,https://glow.paclinks.org/report/log/index.php?chooselog=1&logreader=logstore_standard&id=0&user=7286&date=1773014400
2026-03-13,7286,QG22P0593 TRƯƠNG MỸ ÂN,0.21,1,7,0.65,0,0.21,CLEAN,,,,https://glow.paclinks.org/report/log/index.php?chooselog=1&logreader=logstore_standard&id=0&user=7286&date=1773360000
2026-03-16,7286,QG22P0593 TRƯƠNG MỸ ÂN,0.54,2,14,0.53,0,0.54,CLEAN,,,,https://glow.paclinks.org/report/log/index.php?chooselog=1&logreader=logstore_standard&id=0&user=7286&date=1773619200
2026-03-17,7286,QG22P0593 TRƯƠNG MỸ ÂN,0.23,1,8,0.55,0,0.23,CLEAN,,,,https://glow.paclinks.org/report/log/index.php?chooselog=1&logreader=logstore_standard&id=0&user=7286&date=1773705600
2026-03-18,7286,QG22P0593 TRƯƠNG MỸ ÂN,0.27,1,9,0.55,0,0.27,CLEAN,,,,https://glow.paclinks.org/report/log/index.php?chooselog=1&logreader=logstore_standard&id=0&user=7286&date=1773792000
2026-03-02,7290,QG22P0597 NGUYỄN HUY HOÀNG,5.37,1,845,0.4,1,0.0,HAS ANOMALIES,single_activity_loop,medium,"S1 [00:29-05:52, 5.37h]: single_activity_loop - 99% of events on ""Quiz: Speaking""",https://glow.paclinks.org/report/log/index.php?chooselog=1&logreader=logstore_standard&id=0&user=7290&date=1772409600
2026-03-03,7290,QG22P0597 NGUYỄN HUY HOÀNG,4.7,2,740,0.48,1,0.17,HAS ANOMALIES,single_activity_loop,medium,"S2 [01:29-06:01, 4.53h]: single_activity_loop - 100% of events on ""Quiz: Speaking""",https://glow.paclinks.org/report/log/index.php?chooselog=1&logreader=logstore_standard&id=0&user=7290&date=1772496000
2026-03-20,7290,QG22P0597 NGUYỄN HUY HOÀNG,1.47,2,231,0.4,2,0.0,HAS ANOMALIES,single_activity_loop,medium,"S1 [01:06-02:11, 1.09h]: single_activity_loop - 99% of events on ""Quiz: Speaking""
S2 [05:51-06:14, 0.38h]: single_activity_loop - 98% of events on ""Quiz: Speaking""",https://glow.paclinks.org/report/log/index.php?chooselog=1&logreader=logstore_standard&id=0&user=7290&date=1773964800
2026-03-21,7290,QG22P0597 NGUYỄN HUY HOÀNG,0.07,1,19,0.65,0,0.07,CLEAN,,,,https://glow.paclinks.org/report/log/index.php?chooselog=1&logreader=logstore_standard&id=0&user=7290&date=1774051200
2026-03-22,7290,QG22P0597 NGUYỄN HUY HOÀNG,0.57,2,86,0.38,2,0.0,REVIEW REQUIRED,single_activity_loop,medium,"S1 [00:00-00:12, 0.21h]: single_activity_loop - 100% of events on ""Quiz: Speaking""
S2 [08:59-09:20, 0.36h]: single_activity_loop - 98% of events on ""Quiz: Speaking""",https://glow.paclinks.org/report/log/index.php?chooselog=1&logreader=logstore_standard&id=0&user=7290&date=1774137600
2026-03-23,7290,QG22P0597 NGUYỄN HUY HOÀNG,2.95,1,466,0.4,1,0.0,HAS ANOMALIES,single_activity_loop,medium,"S1 [21:02-23:59, 2.95h]: single_activity_loop - 99% of events on ""Quiz: Speaking""",https://glow.paclinks.org/report/log/index.php?chooselog=1&logreader=logstore_standard&id=0&user=7290&date=1774224000
2026-03-24,7290,QG22P0597 NGUYỄN HUY HOÀNG,6.86,1,1074,0.1,2,0.0,REVIEW REQUIRED,session_too_long; single_activity_loop,high; medium,"S1 [00:00-06:51, 6.86h]: session_too_long - Session duration 6.9h exceeds 6h limit; single_activity_loop - 100% of events on ""Quiz: Speaking""",https://glow.paclinks.org/report/log/index.php?chooselog=1&logreader=logstore_standard&id=0&user=7290&date=1774310400
2026-03-26,7290,QG22P0597 NGUYỄN HUY HOÀNG,5.45,1,853,0.4,1,0.0,HAS ANOMALIES,single_activity_loop,medium,"S1 [00:47-06:14, 5.45h]: single_activity_loop - 99% of events on ""Quiz: Speaking""",https://glow.paclinks.org/report/log/index.php?chooselog=1&logreader=logstore_standard&id=0&user=7290&date=1774483200
2026-03-30,7290,QG22P0597 NGUYỄN HUY HOÀNG,4.85,1,767,0.4,1,0.0,HAS ANOMALIES,single_activity_loop,medium,"S1 [00:57-05:47, 4.85h]: single_activity_loop - 99% of events on ""Quiz: Speaking""",https://glow.paclinks.org/report/log/index.php?chooselog=1&logreader=logstore_standard&id=0&user=7290&date=1774828800
2026-03-31,7290,QG22P0597 NGUYỄN HUY HOÀNG,3.88,1,608,0.4,1,0.0,HAS ANOMALIES,single_activity_loop,medium,"S1 [01:35-05:27, 3.88h]: single_activity_loop - 99% of events on ""Quiz: Speaking""",https://glow.paclinks.org/report/log/index.php?chooselog=1&logreader=logstore_standard&id=0&user=7290&date=1774915200
2026-03-08,7295,QG22P0602 HỒ THỊ KIỀU,0.12,1,5,0.55,0,0.12,CLEAN,,,,https://glow.paclinks.org/report/log/index.php?chooselog=1&logreader=logstore_standard&id=0&user=7295&date=1772928000
2026-03-11,7295,QG22P0602 HỒ THỊ KIỀU,0.2,1,7,0.55,0,0.2,CLEAN,,,,https://glow.paclinks.org/report/log/index.php?chooselog=1&logreader=logstore_standard&id=0&user=7295&date=1773187200
2026-03-19,7295,QG22P0602 HỒ THỊ KIỀU,0.3,2,11,0.55,0,0.3,CLEAN,,,,https://glow.paclinks.org/report/log/index.php?chooselog=1&logreader=logstore_standard&id=0&user=7295&date=1773878400
2026-03-22,7295,QG22P0602 HỒ THỊ KIỀU,0.32,1,14,0.55,0,0.32,CLEAN,,,,https://glow.paclinks.org/report/log/index.php?chooselog=1&logreader=logstore_standard&id=0&user=7295&date=1774137600
2026-03-01,7299,QG22P0606 NGUYỄN HỮU TÌNH,0.22,2,15,0.57,0,0.22,CLEAN,,,,https://glow.paclinks.org/report/log/index.php?chooselog=1&logreader=logstore_standard&id=0&user=7299&date=1772323200
2026-03-05,7299,QG22P0606 NGUYỄN HỮU TÌNH,0.34,2,14,0.57,0,0.34,CLEAN,,,,https://glow.paclinks.org/report/log/index.php?chooselog=1&logreader=logstore_standard&id=0&user=7299&date=1772668800
2026-03-06,7299,QG22P0606 NGUYỄN HỮU TÌNH,0.63,1,36,0.65,0,0.63,CLEAN,,,,https://glow.paclinks.org/report/log/index.php?chooselog=1&logreader=logstore_standard&id=0&user=7299&date=1772755200
2026-03-07,7299,QG22P0606 NGUYỄN HỮU TÌNH,0.18,1,12,0.55,0,0.18,CLEAN,,,,https://glow.paclinks.org/report/log/index.php?chooselog=1&logreader=logstore_standard&id=0&user=7299&date=1772841600
2026-03-08,7299,QG22P0606 NGUYỄN HỮU TÌNH,1.51,6,125,0.63,2,1.29,HAS ANOMALIES,excessive_events; single_activity_loop,medium; medium,"S1 [08:10-08:15, 0.08h]: excessive_events - 418 events/hr (max=300)
S3 [18:03-18:11, 0.14h]: single_activity_loop - 96% of events on ""Quiz: UNIT 3 - Sentences and Intonation""",https://glow.paclinks.org/report/log/index.php?chooselog=1&logreader=logstore_standard&id=0&user=7299&date=1772928000
2026-03-09,7299,QG22P0606 NGUYỄN HỮU TÌNH,1.41,3,42,0.7,0,1.41,CLEAN,,,,https://glow.paclinks.org/report/log/index.php?chooselog=1&logreader=logstore_standard&id=0&user=7299&date=1773014400
2026-03-10,7299,QG22P0606 NGUYỄN HỮU TÌNH,0.68,2,48,0.57,1,0.36,HAS ANOMALIES,single_activity_loop,medium,"S1 [14:54-15:13, 0.31h]: single_activity_loop - 95% of events on ""Quiz: Speech""",https://glow.paclinks.org/report/log/index.php?chooselog=1&logreader=logstore_standard&id=0&user=7299&date=1773100800
2026-03-12,7299,QG22P0606 NGUYỄN HỮU TÌNH,0.88,5,90,0.6,2,0.74,HAS ANOMALIES,single_activity_loop; excessive_events,medium; medium,"S3 [18:19-18:24, 0.08h]: single_activity_loop - 95% of events on ""Quiz: UNIT 1 - Sentences and Intonation""
S5 [22:18-22:22, 0.06h]: excessive_events - 374 events/hr (max=300)",https://glow.paclinks.org/report/log/index.php?chooselog=1&logreader=logstore_standard&id=0&user=7299&date=1773273600
2026-03-13,7299,QG22P0606 NGUYỄN HỮU TÌNH,0.57,1,17,0.65,0,0.57,CLEAN,,,,https://glow.paclinks.org/report/log/index.php?chooselog=1&logreader=logstore_standard&id=0&user=7299&date=1773360000
2026-03-17,7299,QG22P0606 NGUYỄN HỮU TÌNH,0.16,1,27,0.8,0,0.16,CLEAN,,,,https://glow.paclinks.org/report/log/index.php?chooselog=1&logreader=logstore_standard&id=0&user=7299&date=1773705600
2026-03-18,7299,QG22P0606 NGUYỄN HỮU TÌNH,1.4,3,63,0.65,1,1.06,HAS ANOMALIES,single_activity_loop,medium,"S2 [09:21-09:41, 0.34h]: single_activity_loop - 94% of events on ""Quiz: Speech""",https://glow.paclinks.org/report/log/index.php?chooselog=1&logreader=logstore_standard&id=0&user=7299&date=1773792000
2026-03-24,7299,QG22P0606 NGUYỄN HỮU TÌNH,0.21,2,10,0.53,0,0.21,CLEAN,,,,https://glow.paclinks.org/report/log/index.php?chooselog=1&logreader=logstore_standard&id=0&user=7299&date=1774310400
2026-03-25,7299,QG22P0606 NGUYỄN HỮU TÌNH,0.68,2,20,0.65,0,0.68,CLEAN,,,,https://glow.paclinks.org/report/log/index.php?chooselog=1&logreader=logstore_standard&id=0&user=7299&date=1774396800
2026-03-29,7299,QG22P0606 NGUYỄN HỮU TÌNH,0.37,2,25,0.5,1,0.19,HAS ANOMALIES,single_activity_loop,medium,"S2 [20:46-20:57, 0.18h]: single_activity_loop - 100% of events on ""Quiz: UNIT 2 -Key vocabulary""",https://glow.paclinks.org/report/log/index.php?chooselog=1&logreader=logstore_standard&id=0&user=7299&date=1774742400
2026-03-30,7299,QG22P0606 NGUYỄN HỮU TÌNH,0.51,1,12,0.65,0,0.51,CLEAN,,,,https://glow.paclinks.org/report/log/index.php?chooselog=1&logreader=logstore_standard&id=0&user=7299&date=1774828800
2026-03-31,7299,QG22P0606 NGUYỄN HỮU TÌNH,0.96,2,61,0.45,2,0.91,HAS ANOMALIES,excessive_events; single_activity_loop,medium; medium,"S2 [21:59-22:02, 0.06h]: excessive_events - 775 events/hr (max=300); single_activity_loop - 98% of events on ""Quiz: UNIT 3 - Key Vocabulary""",https://glow.paclinks.org/report/log/index.php?chooselog=1&logreader=logstore_standard&id=0&user=7299&date=1774915200
2026-03-05,7460,QG22P0608 NGUYỄN QUỐC NHẬT,1.16,2,13,0.53,0,1.16,CLEAN,,,,https://glow.paclinks.org/report/log/index.php?chooselog=1&logreader=logstore_standard&id=0&user=7460&date=1772668800
2026-03-31,7460,QG22P0608 NGUYỄN QUỐC NHẬT,1.08,2,12,0.53,0,1.08,CLEAN,,,,https://glow.paclinks.org/report/log/index.php?chooselog=1&logreader=logstore_standard&id=0&user=7460&date=1774915200
2026-03-22,7655,QG22P0611 Đinh Long Nhật,0.28,1,82,0.4,1,0.0,HAS ANOMALIES,single_activity_loop,medium,"S1 [19:51-20:08, 0.28h]: single_activity_loop - 94% of events on ""Page: Sáu thì các bạn nên ưu tiên""",https://glow.paclinks.org/report/log/index.php?chooselog=1&logreader=logstore_standard&id=0&user=7655&date=1774137600
2026-03-25,7655,QG22P0611 Đinh Long Nhật,0.27,1,100,0.1,3,0.0,REVIEW REQUIRED,auto_refresh; excessive_events; single_activity_loop,medium; medium; medium,"S1 [23:05-23:21, 0.27h]: auto_refresh - 93% of gaps within ±2.0s of mean 9.8s; excessive_events - 367 events/hr (max=300); single_activity_loop - 95% of events on ""Interactive Content: Pronunciation Lesson 1: Vowel Sound / i""",https://glow.paclinks.org/report/log/index.php?chooselog=1&logreader=logstore_standard&id=0&user=7655&date=1774396800
2026-03-28,7655,QG22P0611 Đinh Long Nhật,1.15,1,357,0.1,3,0.0,REVIEW REQUIRED,auto_refresh; excessive_events; single_activity_loop,medium; medium; medium,"S1 [20:29-21:38, 1.15h]: auto_refresh - 92% of gaps within ±2.0s of mean 11.6s; excessive_events - 310 events/hr (max=300); single_activity_loop - 99% of events on ""Interactive Content: Pronunciation Lesson 1: Vowel Sound / i""",https://glow.paclinks.org/report/log/index.php?chooselog=1&logreader=logstore_standard&id=0&user=7655&date=1774656000
2026-03-06,7625,QG22P0616 Lê Như Huyền,3.54,4,46,0.56,0,3.54,CLEAN,,,,https://glow.paclinks.org/report/log/index.php?chooselog=1&logreader=logstore_standard&id=0&user=7625&date=1772755200
2026-03-07,7625,QG22P0616 Lê Như Huyền,0.72,1,14,0.6,0,0.72,CLEAN,,,,https://glow.paclinks.org/report/log/index.php?chooselog=1&logreader=logstore_standard&id=0&user=7625&date=1772841600
2026-03-08,7625,QG22P0616 Lê Như Huyền,0.13,1,8,0.55,0,0.13,CLEAN,,,,https://glow.paclinks.org/report/log/index.php?chooselog=1&logreader=logstore_standard&id=0&user=7625&date=1772928000
2026-03-09,7625,QG22P0616 Lê Như Huyền,3.46,2,50,0.55,0,3.46,CLEAN,,,,https://glow.paclinks.org/report/log/index.php?chooselog=1&logreader=logstore_standard&id=0&user=7625&date=1773014400
2026-03-11,7625,QG22P0616 Lê Như Huyền,1.84,2,31,0.55,0,1.84,CLEAN,,,,https://glow.paclinks.org/report/log/index.php?chooselog=1&logreader=logstore_standard&id=0&user=7625&date=1773187200
2026-03-12,7625,QG22P0616 Lê Như Huyền,1.51,2,29,0.57,0,1.51,CLEAN,,,,https://glow.paclinks.org/report/log/index.php?chooselog=1&logreader=logstore_standard&id=0&user=7625&date=1773273600
2026-03-16,7625,QG22P0616 Lê Như Huyền,1.45,2,24,0.55,0,1.45,CLEAN,,,,https://glow.paclinks.org/report/log/index.php?chooselog=1&logreader=logstore_standard&id=0&user=7625&date=1773619200
2026-03-20,7625,QG22P0616 Lê Như Huyền,1.93,1,27,0.55,0,1.93,CLEAN,,,,https://glow.paclinks.org/report/log/index.php?chooselog=1&logreader=logstore_standard&id=0&user=7625&date=1773964800
2026-03-01,7627,QG22P0618 Đinh Thị Minh Ngọc,1.56,3,22,0.55,0,1.56,CLEAN,,,,https://glow.paclinks.org/report/log/index.php?chooselog=1&logreader=logstore_standard&id=0&user=7627&date=1772323200
2026-03-05,7627,QG22P0618 Đinh Thị Minh Ngọc,0.95,1,13,0.55,0,0.95,CLEAN,,,,https://glow.paclinks.org/report/log/index.php?chooselog=1&logreader=logstore_standard&id=0&user=7627&date=1772668800
2026-03-08,7627,QG22P0618 Đinh Thị Minh Ngọc,1.17,4,29,0.55,0,1.17,CLEAN,,,,https://glow.paclinks.org/report/log/index.php?chooselog=1&logreader=logstore_standard&id=0&user=7627&date=1772928000
2026-03-11,7627,QG22P0618 Đinh Thị Minh Ngọc,1.05,1,11,0.55,0,1.05,CLEAN,,,,https://glow.paclinks.org/report/log/index.php?chooselog=1&logreader=logstore_standard&id=0&user=7627&date=1773187200
2026-03-19,7627,QG22P0618 Đinh Thị Minh Ngọc,0.32,1,7,0.55,0,0.32,CLEAN,,,,https://glow.paclinks.org/report/log/index.php?chooselog=1&logreader=logstore_standard&id=0&user=7627&date=1773878400
2026-03-20,7627,QG22P0618 Đinh Thị Minh Ngọc,0.31,1,3,0.55,0,0.31,CLEAN,,,,https://glow.paclinks.org/report/log/index.php?chooselog=1&logreader=logstore_standard&id=0&user=7627&date=1773964800
2026-03-25,7627,QG22P0618 Đinh Thị Minh Ngọc,1.03,2,17,0.57,0,1.03,CLEAN,,,,https://glow.paclinks.org/report/log/index.php?chooselog=1&logreader=logstore_standard&id=0&user=7627&date=1774396800
2026-03-26,7627,QG22P0618 Đinh Thị Minh Ngọc,1.3,1,14,0.6,0,1.3,CLEAN,,,,https://glow.paclinks.org/report/log/index.php?chooselog=1&logreader=logstore_standard&id=0&user=7627&date=1774483200
2026-03-28,7627,QG22P0618 Đinh Thị Minh Ngọc,2.05,1,16,0.6,0,2.05,CLEAN,,,,https://glow.paclinks.org/report/log/index.php?chooselog=1&logreader=logstore_standard&id=0&user=7627&date=1774656000
2026-03-29,7627,QG22P0618 Đinh Thị Minh Ngọc,0.45,1,6,0.55,0,0.45,CLEAN,,,,https://glow.paclinks.org/report/log/index.php?chooselog=1&logreader=logstore_standard&id=0&user=7627&date=1774742400
2026-03-30,7627,QG22P0618 Đinh Thị Minh Ngọc,0.91,3,27,0.57,0,0.91,CLEAN,,,,https://glow.paclinks.org/report/log/index.php?chooselog=1&logreader=logstore_standard&id=0&user=7627&date=1774828800
2026-03-31,7627,QG22P0618 Đinh Thị Minh Ngọc,2.24,3,20,0.53,0,2.24,CLEAN,,,,https://glow.paclinks.org/report/log/index.php?chooselog=1&logreader=logstore_standard&id=0&user=7627&date=1774915200
2026-03-04,7630,QG22P0621 Đỗ Trọng Đạt,0.25,2,14,0.6,0,0.25,CLEAN,,,,https://glow.paclinks.org/report/log/index.php?chooselog=1&logreader=logstore_standard&id=0&user=7630&date=1772582400
2026-03-05,7630,QG22P0621 Đỗ Trọng Đạt,0.3,1,8,0.55,0,0.3,CLEAN,,,,https://glow.paclinks.org/report/log/index.php?chooselog=1&logreader=logstore_standard&id=0&user=7630&date=1772668800
2026-03-15,7630,QG22P0621 Đỗ Trọng Đạt,0.32,2,9,0.53,0,0.32,CLEAN,,,,https://glow.paclinks.org/report/log/index.php?chooselog=1&logreader=logstore_standard&id=0&user=7630&date=1773532800
2026-03-23,7630,QG22P0621 Đỗ Trọng Đạt,0.68,3,22,0.53,0,0.68,CLEAN,,,,https://glow.paclinks.org/report/log/index.php?chooselog=1&logreader=logstore_standard&id=0&user=7630&date=1774224000
2026-03-24,7630,QG22P0621 Đỗ Trọng Đạt,0.51,2,23,0.65,0,0.51,CLEAN,,,,https://glow.paclinks.org/report/log/index.php?chooselog=1&logreader=logstore_standard&id=0&user=7630&date=1774310400
2026-03-25,7630,QG22P0621 Đỗ Trọng Đạt,0.71,3,14,0.52,0,0.71,CLEAN,,,,https://glow.paclinks.org/report/log/index.php?chooselog=1&logreader=logstore_standard&id=0&user=7630&date=1774396800
2026-03-26,7630,QG22P0621 Đỗ Trọng Đạt,1.27,4,15,0.54,0,1.27,CLEAN,,,,https://glow.paclinks.org/report/log/index.php?chooselog=1&logreader=logstore_standard&id=0&user=7630&date=1774483200
2026-03-27,7630,QG22P0621 Đỗ Trọng Đạt,0.17,2,8,0.55,0,0.17,CLEAN,,,,https://glow.paclinks.org/report/log/index.php?chooselog=1&logreader=logstore_standard&id=0&user=7630&date=1774569600
2026-03-29,7630,QG22P0621 Đỗ Trọng Đạt,0.15,1,8,0.55,0,0.15,CLEAN,,,,https://glow.paclinks.org/report/log/index.php?chooselog=1&logreader=logstore_standard&id=0&user=7630&date=1774742400
2026-03-02,7634,QG22P0625 Trần Mai Phương,0.29,1,8,0.55,0,0.29,CLEAN,,,,https://glow.paclinks.org/report/log/index.php?chooselog=1&logreader=logstore_standard&id=0&user=7634&date=1772409600
2026-03-03,7634,QG22P0625 Trần Mai Phương,0.71,2,11,0.53,0,0.71,CLEAN,,,,https://glow.paclinks.org/report/log/index.php?chooselog=1&logreader=logstore_standard&id=0&user=7634&date=1772496000
2026-03-06,7634,QG22P0625 Trần Mai Phương,0.24,1,9,0.55,0,0.24,CLEAN,,,,https://glow.paclinks.org/report/log/index.php?chooselog=1&logreader=logstore_standard&id=0&user=7634&date=1772755200
2026-03-07,7634,QG22P0625 Trần Mai Phương,0.19,1,2,0.5,0,0.19,CLEAN,,,,https://glow.paclinks.org/report/log/index.php?chooselog=1&logreader=logstore_standard&id=0&user=7634&date=1772841600
2026-03-25,7634,QG22P0625 Trần Mai Phương,0.45,2,6,0.5,0,0.45,CLEAN,,,,https://glow.paclinks.org/report/log/index.php?chooselog=1&logreader=logstore_standard&id=0&user=7634&date=1774396800
2026-03-26,7634,QG22P0625 Trần Mai Phương,0.24,1,4,0.5,0,0.24,CLEAN,,,,https://glow.paclinks.org/report/log/index.php?chooselog=1&logreader=logstore_standard&id=0&user=7634&date=1774483200
2026-03-01,7993,QG23P0627 HỒ NGỌC NHƯ QUỲNH,0.22,1,25,0.05,2,0.0,REVIEW REQUIRED,auto_refresh; single_activity_loop,high; medium,"S1 [00:00-00:13, 0.22h]: auto_refresh - Gaps extremely regular: mean=31.0s, std=0.20s across 24 gaps; single_activity_loop - 100% of events on ""Course: TED Talks Career""",https://glow.paclinks.org/report/log/index.php?chooselog=1&logreader=logstore_standard&id=0&user=7993&date=1772323200
2026-03-02,7993,QG23P0627 HỒ NGỌC NHƯ QUỲNH,2.82,1,148,0.25,2,0.0,REVIEW REQUIRED,auto_refresh; single_activity_loop,medium; medium,"S1 [21:10-00:00, 2.82h]: auto_refresh - 94% of gaps within ±2.0s of mean 68.7s; single_activity_loop - 97% of events on ""Interactive Content: Listening""",https://glow.paclinks.org/report/log/index.php?chooselog=1&logreader=logstore_standard&id=0&user=7993&date=1772409600
2026-03-03,7993,QG23P0627 HỒ NGỌC NHƯ QUỲNH,1.08,1,57,0.05,2,0.0,REVIEW REQUIRED,auto_refresh; single_activity_loop,high; medium,"S1 [00:00-01:05, 1.08h]: auto_refresh - Gaps extremely regular: mean=68.5s, std=0.54s across 56 gaps; single_activity_loop - 100% of events on ""Interactive Content: Listening""",https://glow.paclinks.org/report/log/index.php?chooselog=1&logreader=logstore_standard&id=0&user=7993&date=1772496000
2026-03-09,7993,QG23P0627 HỒ NGỌC NHƯ QUỲNH,2.88,1,311,0.4,1,0.0,HAS ANOMALIES,single_activity_loop,medium,"S1 [19:46-22:39, 2.88h]: single_activity_loop - 99% of events on ""Interactive Content: Watch video""",https://glow.paclinks.org/report/log/index.php?chooselog=1&logreader=logstore_standard&id=0&user=7993&date=1773014400
2026-03-16,7993,QG23P0627 HỒ NGỌC NHƯ QUỲNH,3.36,1,243,0.4,1,0.0,HAS ANOMALIES,single_activity_loop,medium,"S1 [19:06-22:28, 3.36h]: single_activity_loop - 99% of events on ""Interactive Content: During Watching Time""",https://glow.paclinks.org/report/log/index.php?chooselog=1&logreader=logstore_standard&id=0&user=7993&date=1773619200
2026-03-20,7993,QG23P0627 HỒ NGỌC NHƯ QUỲNH,0.45,1,31,0.55,0,0.45,CLEAN,,,,https://glow.paclinks.org/report/log/index.php?chooselog=1&logreader=logstore_standard&id=0&user=7993&date=1773964800
2026-03-22,7993,QG23P0627 HỒ NGỌC NHƯ QUỲNH,2.02,1,197,0.25,2,0.0,REVIEW REQUIRED,auto_refresh; single_activity_loop,medium; medium,"S1 [20:59-23:00, 2.02h]: auto_refresh - 96% of gaps within ±2.0s of mean 36.9s; single_activity_loop - 99% of events on ""Interactive Content: During Watching Time""",https://glow.paclinks.org/report/log/index.php?chooselog=1&logreader=logstore_standard&id=0&user=7993&date=1774137600
2026-03-23,7993,QG23P0627 HỒ NGỌC NHƯ QUỲNH,1.29,2,77,0.4,2,0.0,HAS ANOMALIES,single_activity_loop,medium,"S1 [18:29-19:30, 1.01h]: single_activity_loop - 93% of events on ""Page: Vocabulary""
S2 [23:00-23:17, 0.29h]: single_activity_loop - 94% of events on ""Interactive Content: Reading""",https://glow.paclinks.org/report/log/index.php?chooselog=1&logreader=logstore_standard&id=0&user=7993&date=1774224000
2026-03-26,7993,QG23P0627 HỒ NGỌC NHƯ QUỲNH,0.4,1,23,0.4,1,0.0,HAS ANOMALIES,single_activity_loop,medium,"S1 [23:36-00:00, 0.40h]: single_activity_loop - 96% of events on ""Interactive Content: Reading""",https://glow.paclinks.org/report/log/index.php?chooselog=1&logreader=logstore_standard&id=0&user=7993&date=1774483200
2026-03-27,7993,QG23P0627 HỒ NGỌC NHƯ QUỲNH,4.5,3,238,0.32,4,0.0,REVIEW REQUIRED,single_activity_loop; auto_refresh,medium; medium,"S1 [00:00-01:16, 1.26h]: single_activity_loop - 100% of events on ""Interactive Content: Reading""
S2 [19:03-20:00, 0.94h]: single_activity_loop - 94% of events on ""Course: Grammar""
S3 [21:31-23:49, 2.29h]: auto_refresh - 98% of gaps within ±2.0s of mean 67.0s; single_activity_loop - 98% of events on ""Page: English grammar test""",https://glow.paclinks.org/report/log/index.php?chooselog=1&logreader=logstore_standard&id=0&user=7993&date=1774569600
2026-03-28,7993,QG23P0627 HỒ NGỌC NHƯ QUỲNH,1.89,1,99,0.4,1,0.0,HAS ANOMALIES,single_activity_loop,medium,"S1 [22:06-00:00, 1.89h]: single_activity_loop - 96% of events on ""Interactive Content: Reading""",https://glow.paclinks.org/report/log/index.php?chooselog=1&logreader=logstore_standard&id=0&user=7993&date=1774656000
2026-03-29,7993,QG23P0627 HỒ NGỌC NHƯ QUỲNH,4.08,2,173,0.23,3,0.0,REVIEW REQUIRED,auto_refresh; single_activity_loop,high; medium,"S1 [00:00-00:57, 0.95h]: auto_refresh - Gaps extremely regular: mean=71.3s, std=0.46s across 47 gaps; single_activity_loop - 100% of events on ""Interactive Content: Reading""
S2 [11:38-14:46, 3.13h]: single_activity_loop - 97% of events on ""Interactive Content: Watch video""",https://glow.paclinks.org/report/log/index.php?chooselog=1&logreader=logstore_standard&id=0&user=7993&date=1774742400
2026-03-30,7993,QG23P0627 HỒ NGỌC NHƯ QUỲNH,2.15,2,86,0.38,2,0.0,REVIEW REQUIRED,single_activity_loop,medium,"S1 [00:01-01:12, 1.19h]: single_activity_loop - 100% of events on ""Interactive Content: Complex Sentences with Adjective or Adv""
S2 [20:28-21:26, 0.96h]: single_activity_loop - 91% of events on ""Interactive Content: Complex Sentences with Noun Clauses IV""",https://glow.paclinks.org/report/log/index.php?chooselog=1&logreader=logstore_standard&id=0&user=7993&date=1774828800
2026-03-05,8009,QG23P0643 NGUYỄN HỒNG LONG,0.27,1,12,0.55,0,0.27,CLEAN,,,,https://glow.paclinks.org/report/log/index.php?chooselog=1&logreader=logstore_standard&id=0&user=8009&date=1772668800
2026-03-16,8009,QG23P0643 NGUYỄN HỒNG LONG,1.78,1,28,0.55,0,1.78,CLEAN,,,,https://glow.paclinks.org/report/log/index.php?chooselog=1&logreader=logstore_standard&id=0&user=8009&date=1773619200
2026-03-18,8009,QG23P0643 NGUYỄN HỒNG LONG,2.0,1,37,0.55,0,2.0,CLEAN,,,,https://glow.paclinks.org/report/log/index.php?chooselog=1&logreader=logstore_standard&id=0&user=8009&date=1773792000
2026-03-19,8009,QG23P0643 NGUYỄN HỒNG LONG,1.51,1,23,0.55,0,1.51,CLEAN,,,,https://glow.paclinks.org/report/log/index.php?chooselog=1&logreader=logstore_standard&id=0&user=8009&date=1773878400
2026-03-20,8009,QG23P0643 NGUYỄN HỒNG LONG,2.2,1,41,0.55,0,2.2,CLEAN,,,,https://glow.paclinks.org/report/log/index.php?chooselog=1&logreader=logstore_standard&id=0&user=8009&date=1773964800
2026-03-22,8009,QG23P0643 NGUYỄN HỒNG LONG,0.8,1,20,0.55,0,0.8,CLEAN,,,,https://glow.paclinks.org/report/log/index.php?chooselog=1&logreader=logstore_standard&id=0&user=8009&date=1774137600
2026-03-23,8009,QG23P0643 NGUYỄN HỒNG LONG,3.71,2,75,0.48,1,0.61,HAS ANOMALIES,single_activity_loop,medium,"S2 [20:24-23:30, 3.10h]: single_activity_loop - 91% of events on ""Interactive Content: Reading""",https://glow.paclinks.org/report/log/index.php?chooselog=1&logreader=logstore_standard&id=0&user=8009&date=1774224000
2026-03-24,8009,QG23P0643 NGUYỄN HỒNG LONG,1.89,2,45,0.55,0,1.89,CLEAN,,,,https://glow.paclinks.org/report/log/index.php?chooselog=1&logreader=logstore_standard&id=0&user=8009&date=1774310400
2026-03-25,8009,QG23P0643 NGUYỄN HỒNG LONG,3.22,1,64,0.4,1,0.0,HAS ANOMALIES,single_activity_loop,medium,"S1 [20:46-23:59, 3.22h]: single_activity_loop - 92% of events on ""Interactive Content: Reading""",https://glow.paclinks.org/report/log/index.php?chooselog=1&logreader=logstore_standard&id=0&user=8009&date=1774396800
2026-03-26,8009,QG23P0643 NGUYỄN HỒNG LONG,2.33,1,47,0.55,0,2.33,CLEAN,,,,https://glow.paclinks.org/report/log/index.php?chooselog=1&logreader=logstore_standard&id=0&user=8009&date=1774483200
2026-03-27,8009,QG23P0643 NGUYỄN HỒNG LONG,2.35,2,56,0.55,0,2.35,CLEAN,,,,https://glow.paclinks.org/report/log/index.php?chooselog=1&logreader=logstore_standard&id=0&user=8009&date=1774569600
2026-03-01,8011,QG23P0645 HỒ LÂM HUY,1.12,3,35,0.55,0,1.12,CLEAN,,,,https://glow.paclinks.org/report/log/index.php?chooselog=1&logreader=logstore_standard&id=0&user=8011&date=1772323200
2026-03-05,8011,QG23P0645 HỒ LÂM HUY,0.13,1,9,0.55,0,0.13,CLEAN,,,,https://glow.paclinks.org/report/log/index.php?chooselog=1&logreader=logstore_standard&id=0&user=8011&date=1772668800
2026-03-09,8011,QG23P0645 HỒ LÂM HUY,0.26,2,10,0.55,0,0.26,CLEAN,,,,https://glow.paclinks.org/report/log/index.php?chooselog=1&logreader=logstore_standard&id=0&user=8011&date=1773014400
2026-03-10,8011,QG23P0645 HỒ LÂM HUY,1.59,4,34,0.55,0,1.59,CLEAN,,,,https://glow.paclinks.org/report/log/index.php?chooselog=1&logreader=logstore_standard&id=0&user=8011&date=1773100800
2026-03-11,8011,QG23P0645 HỒ LÂM HUY,0.44,2,15,0.55,0,0.44,CLEAN,,,,https://glow.paclinks.org/report/log/index.php?chooselog=1&logreader=logstore_standard&id=0&user=8011&date=1773187200
2026-03-12,8011,QG23P0645 HỒ LÂM HUY,0.5,1,9,0.55,0,0.5,CLEAN,,,,https://glow.paclinks.org/report/log/index.php?chooselog=1&logreader=logstore_standard&id=0&user=8011&date=1773273600
2026-03-13,8011,QG23P0645 HỒ LÂM HUY,0.34,1,11,0.55,0,0.34,CLEAN,,,,https://glow.paclinks.org/report/log/index.php?chooselog=1&logreader=logstore_standard&id=0&user=8011&date=1773360000
2026-03-14,8011,QG23P0645 HỒ LÂM HUY,0.11,1,4,0.55,0,0.11,CLEAN,,,,https://glow.paclinks.org/report/log/index.php?chooselog=1&logreader=logstore_standard&id=0&user=8011&date=1773446400
2026-03-16,8011,QG23P0645 HỒ LÂM HUY,0.09,1,10,0.6,0,0.09,CLEAN,,,,https://glow.paclinks.org/report/log/index.php?chooselog=1&logreader=logstore_standard&id=0&user=8011&date=1773619200
2026-03-17,8011,QG23P0645 HỒ LÂM HUY,0.58,2,14,0.55,0,0.58,CLEAN,,,,https://glow.paclinks.org/report/log/index.php?chooselog=1&logreader=logstore_standard&id=0&user=8011&date=1773705600
2026-03-19,8011,QG23P0645 HỒ LÂM HUY,0.8,2,12,0.55,0,0.8,CLEAN,,,,https://glow.paclinks.org/report/log/index.php?chooselog=1&logreader=logstore_standard&id=0&user=8011&date=1773878400
2026-03-20,8011,QG23P0645 HỒ LÂM HUY,0.25,1,11,0.55,0,0.25,CLEAN,,,,https://glow.paclinks.org/report/log/index.php?chooselog=1&logreader=logstore_standard&id=0&user=8011&date=1773964800
2026-03-22,8011,QG23P0645 HỒ LÂM HUY,0.11,1,8,0.55,0,0.11,CLEAN,,,,https://glow.paclinks.org/report/log/index.php?chooselog=1&logreader=logstore_standard&id=0&user=8011&date=1774137600
2026-03-24,8011,QG23P0645 HỒ LÂM HUY,0.93,1,22,0.6,0,0.93,CLEAN,,,,https://glow.paclinks.org/report/log/index.php?chooselog=1&logreader=logstore_standard&id=0&user=8011&date=1774310400
2026-03-27,8011,QG23P0645 HỒ LÂM HUY,1.33,5,40,0.55,0,1.33,CLEAN,,,,https://glow.paclinks.org/report/log/index.php?chooselog=1&logreader=logstore_standard&id=0&user=8011&date=1774569600
2026-03-28,8011,QG23P0645 HỒ LÂM HUY,2.23,2,166,0.57,0,2.23,CLEAN,,,,https://glow.paclinks.org/report/log/index.php?chooselog=1&logreader=logstore_standard&id=0&user=8011&date=1774656000
2026-03-30,8011,QG23P0645 HỒ LÂM HUY,0.6,2,23,0.55,0,0.6,CLEAN,,,,https://glow.paclinks.org/report/log/index.php?chooselog=1&logreader=logstore_standard&id=0&user=8011&date=1774828800
2026-03-31,8011,QG23P0645 HỒ LÂM HUY,0.48,3,37,0.58,0,0.48,CLEAN,,,,https://glow.paclinks.org/report/log/index.php?chooselog=1&logreader=logstore_standard&id=0&user=8011&date=1774915200
2026-03-14,8012,QG23P0646 TRƯƠNG HOÀNG HOÀI THƯƠNG,1.54,1,405,0.45,1,0.0,HAS ANOMALIES,single_activity_loop,medium,"S1 [21:36-23:08, 1.54h]: single_activity_loop - 94% of events on ""Page: Listening - WATCH THIS FIRST""",https://glow.paclinks.org/report/log/index.php?chooselog=1&logreader=logstore_standard&id=0&user=8012&date=1773446400
2026-03-15,8012,QG23P0646 TRƯƠNG HOÀNG HOÀI THƯƠNG,3.14,1,997,0.1,3,0.0,REVIEW REQUIRED,auto_refresh; excessive_events; single_activity_loop,medium; medium; medium,"S1 [20:01-23:10, 3.14h]: auto_refresh - 99% of gaps within ±2.0s of mean 11.4s; excessive_events - 317 events/hr (max=300); single_activity_loop - 99% of events on ""Page: Vocabularies""",https://glow.paclinks.org/report/log/index.php?chooselog=1&logreader=logstore_standard&id=0&user=8012&date=1773532800
2026-03-16,8012,QG23P0646 TRƯƠNG HOÀNG HOÀI THƯƠNG,3.27,1,1131,0.1,3,0.0,REVIEW REQUIRED,auto_refresh; excessive_events; single_activity_loop,medium; medium; medium,"S1 [07:20-10:37, 3.27h]: auto_refresh - 98% of gaps within ±2.0s of mean 10.4s; excessive_events - 346 events/hr (max=300); single_activity_loop - 100% of events on ""Page: Listening - WATCH THIS FIRST""",https://glow.paclinks.org/report/log/index.php?chooselog=1&logreader=logstore_standard&id=0&user=8012&date=1773619200
2026-03-17,8012,QG23P0646 TRƯƠNG HOÀNG HOÀI THƯƠNG,2.6,1,875,0.1,3,0.0,REVIEW REQUIRED,auto_refresh; excessive_events; single_activity_loop,medium; medium; medium,"S1 [21:17-23:53, 2.60h]: auto_refresh - 99% of gaps within ±2.0s of mean 10.7s; excessive_events - 337 events/hr (max=300); single_activity_loop - 99% of events on ""Page: Listening - WATCH THIS FIRST""",https://glow.paclinks.org/report/log/index.php?chooselog=1&logreader=logstore_standard&id=0&user=8012&date=1773705600
2026-03-23,8012,QG23P0646 TRƯƠNG HOÀNG HOÀI THƯƠNG,0.4,1,147,0.1,3,0.0,REVIEW REQUIRED,auto_refresh; excessive_events; single_activity_loop,medium; medium; medium,"S1 [07:30-07:54, 0.40h]: auto_refresh - 93% of gaps within ±2.0s of mean 9.7s; excessive_events - 371 events/hr (max=300); single_activity_loop - 95% of events on ""Quiz: Unit 4 Key Vocabulary""",https://glow.paclinks.org/report/log/index.php?chooselog=1&logreader=logstore_standard&id=0&user=8012&date=1774224000
2026-03-27,8012,QG23P0646 TRƯƠNG HOÀNG HOÀI THƯƠNG,4.32,2,1517,0.3,3,0.09,REVIEW REQUIRED,auto_refresh; excessive_events; single_activity_loop,medium; medium; medium,"S1 [07:40-11:54, 4.23h]: auto_refresh - 99% of gaps within ±2.0s of mean 10.1s; excessive_events - 357 events/hr (max=300); single_activity_loop - 100% of events on ""Course: TED Talks - General 2""",https://glow.paclinks.org/report/log/index.php?chooselog=1&logreader=logstore_standard&id=0&user=8012&date=1774569600
2026-03-28,8012,QG23P0646 TRƯƠNG HOÀNG HOÀI THƯƠNG,3.75,4,1047,0.3,6,0.9,REVIEW REQUIRED,auto_refresh; excessive_events; single_activity_loop,high; medium; medium,"S3 [08:34-10:02, 1.48h]: auto_refresh - Gaps extremely regular: mean=9.9s, std=0.99s across 539 gaps; excessive_events - 365 events/hr (max=300); single_activity_loop - 99% of events on ""Interactive Content: Reading""
S4 [16:28-17:50, 1.37h]: auto_refresh - 99% of gaps within ±2.0s of mean 10.4s; excessive_events - 346 events/hr (max=300); single_activity_loop - 99% of events on ""Course: TED Talks - General 1""",https://glow.paclinks.org/report/log/index.php?chooselog=1&logreader=logstore_standard&id=0&user=8012&date=1774656000
2026-03-31,8012,QG23P0646 TRƯƠNG HOÀNG HOÀI THƯƠNG,6.29,2,2257,0.05,6,0.0,REVIEW REQUIRED,auto_refresh; excessive_events; single_activity_loop,high; medium; medium,"S1 [06:59-10:59, 4.01h]: auto_refresh - Gaps extremely regular: mean=10.0s, std=0.60s across 1448 gaps; excessive_events - 361 events/hr (max=300); single_activity_loop - 100% of events on ""Page: Vocabulary""
S2 [15:24-17:41, 2.27h]: auto_refresh - 99% of gaps within ±2.0s of mean 10.1s; excessive_events - 355 events/hr (max=300); single_activity_loop - 99% of events on ""Quiz: Unit 4 Key Vocabulary""",https://glow.paclinks.org/report/log/index.php?chooselog=1&logreader=logstore_standard&id=0&user=8012&date=1774915200
2026-03-25,8017,QG23P0651 NGUYỄN VŨ ÁI NGA,0.21,2,34,0.57,0,0.21,CLEAN,,,,https://glow.paclinks.org/report/log/index.php?chooselog=1&logreader=logstore_standard&id=0&user=8017&date=1774396800
2026-03-26,8017,QG23P0651 NGUYỄN VŨ ÁI NGA,0.96,1,27,0.55,0,0.96,CLEAN,,,,https://glow.paclinks.org/report/log/index.php?chooselog=1&logreader=logstore_standard&id=0&user=8017&date=1774483200
2026-03-27,8017,QG23P0651 NGUYỄN VŨ ÁI NGA,1.35,3,130,0.82,0,1.35,CLEAN,,,,https://glow.paclinks.org/report/log/index.php?chooselog=1&logreader=logstore_standard&id=0&user=8017&date=1774569600
2026-03-29,8017,QG23P0651 NGUYỄN VŨ ÁI NGA,3.97,11,688,0.76,2,3.52,HAS ANOMALIES,excessive_events,medium,"S1 [08:52-09:13, 0.34h]: excessive_events - 441 events/hr (max=300)
S3 [11:08-11:14, 0.11h]: excessive_events - 555 events/hr (max=300)",https://glow.paclinks.org/report/log/index.php?chooselog=1&logreader=logstore_standard&id=0&user=8017&date=1774742400
2026-03-06,8020,QG23P0654 NGUYỄN HOÀNG DIỆU LAN,0.3,1,5,0.55,0,0.3,CLEAN,,,,https://glow.paclinks.org/report/log/index.php?chooselog=1&logreader=logstore_standard&id=0&user=8020&date=1772755200
2026-03-08,8020,QG23P0654 NGUYỄN HOÀNG DIỆU LAN,0.33,1,2,0.5,0,0.33,CLEAN,,,,https://glow.paclinks.org/report/log/index.php?chooselog=1&logreader=logstore_standard&id=0&user=8020&date=1772928000
2026-03-13,8020,QG23P0654 NGUYỄN HOÀNG DIỆU LAN,0.4,1,7,0.55,0,0.4,CLEAN,,,,https://glow.paclinks.org/report/log/index.php?chooselog=1&logreader=logstore_standard&id=0&user=8020&date=1773360000
2026-03-18,8020,QG23P0654 NGUYỄN HOÀNG DIỆU LAN,0.62,1,3,0.5,0,0.62,CLEAN,,,,https://glow.paclinks.org/report/log/index.php?chooselog=1&logreader=logstore_standard&id=0&user=8020&date=1773792000
2026-03-25,8020,QG23P0654 NGUYỄN HOÀNG DIỆU LAN,0.17,1,4,0.55,0,0.17,CLEAN,,,,https://glow.paclinks.org/report/log/index.php?chooselog=1&logreader=logstore_standard&id=0&user=8020&date=1774396800
2026-03-26,8020,QG23P0654 NGUYỄN HOÀNG DIỆU LAN,0.21,1,4,0.6,0,0.21,CLEAN,,,,https://glow.paclinks.org/report/log/index.php?chooselog=1&logreader=logstore_standard&id=0&user=8020&date=1774483200
2026-03-27,8020,QG23P0654 NGUYỄN HOÀNG DIỆU LAN,0.73,5,25,0.55,0,0.73,CLEAN,,,,https://glow.paclinks.org/report/log/index.php?chooselog=1&logreader=logstore_standard&id=0&user=8020&date=1774569600
2026-03-28,8020,QG23P0654 NGUYỄN HOÀNG DIỆU LAN,0.85,2,7,0.53,0,0.85,CLEAN,,,,https://glow.paclinks.org/report/log/index.php?chooselog=1&logreader=logstore_standard&id=0&user=8020&date=1774656000
2026-03-29,8020,QG23P0654 NGUYỄN HOÀNG DIỆU LAN,0.67,2,19,0.55,0,0.67,CLEAN,,,,https://glow.paclinks.org/report/log/index.php?chooselog=1&logreader=logstore_standard&id=0&user=8020&date=1774742400
2026-03-30,8020,QG23P0654 NGUYỄN HOÀNG DIỆU LAN,0.9,3,17,0.57,0,0.9,CLEAN,,,,https://glow.paclinks.org/report/log/index.php?chooselog=1&logreader=logstore_standard&id=0&user=8020&date=1774828800
2026-03-31,8020,QG23P0654 NGUYỄN HOÀNG DIỆU LAN,1.7,5,33,0.56,0,1.7,CLEAN,,,,https://glow.paclinks.org/report/log/index.php?chooselog=1&logreader=logstore_standard&id=0&user=8020&date=1774915200
2026-03-04,8021,QG23P0655 TRẦN VÕ THẢO VY,0.09,1,22,0.55,0,0.09,CLEAN,,,,https://glow.paclinks.org/report/log/index.php?chooselog=1&logreader=logstore_standard&id=0&user=8021&date=1772582400
2026-03-14,8021,QG23P0655 TRẦN VÕ THẢO VY,0.1,1,3,0.55,0,0.1,CLEAN,,,,https://glow.paclinks.org/report/log/index.php?chooselog=1&logreader=logstore_standard&id=0&user=8021&date=1773446400
2026-03-24,8021,QG23P0655 TRẦN VÕ THẢO VY,0.23,2,50,0.57,0,0.23,CLEAN,,,,https://glow.paclinks.org/report/log/index.php?chooselog=1&logreader=logstore_standard&id=0&user=8021&date=1774310400
2026-03-16,8022,QG23P0656 VÕ AN PHÚC,0.05,1,3,0.55,0,0.05,CLEAN,,,,https://glow.paclinks.org/report/log/index.php?chooselog=1&logreader=logstore_standard&id=0&user=8022&date=1773619200
2026-03-18,8022,QG23P0656 VÕ AN PHÚC,0.1,1,8,0.55,0,0.1,CLEAN,,,,https://glow.paclinks.org/report/log/index.php?chooselog=1&logreader=logstore_standard&id=0&user=8022&date=1773792000
2026-03-28,8022,QG23P0656 VÕ AN PHÚC,0.06,1,8,0.55,0,0.06,CLEAN,,,,https://glow.paclinks.org/report/log/index.php?chooselog=1&logreader=logstore_standard&id=0&user=8022&date=1774656000
2026-03-29,8022,QG23P0656 VÕ AN PHÚC,0.11,1,4,0.55,0,0.11,CLEAN,,,,https://glow.paclinks.org/report/log/index.php?chooselog=1&logreader=logstore_standard&id=0&user=8022&date=1774742400
2026-03-30,8022,QG23P0656 VÕ AN PHÚC,0.44,4,24,0.57,0,0.44,CLEAN,,,,https://glow.paclinks.org/report/log/index.php?chooselog=1&logreader=logstore_standard&id=0&user=8022&date=1774828800
2026-03-31,8022,QG23P0656 VÕ AN PHÚC,3.18,6,54,0.6,0,3.18,CLEAN,,,,https://glow.paclinks.org/report/log/index.php?chooselog=1&logreader=logstore_standard&id=0&user=8022&date=1774915200
2026-03-01,8374,QG23S0002 Pham Truong Anh Huy,2.39,1,33,0.6,0,2.39,CLEAN,,,,https://glow.paclinks.org/report/log/index.php?chooselog=1&logreader=logstore_standard&id=0&user=8374&date=1772323200
2026-03-02,8374,QG23S0002 Pham Truong Anh Huy,2.69,1,19,0.6,0,2.69,CLEAN,,,,https://glow.paclinks.org/report/log/index.php?chooselog=1&logreader=logstore_standard&id=0&user=8374&date=1772409600
2026-03-03,8374,QG23S0002 Pham Truong Anh Huy,5.78,7,70,0.54,0,5.78,CLEAN,,,,https://glow.paclinks.org/report/log/index.php?chooselog=1&logreader=logstore_standard&id=0&user=8374&date=1772496000
2026-03-04,8374,QG23S0002 Pham Truong Anh Huy,3.23,1,38,0.55,0,3.23,CLEAN,,,,https://glow.paclinks.org/report/log/index.php?chooselog=1&logreader=logstore_standard&id=0&user=8374&date=1772582400
2026-03-05,8374,QG23S0002 Pham Truong Anh Huy,2.56,3,19,0.55,0,2.56,CLEAN,,,,https://glow.paclinks.org/report/log/index.php?chooselog=1&logreader=logstore_standard&id=0&user=8374&date=1772668800
2026-03-06,8374,QG23S0002 Pham Truong Anh Huy,1.21,1,16,0.55,0,1.21,CLEAN,,,,https://glow.paclinks.org/report/log/index.php?chooselog=1&logreader=logstore_standard&id=0&user=8374&date=1772755200
2026-03-07,8374,QG23S0002 Pham Truong Anh Huy,2.48,1,18,0.6,0,2.48,CLEAN,,,,https://glow.paclinks.org/report/log/index.php?chooselog=1&logreader=logstore_standard&id=0&user=8374&date=1772841600
2026-03-09,8374,QG23S0002 Pham Truong Anh Huy,2.15,1,26,0.55,0,2.15,CLEAN,,,,https://glow.paclinks.org/report/log/index.php?chooselog=1&logreader=logstore_standard&id=0&user=8374&date=1773014400
2026-03-10,8374,QG23S0002 Pham Truong Anh Huy,2.81,1,18,0.6,0,2.81,CLEAN,,,,https://glow.paclinks.org/report/log/index.php?chooselog=1&logreader=logstore_standard&id=0&user=8374&date=1773100800
2026-03-11,8374,QG23S0002 Pham Truong Anh Huy,2.48,1,22,0.55,0,2.48,CLEAN,,,,https://glow.paclinks.org/report/log/index.php?chooselog=1&logreader=logstore_standard&id=0&user=8374&date=1773187200
2026-03-12,8374,QG23S0002 Pham Truong Anh Huy,1.97,2,13,0.57,0,1.97,CLEAN,,,,https://glow.paclinks.org/report/log/index.php?chooselog=1&logreader=logstore_standard&id=0&user=8374&date=1773273600
2026-03-13,8374,QG23S0002 Pham Truong Anh Huy,2.45,1,26,0.6,0,2.45,CLEAN,,,,https://glow.paclinks.org/report/log/index.php?chooselog=1&logreader=logstore_standard&id=0&user=8374&date=1773360000
2026-03-16,8374,QG23S0002 Pham Truong Anh Huy,2.26,2,16,0.57,0,2.26,CLEAN,,,,https://glow.paclinks.org/report/log/index.php?chooselog=1&logreader=logstore_standard&id=0&user=8374&date=1773619200
2026-03-18,8374,QG23S0002 Pham Truong Anh Huy,1.57,3,13,0.55,0,1.57,CLEAN,,,,https://glow.paclinks.org/report/log/index.php?chooselog=1&logreader=logstore_standard&id=0&user=8374&date=1773792000
2026-03-23,8374,QG23S0002 Pham Truong Anh Huy,0.37,1,3,0.5,0,0.37,CLEAN,,,,https://glow.paclinks.org/report/log/index.php?chooselog=1&logreader=logstore_standard&id=0&user=8374&date=1774224000
2026-03-24,8374,QG23S0002 Pham Truong Anh Huy,4.07,4,56,0.59,0,4.07,CLEAN,,,,https://glow.paclinks.org/report/log/index.php?chooselog=1&logreader=logstore_standard&id=0&user=8374&date=1774310400
2026-03-26,8374,QG23S0002 Pham Truong Anh Huy,1.81,3,13,0.53,0,1.81,CLEAN,,,,https://glow.paclinks.org/report/log/index.php?chooselog=1&logreader=logstore_standard&id=0&user=8374&date=1774483200
2026-03-27,8374,QG23S0002 Pham Truong Anh Huy,1.93,1,14,0.6,0,1.93,CLEAN,,,,https://glow.paclinks.org/report/log/index.php?chooselog=1&logreader=logstore_standard&id=0&user=8374&date=1774569600
2026-03-30,8374,QG23S0002 Pham Truong Anh Huy,2.16,2,32,0.6,0,2.16,CLEAN,,,,https://glow.paclinks.org/report/log/index.php?chooselog=1&logreader=logstore_standard&id=0&user=8374&date=1774828800
2026-03-03,8375,QG23S0003 Vo Ngoc Bich Tram,0.09,1,4,0.55,0,0.09,CLEAN,,,,https://glow.paclinks.org/report/log/index.php?chooselog=1&logreader=logstore_standard&id=0&user=8375&date=1772496000
2026-03-10,8375,QG23S0003 Vo Ngoc Bich Tram,0.42,1,3,0.55,0,0.42,CLEAN,,,,https://glow.paclinks.org/report/log/index.php?chooselog=1&logreader=logstore_standard&id=0&user=8375&date=1773100800
2026-03-24,8537,QG24P0661 HỒ TẤN SANG,1.2,2,22,0.55,0,1.2,CLEAN,,,,https://glow.paclinks.org/report/log/index.php?chooselog=1&logreader=logstore_standard&id=0&user=8537&date=1774310400
2026-03-27,8537,QG24P0661 HỒ TẤN SANG,0.54,4,25,0.55,0,0.54,CLEAN,,,,https://glow.paclinks.org/report/log/index.php?chooselog=1&logreader=logstore_standard&id=0&user=8537&date=1774569600
2026-03-28,8537,QG24P0661 HỒ TẤN SANG,0.41,2,11,0.57,0,0.41,CLEAN,,,,https://glow.paclinks.org/report/log/index.php?chooselog=1&logreader=logstore_standard&id=0&user=8537&date=1774656000
2026-03-29,8537,QG24P0661 HỒ TẤN SANG,1.11,2,36,0.57,0,1.11,CLEAN,,,,https://glow.paclinks.org/report/log/index.php?chooselog=1&logreader=logstore_standard&id=0&user=8537&date=1774742400
2026-03-31,8537,QG24P0661 HỒ TẤN SANG,0.73,2,23,0.55,0,0.73,CLEAN,,,,https://glow.paclinks.org/report/log/index.php?chooselog=1&logreader=logstore_standard&id=0&user=8537&date=1774915200
2026-03-23,8538,QG24P0662 BÙI VĂN TÍN,0.21,1,59,0.25,2,0.0,REVIEW REQUIRED,auto_refresh; single_activity_loop,medium; medium,"S1 [21:34-21:47, 0.21h]: auto_refresh - 90% of gaps within ±2.0s of mean 13.1s; single_activity_loop - 93% of events on ""Interactive Content: Reading""",https://glow.paclinks.org/report/log/index.php?chooselog=1&logreader=logstore_standard&id=0&user=8538&date=1774224000
2026-03-30,8541,QG24P0665 LÊ NGUYỄN HẠNH NHẤT,0.27,1,5,0.55,0,0.27,CLEAN,,,,https://glow.paclinks.org/report/log/index.php?chooselog=1&logreader=logstore_standard&id=0&user=8541&date=1774828800
2026-03-11,8545,QG24P0669 VÕ THANH DUY,0.12,1,26,0.35,1,0.0,REVIEW REQUIRED,single_activity_loop,medium,"S1 [20:03-20:10, 0.12h]: single_activity_loop - 100% of events on ""Quiz: Unit 6 Word Groups &amp; Syllable Stress (11 - 24)""",https://glow.paclinks.org/report/log/index.php?chooselog=1&logreader=logstore_standard&id=0&user=8545&date=1773187200
2026-03-19,8545,QG24P0669 VÕ THANH DUY,0.58,2,44,0.53,1,0.43,HAS ANOMALIES,single_activity_loop,medium,"S2 [22:13-22:22, 0.15h]: single_activity_loop - 91% of events on ""Quiz: Unit 6 Sentences &amp; Intonation (1 - 8)""",https://glow.paclinks.org/report/log/index.php?chooselog=1&logreader=logstore_standard&id=0&user=8545&date=1773878400
2026-03-30,8545,QG24P0669 VÕ THANH DUY,0.72,5,50,0.58,0,0.72,CLEAN,,,,https://glow.paclinks.org/report/log/index.php?chooselog=1&logreader=logstore_standard&id=0&user=8545&date=1774828800
2026-03-31,8545,QG24P0669 VÕ THANH DUY,0.29,2,34,0.7,0,0.29,CLEAN,,,,https://glow.paclinks.org/report/log/index.php?chooselog=1&logreader=logstore_standard&id=0&user=8545&date=1774915200
2026-03-02,8641,QG24P0670 ĐỖ NGỌC BÌNH AN,1.0,2,35,0.57,1,0.37,HAS ANOMALIES,multi_ip,low,"S2 [08:57-09:35, 0.63h]: multi_ip - 5 IPs: 42.1.90.74, 117.2.167.92, 14.224.224.116, 42.1.89.171, 113.176.98.251",https://glow.paclinks.org/report/log/index.php?chooselog=1&logreader=logstore_standard&id=0&user=8641&date=1772409600
2026-03-25,9116,QG25G0681 Võ Nguyễn Bảo Châu,0.07,1,8,0.55,0,0.07,CLEAN,,,,https://glow.paclinks.org/report/log/index.php?chooselog=1&logreader=logstore_standard&id=0&user=9116&date=1774396800
2026-03-26,9117,QG25G0682 Phạm Thị Mỹ Châu,0.23,1,11,0.55,0,0.23,CLEAN,,,,https://glow.paclinks.org/report/log/index.php?chooselog=1&logreader=logstore_standard&id=0&user=9117&date=1774483200
2026-03-23,9118,QG25G0683 Võ Thị Quỳnh Như,0.41,1,6,0.55,0,0.41,CLEAN,,,,https://glow.paclinks.org/report/log/index.php?chooselog=1&logreader=logstore_standard&id=0&user=9118&date=1774224000
2026-03-30,9118,QG25G0683 Võ Thị Quỳnh Như,0.11,1,7,0.55,0,0.11,CLEAN,,,,https://glow.paclinks.org/report/log/index.php?chooselog=1&logreader=logstore_standard&id=0&user=9118&date=1774828800
2026-03-08,9121,QG25G0687 Nguyễn Võ Như Quỳnh,0.23,1,22,0.6,0,0.23,CLEAN,,,,https://glow.paclinks.org/report/log/index.php?chooselog=1&logreader=logstore_standard&id=0&user=9121&date=1772928000
2026-03-12,9121,QG25G0687 Nguyễn Võ Như Quỳnh,0.24,1,4,0.5,0,0.24,CLEAN,,,,https://glow.paclinks.org/report/log/index.php?chooselog=1&logreader=logstore_standard&id=0&user=9121&date=1773273600
2026-03-30,9121,QG25G0687 Nguyễn Võ Như Quỳnh,0.06,1,11,0.55,0,0.06,CLEAN,,,,https://glow.paclinks.org/report/log/index.php?chooselog=1&logreader=logstore_standard&id=0&user=9121&date=1774828800
2026-03-01,9124,QG25G0690 Nguyễn Ngọc Trâm,0.14,1,13,0.5,0,0.14,CLEAN,,,,https://glow.paclinks.org/report/log/index.php?chooselog=1&logreader=logstore_standard&id=0&user=9124&date=1772323200
2026-03-20,9124,QG25G0690 Nguyễn Ngọc Trâm,0.52,1,16,0.6,0,0.52,CLEAN,,,,https://glow.paclinks.org/report/log/index.php?chooselog=1&logreader=logstore_standard&id=0&user=9124&date=1773964800
2026-03-22,9124,QG25G0690 Nguyễn Ngọc Trâm,0.42,1,13,0.55,0,0.42,CLEAN,,,,https://glow.paclinks.org/report/log/index.php?chooselog=1&logreader=logstore_standard&id=0&user=9124&date=1774137600
2026-03-25,9129,QG25P0676 Từ Lê Ngọc Trinh,0.39,2,11,0.57,0,0.39,CLEAN,,,,https://glow.paclinks.org/report/log/index.php?chooselog=1&logreader=logstore_standard&id=0&user=9129&date=1774396800
2026-03-26,9129,QG25P0676 Từ Lê Ngọc Trinh,0.32,1,11,0.6,0,0.32,CLEAN,,,,https://glow.paclinks.org/report/log/index.php?chooselog=1&logreader=logstore_standard&id=0&user=9129&date=1774483200
2026-03-27,9129,QG25P0676 Từ Lê Ngọc Trinh,0.67,2,15,0.57,0,0.67,CLEAN,,,,https://glow.paclinks.org/report/log/index.php?chooselog=1&logreader=logstore_standard&id=0&user=9129&date=1774569600
2026-03-28,9129,QG25P0676 Từ Lê Ngọc Trinh,0.33,1,7,0.55,0,0.33,CLEAN,,,,https://glow.paclinks.org/report/log/index.php?chooselog=1&logreader=logstore_standard&id=0&user=9129&date=1774656000
2026-03-29,9129,QG25P0676 Từ Lê Ngọc Trinh,0.06,1,12,0.55,0,0.06,CLEAN,,,,https://glow.paclinks.org/report/log/index.php?chooselog=1&logreader=logstore_standard&id=0&user=9129&date=1774742400
2026-03-30,9129,QG25P0676 Từ Lê Ngọc Trinh,0.55,4,52,0.54,0,0.55,CLEAN,,,,https://glow.paclinks.org/report/log/index.php?chooselog=1&logreader=logstore_standard&id=0&user=9129&date=1774828800
2026-03-31,9129,QG25P0676 Từ Lê Ngọc Trinh,1.56,3,56,0.53,0,1.56,CLEAN,,,,https://glow.paclinks.org/report/log/index.php?chooselog=1&logreader=logstore_standard&id=0&user=9129&date=1774915200
2026-03-04,9130,QG25P0677 Nguyễn Tuấn Kiệt,0.1,1,4,0.55,0,0.1,CLEAN,,,,https://glow.paclinks.org/report/log/index.php?chooselog=1&logreader=logstore_standard&id=0&user=9130&date=1772582400
2026-03-07,9130,QG25P0677 Nguyễn Tuấn Kiệt,0.14,1,6,0.55,0,0.14,CLEAN,,,,https://glow.paclinks.org/report/log/index.php?chooselog=1&logreader=logstore_standard&id=0&user=9130&date=1772841600
2026-03-11,9130,QG25P0677 Nguyễn Tuấn Kiệt,0.06,1,3,0.55,0,0.06,CLEAN,,,,https://glow.paclinks.org/report/log/index.php?chooselog=1&logreader=logstore_standard&id=0&user=9130&date=1773187200
2026-03-15,9130,QG25P0677 Nguyễn Tuấn Kiệt,0.25,1,6,0.55,0,0.25,CLEAN,,,,https://glow.paclinks.org/report/log/index.php?chooselog=1&logreader=logstore_standard&id=0&user=9130&date=1773532800
2026-03-18,9130,QG25P0677 Nguyễn Tuấn Kiệt,0.05,1,7,0.55,0,0.05,CLEAN,,,,https://glow.paclinks.org/report/log/index.php?chooselog=1&logreader=logstore_standard&id=0&user=9130&date=1773792000
2026-03-19,9130,QG25P0677 Nguyễn Tuấn Kiệt,0.34,1,6,0.55,0,0.34,CLEAN,,,,https://glow.paclinks.org/report/log/index.php?chooselog=1&logreader=logstore_standard&id=0&user=9130&date=1773878400
2026-03-21,9130,QG25P0677 Nguyễn Tuấn Kiệt,0.41,2,10,0.53,0,0.41,CLEAN,,,,https://glow.paclinks.org/report/log/index.php?chooselog=1&logreader=logstore_standard&id=0&user=9130&date=1774051200
2026-03-25,9130,QG25P0677 Nguyễn Tuấn Kiệt,1.34,5,30,0.54,0,1.34,CLEAN,,,,https://glow.paclinks.org/report/log/index.php?chooselog=1&logreader=logstore_standard&id=0&user=9130&date=1774396800
2026-03-24,9131,QG25P0678 Đỗ Đặng Kiều Vy,0.38,2,17,0.55,0,0.38,CLEAN,,,,https://glow.paclinks.org/report/log/index.php?chooselog=1&logreader=logstore_standard&id=0&user=9131&date=1774310400
2026-03-25,9131,QG25P0678 Đỗ Đặng Kiều Vy,0.08,1,15,0.6,0,0.08,CLEAN,,,,https://glow.paclinks.org/report/log/index.php?chooselog=1&logreader=logstore_standard&id=0&user=9131&date=1774396800
2026-03-02,406,QN17P0230 NGUYỄN THỊ TƯỜNG VI,3.06,1,97,0.4,1,0.0,HAS ANOMALIES,single_activity_loop,medium,"S1 [08:47-11:50, 3.06h]: single_activity_loop - 94% of events on ""Interactive Content: Reading""",https://glow.paclinks.org/report/log/index.php?chooselog=1&logreader=logstore_standard&id=0&user=406&date=1772409600
2026-03-04,406,QN17P0230 NGUYỄN THỊ TƯỜNG VI,0.68,1,27,0.6,0,0.68,CLEAN,,,,https://glow.paclinks.org/report/log/index.php?chooselog=1&logreader=logstore_standard&id=0&user=406&date=1772582400
2026-03-28,406,QN17P0230 NGUYỄN THỊ TƯỜNG VI,3.05,1,95,0.35,1,0.0,REVIEW REQUIRED,single_activity_loop,medium,"S1 [11:40-14:43, 3.05h]: single_activity_loop - 96% of events on ""Course: TED Talks Career""",https://glow.paclinks.org/report/log/index.php?chooselog=1&logreader=logstore_standard&id=0&user=406&date=1774656000
2026-03-30,406,QN17P0230 NGUYỄN THỊ TƯỜNG VI,1.05,1,16,0.35,1,0.0,REVIEW REQUIRED,single_activity_loop,medium,"S1 [13:39-14:43, 1.05h]: single_activity_loop - 94% of events on ""Course: TED Talks Career""",https://glow.paclinks.org/report/log/index.php?chooselog=1&logreader=logstore_standard&id=0&user=406&date=1774828800
2026-03-31,406,QN17P0230 NGUYỄN THỊ TƯỜNG VI,3.04,1,93,0.35,1,0.0,REVIEW REQUIRED,single_activity_loop,medium,"S1 [07:36-10:39, 3.04h]: single_activity_loop - 99% of events on ""Course: TED Talks Career""",https://glow.paclinks.org/report/log/index.php?chooselog=1&logreader=logstore_standard&id=0&user=406&date=1774915200
2026-03-02,431,QN17P0279 TRẦN CHÍNH ĐẠT,8.62,2,55,0.38,2,0.0,REVIEW REQUIRED,single_activity_loop,medium,"S1 [00:07-04:41, 4.56h]: single_activity_loop - 100% of events on ""Interactive Content: Reading""
S2 [10:41-14:44, 4.06h]: single_activity_loop - 96% of events on ""Interactive Content: Reading""",https://glow.paclinks.org/report/log/index.php?chooselog=1&logreader=logstore_standard&id=0&user=431&date=1772409600
2026-03-04,431,QN17P0279 TRẦN CHÍNH ĐẠT,10.76,3,78,0.45,2,0.56,HAS ANOMALIES,single_activity_loop,medium,"S1 [00:47-05:14, 4.45h]: single_activity_loop - 97% of events on ""Interactive Content: Reading""
S2 [11:15-17:00, 5.76h]: single_activity_loop - 95% of events on ""Interactive Content: Reading""",https://glow.paclinks.org/report/log/index.php?chooselog=1&logreader=logstore_standard&id=0&user=431&date=1772582400
2026-03-05,431,QN17P0279 TRẦN CHÍNH ĐẠT,5.23,2,36,0.38,2,0.0,REVIEW REQUIRED,single_activity_loop,medium,"S1 [00:04-02:26, 2.37h]: single_activity_loop - 100% of events on ""Interactive Content: Reading""
S2 [11:08-14:00, 2.86h]: single_activity_loop - 95% of events on ""Interactive Content: Reading""",https://glow.paclinks.org/report/log/index.php?chooselog=1&logreader=logstore_standard&id=0&user=431&date=1772668800
2026-03-13,431,QN17P0279 TRẦN CHÍNH ĐẠT,7.49,2,53,0.4,2,0.0,HAS ANOMALIES,single_activity_loop,medium,"S1 [12:10-14:57, 2.79h]: single_activity_loop - 95% of events on ""Interactive Content: Reading""
S2 [19:18-00:00, 4.70h]: single_activity_loop - 94% of events on ""Interactive Content: Reading""",https://glow.paclinks.org/report/log/index.php?chooselog=1&logreader=logstore_standard&id=0&user=431&date=1773360000
2026-03-14,431,QN17P0279 TRẦN CHÍNH ĐẠT,10.26,1,67,0.05,2,0.0,REVIEW REQUIRED,session_too_long; single_activity_loop,high; medium,"S1 [00:01-10:16, 10.26h]: session_too_long - Session duration 10.3h exceeds 6h limit; single_activity_loop - 100% of events on ""Interactive Content: Reading""",https://glow.paclinks.org/report/log/index.php?chooselog=1&logreader=logstore_standard&id=0&user=431&date=1773446400
2026-03-15,431,QN17P0279 TRẦN CHÍNH ĐẠT,20.13,1,132,0.1,2,0.0,REVIEW REQUIRED,session_too_long; single_activity_loop,high; medium,"S1 [04:00-00:08, 20.13h]: session_too_long - Session duration 20.1h exceeds 6h limit; single_activity_loop - 99% of events on ""Interactive Content: Reading""",https://glow.paclinks.org/report/log/index.php?chooselog=1&logreader=logstore_standard&id=0&user=431&date=1773532800
2026-03-16,431,QN17P0279 TRẦN CHÍNH ĐẠT,2.57,1,17,0.35,1,0.0,REVIEW REQUIRED,single_activity_loop,medium,"S1 [00:09-02:43, 2.57h]: single_activity_loop - 100% of events on ""Interactive Content: Reading""",https://glow.paclinks.org/report/log/index.php?chooselog=1&logreader=logstore_standard&id=0&user=431&date=1773619200
2026-03-18,431,QN17P0279 TRẦN CHÍNH ĐẠT,6.35,2,43,0.4,2,0.0,HAS ANOMALIES,single_activity_loop,medium,"S1 [04:22-07:44, 3.37h]: single_activity_loop - 96% of events on ""Interactive Content: Reading""
S2 [21:05-00:04, 2.97h]: single_activity_loop - 95% of events on ""Interactive Content: Reading""",https://glow.paclinks.org/report/log/index.php?chooselog=1&logreader=logstore_standard&id=0&user=431&date=1773792000
2026-03-19,431,QN17P0279 TRẦN CHÍNH ĐẠT,18.31,2,118,0.22,3,0.0,REVIEW REQUIRED,single_activity_loop; session_too_long,medium; high,"S1 [00:05-03:24, 3.31h]: single_activity_loop - 100% of events on ""Interactive Content: Reading""
S2 [09:06-00:06, 15.00h]: session_too_long - Session duration 15.0h exceeds 6h limit; single_activity_loop - 99% of events on ""Interactive Content: Reading""",https://glow.paclinks.org/report/log/index.php?chooselog=1&logreader=logstore_standard&id=0&user=431&date=1773878400
2026-03-03,1336,QN18P0371 PHAN THÁI NHƯ NGỌC,0.09,1,8,0.55,0,0.09,CLEAN,,,,https://glow.paclinks.org/report/log/index.php?chooselog=1&logreader=logstore_standard&id=0&user=1336&date=1772496000
2026-03-30,1336,QN18P0371 PHAN THÁI NHƯ NGỌC,0.86,2,14,0.55,0,0.86,CLEAN,,,,https://glow.paclinks.org/report/log/index.php?chooselog=1&logreader=logstore_standard&id=0&user=1336&date=1774828800
2026-03-09,1347,QN18P0382 Nguyễn Quang Sáng,0.5,1,12,0.55,0,0.5,CLEAN,,,,https://glow.paclinks.org/report/log/index.php?chooselog=1&logreader=logstore_standard&id=0&user=1347&date=1773014400
2026-03-03,1293,QN18P0422 NGUYỄN VĂN TÀI,0.85,1,19,0.55,0,0.85,CLEAN,,,,https://glow.paclinks.org/report/log/index.php?chooselog=1&logreader=logstore_standard&id=0&user=1293&date=1772496000
2026-03-09,1293,QN18P0422 NGUYỄN VĂN TÀI,0.81,2,19,0.55,0,0.81,CLEAN,,,,https://glow.paclinks.org/report/log/index.php?chooselog=1&logreader=logstore_standard&id=0&user=1293&date=1773014400
2026-03-10,1293,QN18P0422 NGUYỄN VĂN TÀI,0.27,1,9,0.55,0,0.27,CLEAN,,,,https://glow.paclinks.org/report/log/index.php?chooselog=1&logreader=logstore_standard&id=0&user=1293&date=1773100800
2026-03-11,1293,QN18P0422 NGUYỄN VĂN TÀI,0.3,1,12,0.55,0,0.3,CLEAN,,,,https://glow.paclinks.org/report/log/index.php?chooselog=1&logreader=logstore_standard&id=0&user=1293&date=1773187200
2026-03-15,1293,QN18P0422 NGUYỄN VĂN TÀI,0.08,1,5,0.55,0,0.08,CLEAN,,,,https://glow.paclinks.org/report/log/index.php?chooselog=1&logreader=logstore_standard&id=0&user=1293&date=1773532800
2026-03-17,1293,QN18P0422 NGUYỄN VĂN TÀI,0.05,1,4,0.55,0,0.05,CLEAN,,,,https://glow.paclinks.org/report/log/index.php?chooselog=1&logreader=logstore_standard&id=0&user=1293&date=1773705600
2026-03-18,1293,QN18P0422 NGUYỄN VĂN TÀI,1.12,2,21,0.55,0,1.12,CLEAN,,,,https://glow.paclinks.org/report/log/index.php?chooselog=1&logreader=logstore_standard&id=0&user=1293&date=1773792000
2026-03-19,1293,QN18P0422 NGUYỄN VĂN TÀI,0.07,1,5,0.55,0,0.07,CLEAN,,,,https://glow.paclinks.org/report/log/index.php?chooselog=1&logreader=logstore_standard&id=0&user=1293&date=1773878400
2026-03-21,1293,QN18P0422 NGUYỄN VĂN TÀI,0.31,1,10,0.55,0,0.31,CLEAN,,,,https://glow.paclinks.org/report/log/index.php?chooselog=1&logreader=logstore_standard&id=0&user=1293&date=1774051200
2026-03-22,1293,QN18P0422 NGUYỄN VĂN TÀI,0.66,1,13,0.55,0,0.66,CLEAN,,,,https://glow.paclinks.org/report/log/index.php?chooselog=1&logreader=logstore_standard&id=0&user=1293&date=1774137600
2026-03-25,1293,QN18P0422 NGUYỄN VĂN TÀI,0.9,2,24,0.55,0,0.9,CLEAN,,,,https://glow.paclinks.org/report/log/index.php?chooselog=1&logreader=logstore_standard&id=0&user=1293&date=1774396800
2026-03-26,1293,QN18P0422 NGUYỄN VĂN TÀI,0.27,1,9,0.55,0,0.27,CLEAN,,,,https://glow.paclinks.org/report/log/index.php?chooselog=1&logreader=logstore_standard&id=0&user=1293&date=1774483200
2026-03-28,1293,QN18P0422 NGUYỄN VĂN TÀI,0.32,1,9,0.55,0,0.32,CLEAN,,,,https://glow.paclinks.org/report/log/index.php?chooselog=1&logreader=logstore_standard&id=0&user=1293&date=1774656000
2026-03-30,1293,QN18P0422 NGUYỄN VĂN TÀI,1.51,3,40,0.55,0,1.51,CLEAN,,,,https://glow.paclinks.org/report/log/index.php?chooselog=1&logreader=logstore_standard&id=0&user=1293&date=1774828800
2026-03-31,1293,QN18P0422 NGUYỄN VĂN TÀI,0.28,1,11,0.55,0,0.28,CLEAN,,,,https://glow.paclinks.org/report/log/index.php?chooselog=1&logreader=logstore_standard&id=0&user=1293&date=1774915200
2026-03-02,1311,QN18P0438 NGUYỄN THỊ THU SƯƠNG,0.41,1,3,0.55,0,0.41,CLEAN,,,,https://glow.paclinks.org/report/log/index.php?chooselog=1&logreader=logstore_standard&id=0&user=1311&date=1772409600
2026-03-03,1311,QN18P0438 NGUYỄN THỊ THU SƯƠNG,0.39,1,3,0.55,0,0.39,CLEAN,,,,https://glow.paclinks.org/report/log/index.php?chooselog=1&logreader=logstore_standard&id=0&user=1311&date=1772496000
2026-03-04,1311,QN18P0438 NGUYỄN THỊ THU SƯƠNG,0.78,3,11,0.55,0,0.78,CLEAN,,,,https://glow.paclinks.org/report/log/index.php?chooselog=1&logreader=logstore_standard&id=0&user=1311&date=1772582400
2026-03-10,1311,QN18P0438 NGUYỄN THỊ THU SƯƠNG,0.12,1,2,0.5,0,0.12,CLEAN,,,,https://glow.paclinks.org/report/log/index.php?chooselog=1&logreader=logstore_standard&id=0&user=1311&date=1773100800
2026-03-11,1311,QN18P0438 NGUYỄN THỊ THU SƯƠNG,0.08,1,5,0.55,0,0.08,CLEAN,,,,https://glow.paclinks.org/report/log/index.php?chooselog=1&logreader=logstore_standard&id=0&user=1311&date=1773187200
2026-03-21,1311,QN18P0438 NGUYỄN THỊ THU SƯƠNG,1.03,4,18,0.57,0,1.03,CLEAN,,,,https://glow.paclinks.org/report/log/index.php?chooselog=1&logreader=logstore_standard&id=0&user=1311&date=1774051200
2026-03-23,1311,QN18P0438 NGUYỄN THỊ THU SƯƠNG,0.38,1,3,0.55,0,0.38,CLEAN,,,,https://glow.paclinks.org/report/log/index.php?chooselog=1&logreader=logstore_standard&id=0&user=1311&date=1774224000
2026-03-30,4347,QN19P0516 NGUYỄN  HOÀNG NHÂN,6.65,3,216,0.47,2,3.43,HAS ANOMALIES,single_activity_loop,medium,"S1 [15:40-16:55, 1.24h]: single_activity_loop - 90% of events on ""Interactive Content: Listening""
S2 [17:58-19:57, 1.98h]: single_activity_loop - 94% of events on ""Interactive Content: Listening""",https://glow.paclinks.org/report/log/index.php?chooselog=1&logreader=logstore_standard&id=0&user=4347&date=1774828800
2026-03-31,4347,QN19P0516 NGUYỄN  HOÀNG NHÂN,6.72,2,214,0.4,1,0.27,HAS ANOMALIES,session_too_long,high,"S2 [15:29-21:56, 6.45h]: session_too_long - Session duration 6.5h exceeds 6h limit",https://glow.paclinks.org/report/log/index.php?chooselog=1&logreader=logstore_standard&id=0&user=4347&date=1774915200
2026-03-13,3594,QN19P0523 LÊ THỊ HOÀI LINH,0.79,2,15,0.55,0,0.79,CLEAN,,,,https://glow.paclinks.org/report/log/index.php?chooselog=1&logreader=logstore_standard&id=0&user=3594&date=1773360000
2026-03-14,3594,QN19P0523 LÊ THỊ HOÀI LINH,1.21,3,22,0.55,0,1.21,CLEAN,,,,https://glow.paclinks.org/report/log/index.php?chooselog=1&logreader=logstore_standard&id=0&user=3594&date=1773446400
2026-03-16,3594,QN19P0523 LÊ THỊ HOÀI LINH,0.29,1,7,0.55,0,0.29,CLEAN,,,,https://glow.paclinks.org/report/log/index.php?chooselog=1&logreader=logstore_standard&id=0&user=3594&date=1773619200
2026-03-17,3594,QN19P0523 LÊ THỊ HOÀI LINH,0.27,1,10,0.55,0,0.27,CLEAN,,,,https://glow.paclinks.org/report/log/index.php?chooselog=1&logreader=logstore_standard&id=0&user=3594&date=1773705600
2026-03-18,3594,QN19P0523 LÊ THỊ HOÀI LINH,0.86,2,11,0.55,0,0.86,CLEAN,,,,https://glow.paclinks.org/report/log/index.php?chooselog=1&logreader=logstore_standard&id=0&user=3594&date=1773792000
2026-03-27,3594,QN19P0523 LÊ THỊ HOÀI LINH,0.56,1,8,0.55,0,0.56,CLEAN,,,,https://glow.paclinks.org/report/log/index.php?chooselog=1&logreader=logstore_standard&id=0&user=3594&date=1774569600
2026-03-28,3594,QN19P0523 LÊ THỊ HOÀI LINH,0.35,1,7,0.55,0,0.35,CLEAN,,,,https://glow.paclinks.org/report/log/index.php?chooselog=1&logreader=logstore_standard&id=0&user=3594&date=1774656000
2026-03-29,3500,QN19P0525 Nguyễn Quang Minh,0.13,1,8,0.55,0,0.13,CLEAN,,,,https://glow.paclinks.org/report/log/index.php?chooselog=1&logreader=logstore_standard&id=0&user=3500&date=1774742400
2026-03-30,3500,QN19P0525 Nguyễn Quang Minh,0.56,1,41,0.4,1,0.0,HAS ANOMALIES,single_activity_loop,medium,"S1 [10:21-10:55, 0.56h]: single_activity_loop - 90% of events on ""Interactive Content: Reading""",https://glow.paclinks.org/report/log/index.php?chooselog=1&logreader=logstore_standard&id=0&user=3500&date=1774828800
2026-03-07,3588,QN19P0547 VÕ THỊ NGỌC ÁNH,0.64,1,5,0.55,0,0.64,CLEAN,,,,https://glow.paclinks.org/report/log/index.php?chooselog=1&logreader=logstore_standard&id=0&user=3588&date=1772841600
2026-03-12,3588,QN19P0547 VÕ THỊ NGỌC ÁNH,0.32,1,6,0.55,0,0.32,CLEAN,,,,https://glow.paclinks.org/report/log/index.php?chooselog=1&logreader=logstore_standard&id=0&user=3588&date=1773273600
2026-03-28,3588,QN19P0547 VÕ THỊ NGỌC ÁNH,1.06,1,11,0.55,0,1.06,CLEAN,,,,https://glow.paclinks.org/report/log/index.php?chooselog=1&logreader=logstore_standard&id=0&user=3588&date=1774656000
2026-03-29,3588,QN19P0547 VÕ THỊ NGỌC ÁNH,0.22,1,7,0.55,0,0.22,CLEAN,,,,https://glow.paclinks.org/report/log/index.php?chooselog=1&logreader=logstore_standard&id=0&user=3588&date=1774742400
2026-03-01,3589,QN19P0548 VÕ THỊ NHẬT HOÀNG,1.01,1,20,0.55,0,1.01,CLEAN,,,,https://glow.paclinks.org/report/log/index.php?chooselog=1&logreader=logstore_standard&id=0&user=3589&date=1772323200
2026-03-02,3589,QN19P0548 VÕ THỊ NHẬT HOÀNG,4.15,2,327,0.5,1,0.05,HAS ANOMALIES,auto_refresh,medium,"S1 [09:54-14:00, 4.10h]: auto_refresh - 93% of gaps within ±2.0s of mean 45.7s",https://glow.paclinks.org/report/log/index.php?chooselog=1&logreader=logstore_standard&id=0&user=3589&date=1772409600
2026-03-10,3589,QN19P0548 VÕ THỊ NHẬT HOÀNG,1.45,1,163,0.45,1,0.0,HAS ANOMALIES,single_activity_loop,medium,"S1 [13:14-14:41, 1.45h]: single_activity_loop - 94% of events on ""Page: Listening - WATCH THIS FIRST""",https://glow.paclinks.org/report/log/index.php?chooselog=1&logreader=logstore_standard&id=0&user=3589&date=1773100800
2026-03-26,3589,QN19P0548 VÕ THỊ NHẬT HOÀNG,3.07,2,450,0.38,2,0.0,REVIEW REQUIRED,single_activity_loop,medium,"S1 [12:55-14:53, 1.97h]: single_activity_loop - 99% of events on ""Quiz: Speaking""
S2 [15:40-16:47, 1.10h]: single_activity_loop - 100% of events on ""Quiz: Speaking""",https://glow.paclinks.org/report/log/index.php?chooselog=1&logreader=logstore_standard&id=0&user=3589&date=1774483200
2026-03-28,3589,QN19P0548 VÕ THỊ NHẬT HOÀNG,5.59,2,501,0.4,3,0.0,HAS ANOMALIES,auto_refresh; single_activity_loop,medium; medium,"S1 [04:04-05:18, 1.24h]: auto_refresh - 90% of gaps within ±2.0s of mean 12.2s; single_activity_loop - 99% of events on ""Quiz:  Unit 3 - Key Vocabulary (11 - 23)""
S2 [18:57-23:18, 4.35h]: single_activity_loop - 96% of events on ""Page: Introduction to IELTS speaking test""",https://glow.paclinks.org/report/log/index.php?chooselog=1&logreader=logstore_standard&id=0&user=3589&date=1774656000
2026-03-11,3590,QN19P0549 TRẦN THỊ ANH TRÚC,0.28,1,11,0.55,0,0.28,CLEAN,,,,https://glow.paclinks.org/report/log/index.php?chooselog=1&logreader=logstore_standard&id=0&user=3590&date=1773187200
2026-03-06,3637,QN19P0552 NGUYỄN TRÚC LAM,1.02,1,75,0.55,0,1.02,CLEAN,,,,https://glow.paclinks.org/report/log/index.php?chooselog=1&logreader=logstore_standard&id=0&user=3637&date=1772755200
2026-03-30,3637,QN19P0552 NGUYỄN TRÚC LAM,5.01,3,268,0.4,4,0.0,HAS ANOMALIES,multi_ip; single_activity_loop,low; medium,"S1 [11:24-13:25, 2.03h]: multi_ip - 5 IPs: 123.19.192.60, 42.1.90.44, 14.252.144.142, 42.1.91.98, 42.1.90.156; single_activity_loop - 94% of events on ""Interactive Content: Reading""
S2 [20:31-22:13, 1.70h]: single_activity_loop - 94% of events on ""Interactive Content: Reading""
S3 [22:43-00:00, 1.29h]: single_activity_loop - 94% of events on ""Interactive Content: During Watching Time""",https://glow.paclinks.org/report/log/index.php?chooselog=1&logreader=logstore_standard&id=0&user=3637&date=1774828800
2026-03-31,3637,QN19P0552 NGUYỄN TRÚC LAM,4.67,4,257,0.41,3,2.9,HAS ANOMALIES,single_activity_loop; auto_refresh,medium; medium,"S1 [00:00-00:25, 0.42h]: single_activity_loop - 100% of events on ""Interactive Content: During Watching Time""
S3 [19:25-20:46, 1.35h]: auto_refresh - 97% of gaps within ±2.0s of mean 49.1s; single_activity_loop - 99% of events on ""Interactive Content: Reading""",https://glow.paclinks.org/report/log/index.php?chooselog=1&logreader=logstore_standard&id=0&user=3637&date=1774915200
2026-03-23,3587,QN19P0557 NGUYỄN THỊ THU TRÂM,0.22,1,6,0.55,0,0.22,CLEAN,,,,https://glow.paclinks.org/report/log/index.php?chooselog=1&logreader=logstore_standard&id=0&user=3587&date=1774224000
2026-03-24,3587,QN19P0557 NGUYỄN THỊ THU TRÂM,0.18,1,6,0.55,0,0.18,CLEAN,,,,https://glow.paclinks.org/report/log/index.php?chooselog=1&logreader=logstore_standard&id=0&user=3587&date=1774310400
2026-03-11,2710,QN19P0561 CAOTHẢOVY,0.57,1,8,0.55,0,0.57,CLEAN,,,,https://glow.paclinks.org/report/log/index.php?chooselog=1&logreader=logstore_standard&id=0&user=2710&date=1773187200
2026-03-22,2710,QN19P0561 CAOTHẢOVY,0.71,2,12,0.55,0,0.71,CLEAN,,,,https://glow.paclinks.org/report/log/index.php?chooselog=1&logreader=logstore_standard&id=0&user=2710&date=1774137600
2026-03-04,5313,QN20P0598 LƯƠNG THỊ PHƯƠNG THẢO,0.08,1,17,0.55,0,0.08,CLEAN,,,,https://glow.paclinks.org/report/log/index.php?chooselog=1&logreader=logstore_standard&id=0&user=5313&date=1772582400
2026-03-23,5338,QN20P0623 NGUYỄN THỊ NGHĨA,0.12,1,5,0.55,0,0.12,CLEAN,,,,https://glow.paclinks.org/report/log/index.php?chooselog=1&logreader=logstore_standard&id=0&user=5338&date=1774224000
2026-03-30,5338,QN20P0623 NGUYỄN THỊ NGHĨA,0.29,1,9,0.55,0,0.29,CLEAN,,,,https://glow.paclinks.org/report/log/index.php?chooselog=1&logreader=logstore_standard&id=0&user=5338&date=1774828800
2026-03-01,5657,QN20P0637 Nguyễn Thị Ái Trâm,2.79,7,53,0.58,0,2.79,CLEAN,,,,https://glow.paclinks.org/report/log/index.php?chooselog=1&logreader=logstore_standard&id=0&user=5657&date=1772323200
2026-03-02,5657,QN20P0637 Nguyễn Thị Ái Trâm,0.73,2,10,0.53,0,0.73,CLEAN,,,,https://glow.paclinks.org/report/log/index.php?chooselog=1&logreader=logstore_standard&id=0&user=5657&date=1772409600
2026-03-03,5657,QN20P0637 Nguyễn Thị Ái Trâm,2.13,2,29,0.6,0,2.13,CLEAN,,,,https://glow.paclinks.org/report/log/index.php?chooselog=1&logreader=logstore_standard&id=0&user=5657&date=1772496000
2026-03-02,5659,QN20P0639 PHẠM VÕ ĐỨC,0.18,1,8,0.55,0,0.18,CLEAN,,,,https://glow.paclinks.org/report/log/index.php?chooselog=1&logreader=logstore_standard&id=0&user=5659&date=1772409600
2026-03-08,5659,QN20P0639 PHẠM VÕ ĐỨC,0.14,1,8,0.6,0,0.14,CLEAN,,,,https://glow.paclinks.org/report/log/index.php?chooselog=1&logreader=logstore_standard&id=0&user=5659&date=1772928000
2026-03-12,5659,QN20P0639 PHẠM VÕ ĐỨC,0.14,1,6,0.55,0,0.14,CLEAN,,,,https://glow.paclinks.org/report/log/index.php?chooselog=1&logreader=logstore_standard&id=0&user=5659&date=1773273600
2026-03-12,5604,QN20U0630 Phạm Thị Phương Thanh,0.25,1,2,0.5,0,0.25,CLEAN,,,,https://glow.paclinks.org/report/log/index.php?chooselog=1&logreader=logstore_standard&id=0&user=5604&date=1773273600
2026-03-29,5604,QN20U0630 Phạm Thị Phương Thanh,0.39,1,4,0.5,0,0.39,CLEAN,,,,https://glow.paclinks.org/report/log/index.php?chooselog=1&logreader=logstore_standard&id=0&user=5604&date=1774742400
2026-03-30,5604,QN20U0630 Phạm Thị Phương Thanh,0.16,1,3,0.5,0,0.16,CLEAN,,,,https://glow.paclinks.org/report/log/index.php?chooselog=1&logreader=logstore_standard&id=0&user=5604&date=1774828800
2026-03-01,6398,QN21P0673 PHAN THỊ HIỀN,0.24,1,8,0.55,0,0.24,CLEAN,,,,https://glow.paclinks.org/report/log/index.php?chooselog=1&logreader=logstore_standard&id=0&user=6398&date=1772323200
2026-03-02,6398,QN21P0673 PHAN THỊ HIỀN,0.15,2,20,0.45,1,0.08,HAS ANOMALIES,single_activity_loop,medium,"S2 [10:40-10:45, 0.07h]: single_activity_loop - 100% of events on ""Quiz: UNIT 5 Sentences and Intonation""",https://glow.paclinks.org/report/log/index.php?chooselog=1&logreader=logstore_standard&id=0&user=6398&date=1772409600
2026-03-03,6398,QN21P0673 PHAN THỊ HIỀN,0.08,1,3,0.55,0,0.08,CLEAN,,,,https://glow.paclinks.org/report/log/index.php?chooselog=1&logreader=logstore_standard&id=0&user=6398&date=1772496000
2026-03-04,6398,QN21P0673 PHAN THỊ HIỀN,0.18,1,28,0.55,0,0.18,CLEAN,,,,https://glow.paclinks.org/report/log/index.php?chooselog=1&logreader=logstore_standard&id=0&user=6398&date=1772582400
2026-03-05,6398,QN21P0673 PHAN THỊ HIỀN,0.24,1,4,0.55,0,0.24,CLEAN,,,,https://glow.paclinks.org/report/log/index.php?chooselog=1&logreader=logstore_standard&id=0&user=6398&date=1772668800
2026-03-07,6398,QN21P0673 PHAN THỊ HIỀN,0.05,1,5,0.55,0,0.05,CLEAN,,,,https://glow.paclinks.org/report/log/index.php?chooselog=1&logreader=logstore_standard&id=0&user=6398&date=1772841600
2026-03-08,6398,QN21P0673 PHAN THỊ HIỀN,0.42,1,9,0.55,0,0.42,CLEAN,,,,https://glow.paclinks.org/report/log/index.php?chooselog=1&logreader=logstore_standard&id=0&user=6398&date=1772928000
2026-03-09,6398,QN21P0673 PHAN THỊ HIỀN,0.15,1,36,0.8,0,0.15,CLEAN,,,,https://glow.paclinks.org/report/log/index.php?chooselog=1&logreader=logstore_standard&id=0&user=6398&date=1773014400
2026-03-10,6398,QN21P0673 PHAN THỊ HIỀN,0.08,1,26,0.4,1,0.0,HAS ANOMALIES,excessive_events,medium,"S1 [06:56-07:01, 0.08h]: excessive_events - 324 events/hr (max=300)",https://glow.paclinks.org/report/log/index.php?chooselog=1&logreader=logstore_standard&id=0&user=6398&date=1773100800
2026-03-11,6398,QN21P0673 PHAN THỊ HIỀN,0.08,1,6,0.55,0,0.08,CLEAN,,,,https://glow.paclinks.org/report/log/index.php?chooselog=1&logreader=logstore_standard&id=0&user=6398&date=1773187200
2026-03-14,6398,QN21P0673 PHAN THỊ HIỀN,0.23,1,10,0.55,0,0.23,CLEAN,,,,https://glow.paclinks.org/report/log/index.php?chooselog=1&logreader=logstore_standard&id=0&user=6398&date=1773446400
2026-03-15,6398,QN21P0673 PHAN THỊ HIỀN,0.16,2,14,0.55,0,0.16,CLEAN,,,,https://glow.paclinks.org/report/log/index.php?chooselog=1&logreader=logstore_standard&id=0&user=6398&date=1773532800
2026-03-16,6398,QN21P0673 PHAN THỊ HIỀN,0.62,1,40,0.55,0,0.62,CLEAN,,,,https://glow.paclinks.org/report/log/index.php?chooselog=1&logreader=logstore_standard&id=0&user=6398&date=1773619200
2026-03-17,6398,QN21P0673 PHAN THỊ HIỀN,0.48,1,8,0.55,0,0.48,CLEAN,,,,https://glow.paclinks.org/report/log/index.php?chooselog=1&logreader=logstore_standard&id=0&user=6398&date=1773705600
2026-03-18,6398,QN21P0673 PHAN THỊ HIỀN,0.16,1,7,0.55,0,0.16,CLEAN,,,,https://glow.paclinks.org/report/log/index.php?chooselog=1&logreader=logstore_standard&id=0&user=6398&date=1773792000
2026-03-29,6398,QN21P0673 PHAN THỊ HIỀN,0.59,1,38,0.6,0,0.59,CLEAN,,,,https://glow.paclinks.org/report/log/index.php?chooselog=1&logreader=logstore_standard&id=0&user=6398&date=1774742400
2026-03-30,6398,QN21P0673 PHAN THỊ HIỀN,0.48,1,17,0.55,0,0.48,CLEAN,,,,https://glow.paclinks.org/report/log/index.php?chooselog=1&logreader=logstore_standard&id=0&user=6398&date=1774828800
2026-03-31,6398,QN21P0673 PHAN THỊ HIỀN,0.83,1,38,0.65,0,0.83,CLEAN,,,,https://glow.paclinks.org/report/log/index.php?chooselog=1&logreader=logstore_standard&id=0&user=6398&date=1774915200
2026-03-03,6401,QN21P0676 LÊ THỊ YẾN QUỲNH,0.09,1,13,0.6,0,0.09,CLEAN,,,,https://glow.paclinks.org/report/log/index.php?chooselog=1&logreader=logstore_standard&id=0&user=6401&date=1772496000
2026-03-11,6733,QN21P0691 TRƯƠNG THÀNH DANH,0.3,1,13,0.55,0,0.3,CLEAN,,,,https://glow.paclinks.org/report/log/index.php?chooselog=1&logreader=logstore_standard&id=0&user=6733&date=1773187200
2026-03-06,6724,QN21P0692 TRƯƠNG THỊ PHƯƠNG MAI,0.34,1,13,0.55,0,0.34,CLEAN,,,,https://glow.paclinks.org/report/log/index.php?chooselog=1&logreader=logstore_standard&id=0&user=6724&date=1772755200
2026-03-07,6734,QN21P0695 NGUYỄN THỊ THẢO NGUYÊN,0.3,1,9,0.55,0,0.3,CLEAN,,,,https://glow.paclinks.org/report/log/index.php?chooselog=1&logreader=logstore_standard&id=0&user=6734&date=1772841600
2026-03-08,6734,QN21P0695 NGUYỄN THỊ THẢO NGUYÊN,1.66,1,15,0.55,0,1.66,CLEAN,,,,https://glow.paclinks.org/report/log/index.php?chooselog=1&logreader=logstore_standard&id=0&user=6734&date=1772928000
2026-03-14,6734,QN21P0695 NGUYỄN THỊ THẢO NGUYÊN,0.73,1,6,0.55,0,0.73,CLEAN,,,,https://glow.paclinks.org/report/log/index.php?chooselog=1&logreader=logstore_standard&id=0&user=6734&date=1773446400
2026-03-15,6734,QN21P0695 NGUYỄN THỊ THẢO NGUYÊN,0.88,1,12,0.55,0,0.88,CLEAN,,,,https://glow.paclinks.org/report/log/index.php?chooselog=1&logreader=logstore_standard&id=0&user=6734&date=1773532800
2026-03-22,6734,QN21P0695 NGUYỄN THỊ THẢO NGUYÊN,0.77,2,12,0.53,0,0.77,CLEAN,,,,https://glow.paclinks.org/report/log/index.php?chooselog=1&logreader=logstore_standard&id=0&user=6734&date=1774137600
2026-03-22,6736,QN21P0699 ĐẶNG THỊ KIỀU ANH,0.2,1,19,0.55,0,0.2,CLEAN,,,,https://glow.paclinks.org/report/log/index.php?chooselog=1&logreader=logstore_standard&id=0&user=6736&date=1774137600
2026-03-22,7253,QN22P0706 NGUYỄN PHÚC TOÀN,6.31,1,2407,0.0,4,0.0,REVIEW REQUIRED,session_too_long; auto_refresh; excessive_events; single_activity_loop,high; medium; medium; medium,"S1 [17:29-23:48, 6.31h]: session_too_long - Session duration 6.3h exceeds 6h limit; auto_refresh - 91% of gaps within ±2.0s of mean 9.4s; excessive_events - 381 events/hr (max=300); single_activity_loop - 100% of events on ""Interactive Content: Reading""",https://glow.paclinks.org/report/log/index.php?chooselog=1&logreader=logstore_standard&id=0&user=7253&date=1774137600
2026-03-29,7253,QN22P0706 NGUYỄN PHÚC TOÀN,0.1,1,4,0.5,0,0.1,CLEAN,,,,https://glow.paclinks.org/report/log/index.php?chooselog=1&logreader=logstore_standard&id=0&user=7253&date=1774742400
2026-03-25,7257,QN22P0710 TRẦN ĐĂNG THƯƠNG,0.16,1,7,0.55,0,0.16,CLEAN,,,,https://glow.paclinks.org/report/log/index.php?chooselog=1&logreader=logstore_standard&id=0&user=7257&date=1774396800
2026-03-26,7257,QN22P0710 TRẦN ĐĂNG THƯƠNG,1.02,1,17,0.65,0,1.02,CLEAN,,,,https://glow.paclinks.org/report/log/index.php?chooselog=1&logreader=logstore_standard&id=0&user=7257&date=1774483200
2026-03-27,7257,QN22P0710 TRẦN ĐĂNG THƯƠNG,3.0,2,35,0.53,0,3.0,CLEAN,,,,https://glow.paclinks.org/report/log/index.php?chooselog=1&logreader=logstore_standard&id=0&user=7257&date=1774569600
2026-03-30,7257,QN22P0710 TRẦN ĐĂNG THƯƠNG,5.62,4,111,0.51,1,4.75,HAS ANOMALIES,single_activity_loop,medium,"S1 [00:05-00:56, 0.86h]: single_activity_loop - 100% of events on ""Fast Assignment: Practice 1""",https://glow.paclinks.org/report/log/index.php?chooselog=1&logreader=logstore_standard&id=0&user=7257&date=1774828800
2026-03-31,7257,QN22P0710 TRẦN ĐĂNG THƯƠNG,5.15,3,78,0.43,2,2.3,HAS ANOMALIES,single_activity_loop,medium,"S1 [00:06-00:56, 0.84h]: single_activity_loop - 100% of events on ""Fast Assignment: Practice 2: Task 1 test 6""
S2 [12:19-14:20, 2.01h]: single_activity_loop - 93% of events on ""Fast Assignment: Practice 2: Task 1 test 6""",https://glow.paclinks.org/report/log/index.php?chooselog=1&logreader=logstore_standard&id=0&user=7257&date=1774915200
2026-03-01,7260,QN22P0713 ĐOÀN THỊ THẢO LY,0.14,1,5,0.55,0,0.14,CLEAN,,,,https://glow.paclinks.org/report/log/index.php?chooselog=1&logreader=logstore_standard&id=0&user=7260&date=1772323200
2026-03-29,7260,QN22P0713 ĐOÀN THỊ THẢO LY,0.29,1,3,0.55,0,0.29,CLEAN,,,,https://glow.paclinks.org/report/log/index.php?chooselog=1&logreader=logstore_standard&id=0&user=7260&date=1774742400
2026-03-09,7262,QN22P0715 ĐẶNG NGUYỄN PHƯƠNG TRINH,0.46,1,4,0.55,0,0.46,CLEAN,,,,https://glow.paclinks.org/report/log/index.php?chooselog=1&logreader=logstore_standard&id=0&user=7262&date=1773014400
2026-03-12,7262,QN22P0715 ĐẶNG NGUYỄN PHƯƠNG TRINH,0.32,1,7,0.55,0,0.32,CLEAN,,,,https://glow.paclinks.org/report/log/index.php?chooselog=1&logreader=logstore_standard&id=0&user=7262&date=1773273600
2026-03-17,7262,QN22P0715 ĐẶNG NGUYỄN PHƯƠNG TRINH,0.46,1,3,0.55,0,0.46,CLEAN,,,,https://glow.paclinks.org/report/log/index.php?chooselog=1&logreader=logstore_standard&id=0&user=7262&date=1773705600
2026-03-22,7262,QN22P0715 ĐẶNG NGUYỄN PHƯƠNG TRINH,1.32,3,8,0.53,0,1.32,CLEAN,,,,https://glow.paclinks.org/report/log/index.php?chooselog=1&logreader=logstore_standard&id=0&user=7262&date=1774137600
2026-03-25,7262,QN22P0715 ĐẶNG NGUYỄN PHƯƠNG TRINH,0.67,2,11,0.55,0,0.67,CLEAN,,,,https://glow.paclinks.org/report/log/index.php?chooselog=1&logreader=logstore_standard&id=0&user=7262&date=1774396800
2026-03-26,7262,QN22P0715 ĐẶNG NGUYỄN PHƯƠNG TRINH,1.59,1,11,0.55,0,1.59,CLEAN,,,,https://glow.paclinks.org/report/log/index.php?chooselog=1&logreader=logstore_standard&id=0&user=7262&date=1774483200
2026-03-28,7262,QN22P0715 ĐẶNG NGUYỄN PHƯƠNG TRINH,0.9,2,5,0.53,0,0.9,CLEAN,,,,https://glow.paclinks.org/report/log/index.php?chooselog=1&logreader=logstore_standard&id=0&user=7262&date=1774656000
2026-03-30,7262,QN22P0715 ĐẶNG NGUYỄN PHƯƠNG TRINH,0.46,1,2,0.5,0,0.46,CLEAN,,,,https://glow.paclinks.org/report/log/index.php?chooselog=1&logreader=logstore_standard&id=0&user=7262&date=1774828800
2026-03-31,7262,QN22P0715 ĐẶNG NGUYỄN PHƯƠNG TRINH,0.74,2,6,0.55,0,0.74,CLEAN,,,,https://glow.paclinks.org/report/log/index.php?chooselog=1&logreader=logstore_standard&id=0&user=7262&date=1774915200
2026-03-03,7263,QN22P0716 NGUYỄN TẤN LÀO,2.98,1,1069,0.0,3,0.0,REVIEW REQUIRED,auto_refresh; excessive_events; single_activity_loop,high; medium; medium,"S1 [16:24-19:23, 2.98h]: auto_refresh - Gaps extremely regular: mean=10.0s, std=1.32s across 1068 gaps; excessive_events - 359 events/hr (max=300); single_activity_loop - 100% of events on ""Interactive Content: Reading""",https://glow.paclinks.org/report/log/index.php?chooselog=1&logreader=logstore_standard&id=0&user=7263&date=1772496000
2026-03-10,7263,QN22P0716 NGUYỄN TẤN LÀO,0.85,1,307,0.0,3,0.0,REVIEW REQUIRED,auto_refresh; excessive_events; single_activity_loop,high; medium; medium,"S1 [23:09-00:00, 0.85h]: auto_refresh - Gaps extremely regular: mean=10.0s, std=1.27s across 306 gaps; excessive_events - 362 events/hr (max=300); single_activity_loop - 99% of events on ""Interactive Content: Reading""",https://glow.paclinks.org/report/log/index.php?chooselog=1&logreader=logstore_standard&id=0&user=7263&date=1773100800
2026-03-11,7263,QN22P0716 NGUYỄN TẤN LÀO,0.88,1,312,0.05,3,0.0,REVIEW REQUIRED,auto_refresh; excessive_events; single_activity_loop,medium; medium; medium,"S1 [00:00-00:52, 0.88h]: auto_refresh - 86% of gaps within ±2.0s of mean 10.1s; excessive_events - 357 events/hr (max=300); single_activity_loop - 100% of events on ""Interactive Content: Reading""",https://glow.paclinks.org/report/log/index.php?chooselog=1&logreader=logstore_standard&id=0&user=7263&date=1773187200
2026-03-15,7263,QN22P0716 NGUYỄN TẤN LÀO,4.07,1,1449,0.1,3,0.0,REVIEW REQUIRED,auto_refresh; excessive_events; single_activity_loop,medium; medium; medium,"S1 [19:55-00:00, 4.07h]: auto_refresh - 99% of gaps within ±2.0s of mean 10.1s; excessive_events - 356 events/hr (max=300); single_activity_loop - 100% of events on ""Interactive Content: Reading""",https://glow.paclinks.org/report/log/index.php?chooselog=1&logreader=logstore_standard&id=0&user=7263&date=1773532800
2026-03-16,7263,QN22P0716 NGUYỄN TẤN LÀO,1.91,2,685,0.0,6,0.0,REVIEW REQUIRED,auto_refresh; excessive_events; single_activity_loop,high; medium; medium,"S1 [00:00-00:32, 0.54h]: auto_refresh - Gaps extremely regular: mean=10.0s, std=0.34s across 192 gaps; excessive_events - 360 events/hr (max=300); single_activity_loop - 100% of events on ""Interactive Content: Reading""
S2 [12:04-13:26, 1.37h]: auto_refresh - Gaps extremely regular: mean=10.0s, std=0.80s across 491 gaps; excessive_events - 359 events/hr (max=300); single_activity_loop - 99% of events on ""Interactive Content: Reading""",https://glow.paclinks.org/report/log/index.php?chooselog=1&logreader=logstore_standard&id=0&user=7263&date=1773619200
2026-03-19,7263,QN22P0716 NGUYỄN TẤN LÀO,3.93,1,1416,0.0,3,0.0,REVIEW REQUIRED,auto_refresh; excessive_events; single_activity_loop,high; medium; medium,"S1 [20:04-00:00, 3.93h]: auto_refresh - Gaps extremely regular: mean=10.0s, std=0.50s across 1415 gaps; excessive_events - 361 events/hr (max=300); single_activity_loop - 100% of events on ""Interactive Content: Reading""",https://glow.paclinks.org/report/log/index.php?chooselog=1&logreader=logstore_standard&id=0&user=7263&date=1773878400
2026-03-20,7263,QN22P0716 NGUYỄN TẤN LÀO,0.74,1,266,0.0,3,0.0,REVIEW REQUIRED,auto_refresh; excessive_events; single_activity_loop,high; medium; medium,"S1 [00:00-00:44, 0.74h]: auto_refresh - Gaps extremely regular: mean=10.0s, std=0.25s across 265 gaps; excessive_events - 360 events/hr (max=300); single_activity_loop - 100% of events on ""Interactive Content: Reading""",https://glow.paclinks.org/report/log/index.php?chooselog=1&logreader=logstore_standard&id=0&user=7263&date=1773964800
2026-03-29,7263,QN22P0716 NGUYỄN TẤN LÀO,5.93,1,2128,0.1,3,0.0,REVIEW REQUIRED,auto_refresh; excessive_events; single_activity_loop,medium; medium; medium,"S1 [15:55-21:51, 5.93h]: auto_refresh - 98% of gaps within ±2.0s of mean 10.0s; excessive_events - 359 events/hr (max=300); single_activity_loop - 100% of events on ""Interactive Content: Reading""",https://glow.paclinks.org/report/log/index.php?chooselog=1&logreader=logstore_standard&id=0&user=7263&date=1774742400
2026-03-30,7263,QN22P0716 NGUYỄN TẤN LÀO,1.6,1,578,0.0,3,0.0,REVIEW REQUIRED,auto_refresh; excessive_events; single_activity_loop,high; medium; medium,"S1 [17:40-19:16, 1.60h]: auto_refresh - Gaps extremely regular: mean=10.0s, std=0.60s across 577 gaps; excessive_events - 361 events/hr (max=300); single_activity_loop - 99% of events on ""Interactive Content: Reading""",https://glow.paclinks.org/report/log/index.php?chooselog=1&logreader=logstore_standard&id=0&user=7263&date=1774828800
2026-03-09,7265,QN22P0718 LÂM THỊ KIM ANH,0.18,1,10,0.55,0,0.18,CLEAN,,,,https://glow.paclinks.org/report/log/index.php?chooselog=1&logreader=logstore_standard&id=0&user=7265&date=1773014400
2026-03-17,7265,QN22P0718 LÂM THỊ KIM ANH,0.08,1,8,0.6,0,0.08,CLEAN,,,,https://glow.paclinks.org/report/log/index.php?chooselog=1&logreader=logstore_standard&id=0&user=7265&date=1773705600
2026-03-26,7265,QN22P0718 LÂM THỊ KIM ANH,0.2,1,6,0.55,0,0.2,CLEAN,,,,https://glow.paclinks.org/report/log/index.php?chooselog=1&logreader=logstore_standard&id=0&user=7265&date=1774483200
2026-03-29,7265,QN22P0718 LÂM THỊ KIM ANH,0.22,1,2,0.5,0,0.22,CLEAN,,,,https://glow.paclinks.org/report/log/index.php?chooselog=1&logreader=logstore_standard&id=0&user=7265&date=1774742400
2026-03-26,7275,QN22P0728 NGUYỄN MAI VY,0.2,1,14,0.4,1,0.0,HAS ANOMALIES,single_activity_loop,medium,"S1 [13:54-14:06, 0.20h]: single_activity_loop - 100% of events on ""Assignment: Writing""",https://glow.paclinks.org/report/log/index.php?chooselog=1&logreader=logstore_standard&id=0&user=7275&date=1774483200
2026-03-27,7275,QN22P0728 NGUYỄN MAI VY,0.23,1,14,0.4,1,0.0,HAS ANOMALIES,single_activity_loop,medium,"S1 [19:24-19:38, 0.23h]: single_activity_loop - 100% of events on ""Assignment: Writing""",https://glow.paclinks.org/report/log/index.php?chooselog=1&logreader=logstore_standard&id=0&user=7275&date=1774569600
2026-03-01,7280,QN22P0733 TRẦN NGUYỄN MINH DƯƠNG,3.94,2,1427,0.0,6,0.0,REVIEW REQUIRED,auto_refresh; excessive_events; single_activity_loop,high; medium; medium,"S1 [15:30-16:56, 1.43h]: auto_refresh - Gaps extremely regular: mean=10.0s, std=1.01s across 515 gaps; excessive_events - 361 events/hr (max=300); single_activity_loop - 99% of events on ""Interactive Content: Reading""
S2 [19:03-21:34, 2.52h]: auto_refresh - Gaps extremely regular: mean=9.9s, std=0.76s across 910 gaps; excessive_events - 362 events/hr (max=300); single_activity_loop - 99% of events on ""Interactive Content: Complex Sentences with Noun Clauses II""",https://glow.paclinks.org/report/log/index.php?chooselog=1&logreader=logstore_standard&id=0&user=7280&date=1772323200
2026-03-02,7280,QN22P0733 TRẦN NGUYỄN MINH DƯƠNG,6.6,2,2382,0.0,6,0.0,REVIEW REQUIRED,auto_refresh; excessive_events; single_activity_loop,high; medium; medium,"S1 [13:11-17:08, 3.94h]: auto_refresh - Gaps extremely regular: mean=10.0s, std=0.54s across 1419 gaps; excessive_events - 361 events/hr (max=300); single_activity_loop - 100% of events on ""Interactive Content: Reading""
S2 [19:57-22:36, 2.66h]: auto_refresh - Gaps extremely regular: mean=10.0s, std=0.91s across 961 gaps; excessive_events - 361 events/hr (max=300); single_activity_loop - 99% of events on ""Interactive Content: Compound Sentences II""",https://glow.paclinks.org/report/log/index.php?chooselog=1&logreader=logstore_standard&id=0&user=7280&date=1772409600
2026-03-04,7280,QN22P0733 TRẦN NGUYỄN MINH DƯƠNG,3.15,1,1138,0.0,3,0.0,REVIEW REQUIRED,auto_refresh; excessive_events; single_activity_loop,high; medium; medium,"S1 [20:19-23:28, 3.15h]: auto_refresh - Gaps extremely regular: mean=10.0s, std=0.63s across 1137 gaps; excessive_events - 361 events/hr (max=300); single_activity_loop - 99% of events on ""Interactive Content: Reading""",https://glow.paclinks.org/report/log/index.php?chooselog=1&logreader=logstore_standard&id=0&user=7280&date=1772582400
2026-03-07,7280,QN22P0733 TRẦN NGUYỄN MINH DƯƠNG,2.43,1,856,0.1,3,0.0,REVIEW REQUIRED,auto_refresh; excessive_events; single_activity_loop,medium; medium; medium,"S1 [21:33-23:59, 2.43h]: auto_refresh - 97% of gaps within ±2.0s of mean 10.2s; excessive_events - 352 events/hr (max=300); single_activity_loop - 97% of events on ""Page: Part One Paradigms and Principles""",https://glow.paclinks.org/report/log/index.php?chooselog=1&logreader=logstore_standard&id=0&user=7280&date=1772841600
2026-03-08,7280,QN22P0733 TRẦN NGUYỄN MINH DƯƠNG,6.32,2,2282,0.0,6,0.0,REVIEW REQUIRED,auto_refresh; excessive_events; single_activity_loop,high; medium; medium,"S1 [11:22-12:21, 0.98h]: auto_refresh - Gaps extremely regular: mean=9.9s, std=0.72s across 356 gaps; excessive_events - 362 events/hr (max=300); single_activity_loop - 99% of events on ""Interactive Content: Reading""
S2 [17:21-22:41, 5.33h]: auto_refresh - Gaps extremely regular: mean=10.0s, std=0.56s across 1924 gaps; excessive_events - 361 events/hr (max=300); single_activity_loop - 100% of events on ""Interactive Content: Direct Objects and Indirect Objects II""",https://glow.paclinks.org/report/log/index.php?chooselog=1&logreader=logstore_standard&id=0&user=7280&date=1772928000
2026-03-09,7280,QN22P0733 TRẦN NGUYỄN MINH DƯƠNG,0.44,1,165,0.1,3,0.0,REVIEW REQUIRED,auto_refresh; excessive_events; single_activity_loop,medium; medium; medium,"S1 [12:41-13:07, 0.44h]: auto_refresh - 90% of gaps within ±2.0s of mean 9.7s; excessive_events - 373 events/hr (max=300); single_activity_loop - 93% of events on ""Interactive Content: Reading""",https://glow.paclinks.org/report/log/index.php?chooselog=1&logreader=logstore_standard&id=0&user=7280&date=1773014400
2026-03-11,7280,QN22P0733 TRẦN NGUYỄN MINH DƯƠNG,2.81,2,1016,0.0,6,0.0,REVIEW REQUIRED,auto_refresh; excessive_events; single_activity_loop,high; medium; medium,"S1 [11:48-13:01, 1.22h]: auto_refresh - Gaps extremely regular: mean=10.0s, std=0.90s across 441 gaps; excessive_events - 362 events/hr (max=300); single_activity_loop - 99% of events on ""Interactive Content: Reading""
S2 [20:23-21:58, 1.59h]: auto_refresh - Gaps extremely regular: mean=10.0s, std=0.94s across 573 gaps; excessive_events - 361 events/hr (max=300); single_activity_loop - 99% of events on ""Interactive Content: Reading""",https://glow.paclinks.org/report/log/index.php?chooselog=1&logreader=logstore_standard&id=0&user=7280&date=1773187200
2026-03-13,7280,QN22P0733 TRẦN NGUYỄN MINH DƯƠNG,2.33,1,834,0.1,3,0.0,REVIEW REQUIRED,auto_refresh; excessive_events; single_activity_loop,medium; medium; medium,"S1 [20:33-22:52, 2.33h]: auto_refresh - 95% of gaps within ±2.0s of mean 10.0s; excessive_events - 359 events/hr (max=300); single_activity_loop - 99% of events on ""Interactive Content: Reading""",https://glow.paclinks.org/report/log/index.php?chooselog=1&logreader=logstore_standard&id=0&user=7280&date=1773360000
2026-03-14,7280,QN22P0733 TRẦN NGUYỄN MINH DƯƠNG,4.88,2,1761,0.0,6,0.0,REVIEW REQUIRED,auto_refresh; excessive_events; single_activity_loop,high; medium; medium,"S1 [11:04-13:16, 2.20h]: auto_refresh - Gaps extremely regular: mean=10.0s, std=1.20s across 793 gaps; excessive_events - 361 events/hr (max=300); single_activity_loop - 99% of events on ""Interactive Content: Compound Subjects and Compound Predicat""
S2 [19:44-22:25, 2.68h]: auto_refresh - Gaps extremely regular: mean=10.0s, std=0.78s across 966 gaps; excessive_events - 361 events/hr (max=300); single_activity_loop - 99% of events on ""Interactive Content: Reading""",https://glow.paclinks.org/report/log/index.php?chooselog=1&logreader=logstore_standard&id=0&user=7280&date=1773446400
2026-03-15,7280,QN22P0733 TRẦN NGUYỄN MINH DƯƠNG,7.99,3,2882,0.0,9,0.0,REVIEW REQUIRED,auto_refresh; excessive_events; single_activity_loop,high; medium; medium,"S1 [13:05-13:51, 0.77h]: auto_refresh - Gaps extremely regular: mean=9.9s, std=0.94s across 277 gaps; excessive_events - 363 events/hr (max=300); single_activity_loop - 98% of events on ""Interactive Content: Reading""
S2 [16:25-22:00, 5.59h]: auto_refresh - Gaps extremely regular: mean=10.0s, std=0.38s across 2014 gaps; excessive_events - 360 events/hr (max=300); single_activity_loop - 100% of events on ""Interactive Content: Reading""
S3 [22:21-23:59, 1.63h]: auto_refresh - Gaps extremely regular: mean=10.0s, std=0.46s across 588 gaps; excessive_events - 361 events/hr (max=300); single_activity_loop - 100% of events on ""Interactive Content: Reading""",https://glow.paclinks.org/report/log/index.php?chooselog=1&logreader=logstore_standard&id=0&user=7280&date=1773532800
2026-03-19,7280,QN22P0733 TRẦN NGUYỄN MINH DƯƠNG,6.17,1,2224,0.0,4,0.0,REVIEW REQUIRED,session_too_long; auto_refresh; excessive_events; single_activity_loop,high; high; medium; medium,"S1 [15:10-21:20, 6.17h]: session_too_long - Session duration 6.2h exceeds 6h limit; auto_refresh - Gaps extremely regular: mean=10.0s, std=0.58s across 2223 gaps; excessive_events - 361 events/hr (max=300); single_activity_loop - 100% of events on ""Interactive Content: Reading""",https://glow.paclinks.org/report/log/index.php?chooselog=1&logreader=logstore_standard&id=0&user=7280&date=1773878400
2026-03-20,7280,QN22P0733 TRẦN NGUYỄN MINH DƯƠNG,1.51,1,548,0.0,3,0.0,REVIEW REQUIRED,auto_refresh; excessive_events; single_activity_loop,high; medium; medium,"S1 [21:12-22:43, 1.51h]: auto_refresh - Gaps extremely regular: mean=10.0s, std=0.60s across 547 gaps; excessive_events - 362 events/hr (max=300); single_activity_loop - 99% of events on ""Interactive Content: Reading""",https://glow.paclinks.org/report/log/index.php?chooselog=1&logreader=logstore_standard&id=0&user=7280&date=1773964800
2026-03-21,7280,QN22P0733 TRẦN NGUYỄN MINH DƯƠNG,4.93,1,1777,0.0,3,0.0,REVIEW REQUIRED,auto_refresh; excessive_events; single_activity_loop,high; medium; medium,"S1 [17:29-22:25, 4.93h]: auto_refresh - Gaps extremely regular: mean=10.0s, std=0.72s across 1776 gaps; excessive_events - 360 events/hr (max=300); single_activity_loop - 100% of events on ""Interactive Content: Reading""",https://glow.paclinks.org/report/log/index.php?chooselog=1&logreader=logstore_standard&id=0&user=7280&date=1774051200
2026-03-22,7280,QN22P0733 TRẦN NGUYỄN MINH DƯƠNG,5.06,1,1822,0.0,3,0.0,REVIEW REQUIRED,auto_refresh; excessive_events; single_activity_loop,high; medium; medium,"S1 [17:19-22:22, 5.06h]: auto_refresh - Gaps extremely regular: mean=10.0s, std=0.66s across 1821 gaps; excessive_events - 360 events/hr (max=300); single_activity_loop - 100% of events on ""Interactive Content: Reading""",https://glow.paclinks.org/report/log/index.php?chooselog=1&logreader=logstore_standard&id=0&user=7280&date=1774137600
2026-03-23,7280,QN22P0733 TRẦN NGUYỄN MINH DƯƠNG,3.08,2,1109,0.05,6,0.0,REVIEW REQUIRED,auto_refresh; excessive_events; single_activity_loop,high; medium; medium,"S1 [10:48-12:01, 1.23h]: auto_refresh - 97% of gaps within ±2.0s of mean 10.1s; excessive_events - 358 events/hr (max=300); single_activity_loop - 99% of events on ""Interactive Content: Reading""
S2 [18:53-20:44, 1.85h]: auto_refresh - Gaps extremely regular: mean=9.9s, std=0.88s across 669 gaps; excessive_events - 362 events/hr (max=300); single_activity_loop - 99% of events on ""Interactive Content: Reading""",https://glow.paclinks.org/report/log/index.php?chooselog=1&logreader=logstore_standard&id=0&user=7280&date=1774224000
2026-03-24,7280,QN22P0733 TRẦN NGUYỄN MINH DƯƠNG,4.02,2,1451,0.0,6,0.0,REVIEW REQUIRED,auto_refresh; excessive_events; single_activity_loop,high; medium; medium,"S1 [17:14-20:13, 2.99h]: auto_refresh - Gaps extremely regular: mean=10.0s, std=0.80s across 1078 gaps; excessive_events - 361 events/hr (max=300); single_activity_loop - 100% of events on ""Interactive Content: Reading""
S2 [21:06-22:07, 1.03h]: auto_refresh - Gaps extremely regular: mean=9.9s, std=0.99s across 371 gaps; excessive_events - 362 events/hr (max=300); single_activity_loop - 99% of events on ""Interactive Content: Reading""",https://glow.paclinks.org/report/log/index.php?chooselog=1&logreader=logstore_standard&id=0&user=7280&date=1774310400
2026-03-23,7281,QN22P0734 TRẦN TRUNG ĐỨC,5.39,1,1371,0.25,2,0.0,REVIEW REQUIRED,auto_refresh; single_activity_loop,medium; medium,"S1 [10:05-15:29, 5.39h]: auto_refresh - 98% of gaps within ±2.0s of mean 14.2s; single_activity_loop - 100% of events on ""Interactive Content: Listening""",https://glow.paclinks.org/report/log/index.php?chooselog=1&logreader=logstore_standard&id=0&user=7281&date=1774224000
2026-03-29,7281,QN22P0734 TRẦN TRUNG ĐỨC,0.81,1,10,0.55,0,0.81,CLEAN,,,,https://glow.paclinks.org/report/log/index.php?chooselog=1&logreader=logstore_standard&id=0&user=7281&date=1774742400
2026-03-30,7281,QN22P0734 TRẦN TRUNG ĐỨC,3.66,1,49,0.7,0,3.66,CLEAN,,,,https://glow.paclinks.org/report/log/index.php?chooselog=1&logreader=logstore_standard&id=0&user=7281&date=1774828800
2026-03-02,7464,QN22P0738 HỒ THỊ TRÀ MY,0.41,1,10,0.55,0,0.41,CLEAN,,,,https://glow.paclinks.org/report/log/index.php?chooselog=1&logreader=logstore_standard&id=0&user=7464&date=1772409600
2026-03-05,7464,QN22P0738 HỒ THỊ TRÀ MY,0.32,2,12,0.57,0,0.32,CLEAN,,,,https://glow.paclinks.org/report/log/index.php?chooselog=1&logreader=logstore_standard&id=0&user=7464&date=1772668800
2026-03-09,7464,QN22P0738 HỒ THỊ TRÀ MY,0.09,1,6,0.55,0,0.09,CLEAN,,,,https://glow.paclinks.org/report/log/index.php?chooselog=1&logreader=logstore_standard&id=0&user=7464&date=1773014400
2026-03-13,7464,QN22P0738 HỒ THỊ TRÀ MY,0.33,1,7,0.55,0,0.33,CLEAN,,,,https://glow.paclinks.org/report/log/index.php?chooselog=1&logreader=logstore_standard&id=0&user=7464&date=1773360000
2026-03-14,7464,QN22P0738 HỒ THỊ TRÀ MY,0.07,1,5,0.55,0,0.07,CLEAN,,,,https://glow.paclinks.org/report/log/index.php?chooselog=1&logreader=logstore_standard&id=0&user=7464&date=1773446400
2026-03-16,7464,QN22P0738 HỒ THỊ TRÀ MY,0.14,2,11,0.55,0,0.14,CLEAN,,,,https://glow.paclinks.org/report/log/index.php?chooselog=1&logreader=logstore_standard&id=0&user=7464&date=1773619200
2026-03-25,7464,QN22P0738 HỒ THỊ TRÀ MY,0.07,1,5,0.55,0,0.07,CLEAN,,,,https://glow.paclinks.org/report/log/index.php?chooselog=1&logreader=logstore_standard&id=0&user=7464&date=1774396800
2026-03-02,7643,QN22P0742 Trần Thị Hoa Viên,0.31,1,7,0.55,0,0.31,CLEAN,,,,https://glow.paclinks.org/report/log/index.php?chooselog=1&logreader=logstore_standard&id=0&user=7643&date=1772409600
2026-03-04,7643,QN22P0742 Trần Thị Hoa Viên,0.09,1,4,0.55,0,0.09,CLEAN,,,,https://glow.paclinks.org/report/log/index.php?chooselog=1&logreader=logstore_standard&id=0&user=7643&date=1772582400
2026-03-09,7643,QN22P0742 Trần Thị Hoa Viên,0.06,1,12,0.55,0,0.06,CLEAN,,,,https://glow.paclinks.org/report/log/index.php?chooselog=1&logreader=logstore_standard&id=0&user=7643&date=1773014400
2026-03-11,7643,QN22P0742 Trần Thị Hoa Viên,0.07,1,5,0.55,0,0.07,CLEAN,,,,https://glow.paclinks.org/report/log/index.php?chooselog=1&logreader=logstore_standard&id=0&user=7643&date=1773187200
2026-03-14,7643,QN22P0742 Trần Thị Hoa Viên,1.21,3,13,0.53,0,1.21,CLEAN,,,,https://glow.paclinks.org/report/log/index.php?chooselog=1&logreader=logstore_standard&id=0&user=7643&date=1773446400
2026-03-18,7643,QN22P0742 Trần Thị Hoa Viên,0.09,1,6,0.55,0,0.09,CLEAN,,,,https://glow.paclinks.org/report/log/index.php?chooselog=1&logreader=logstore_standard&id=0&user=7643&date=1773792000
2026-03-20,7643,QN22P0742 Trần Thị Hoa Viên,0.87,2,27,0.57,0,0.87,CLEAN,,,,https://glow.paclinks.org/report/log/index.php?chooselog=1&logreader=logstore_standard&id=0&user=7643&date=1773964800
2026-03-21,7643,QN22P0742 Trần Thị Hoa Viên,0.1,1,11,0.6,0,0.1,CLEAN,,,,https://glow.paclinks.org/report/log/index.php?chooselog=1&logreader=logstore_standard&id=0&user=7643&date=1774051200
2026-03-23,7643,QN22P0742 Trần Thị Hoa Viên,0.52,2,6,0.55,0,0.52,CLEAN,,,,https://glow.paclinks.org/report/log/index.php?chooselog=1&logreader=logstore_standard&id=0&user=7643&date=1774224000
2026-03-24,7643,QN22P0742 Trần Thị Hoa Viên,0.08,1,5,0.55,0,0.08,CLEAN,,,,https://glow.paclinks.org/report/log/index.php?chooselog=1&logreader=logstore_standard&id=0&user=7643&date=1774310400
2026-03-25,7643,QN22P0742 Trần Thị Hoa Viên,0.56,1,11,0.55,0,0.56,CLEAN,,,,https://glow.paclinks.org/report/log/index.php?chooselog=1&logreader=logstore_standard&id=0&user=7643&date=1774396800
2026-03-28,7643,QN22P0742 Trần Thị Hoa Viên,0.14,1,4,0.55,0,0.14,CLEAN,,,,https://glow.paclinks.org/report/log/index.php?chooselog=1&logreader=logstore_standard&id=0&user=7643&date=1774656000
2026-03-01,7645,QN22P0744 Nguyễn Trần Khánh Vy,0.14,1,9,0.65,0,0.14,CLEAN,,,,https://glow.paclinks.org/report/log/index.php?chooselog=1&logreader=logstore_standard&id=0&user=7645&date=1772323200
2026-03-04,7645,QN22P0744 Nguyễn Trần Khánh Vy,0.06,1,10,0.7,0,0.06,CLEAN,,,,https://glow.paclinks.org/report/log/index.php?chooselog=1&logreader=logstore_standard&id=0&user=7645&date=1772582400
2026-03-07,7645,QN22P0744 Nguyễn Trần Khánh Vy,0.13,1,4,0.5,0,0.13,CLEAN,,,,https://glow.paclinks.org/report/log/index.php?chooselog=1&logreader=logstore_standard&id=0&user=7645&date=1772841600
2026-03-22,7645,QN22P0744 Nguyễn Trần Khánh Vy,0.24,2,25,0.55,0,0.24,CLEAN,,,,https://glow.paclinks.org/report/log/index.php?chooselog=1&logreader=logstore_standard&id=0&user=7645&date=1774137600
2026-03-24,7645,QN22P0744 Nguyễn Trần Khánh Vy,0.69,1,40,0.8,0,0.69,CLEAN,,,,https://glow.paclinks.org/report/log/index.php?chooselog=1&logreader=logstore_standard&id=0&user=7645&date=1774310400
2026-03-29,7645,QN22P0744 Nguyễn Trần Khánh Vy,0.18,1,12,0.5,0,0.18,CLEAN,,,,https://glow.paclinks.org/report/log/index.php?chooselog=1&logreader=logstore_standard&id=0&user=7645&date=1774742400
2026-03-03,7646,QN22P0745 Trần Nguyễn Hồng Ngọc,0.35,1,3,0.55,0,0.35,CLEAN,,,,https://glow.paclinks.org/report/log/index.php?chooselog=1&logreader=logstore_standard&id=0&user=7646&date=1772496000
2026-03-04,7646,QN22P0745 Trần Nguyễn Hồng Ngọc,0.43,2,11,0.5,0,0.43,CLEAN,,,,https://glow.paclinks.org/report/log/index.php?chooselog=1&logreader=logstore_standard&id=0&user=7646&date=1772582400
2026-03-09,7646,QN22P0745 Trần Nguyễn Hồng Ngọc,0.2,1,3,0.55,0,0.2,CLEAN,,,,https://glow.paclinks.org/report/log/index.php?chooselog=1&logreader=logstore_standard&id=0&user=7646&date=1773014400
2026-03-10,7646,QN22P0745 Trần Nguyễn Hồng Ngọc,0.25,1,10,0.55,0,0.25,CLEAN,,,,https://glow.paclinks.org/report/log/index.php?chooselog=1&logreader=logstore_standard&id=0&user=7646&date=1773100800
2026-03-20,7646,QN22P0745 Trần Nguyễn Hồng Ngọc,0.3,1,4,0.55,0,0.3,CLEAN,,,,https://glow.paclinks.org/report/log/index.php?chooselog=1&logreader=logstore_standard&id=0&user=7646&date=1773964800
2026-03-31,7646,QN22P0745 Trần Nguyễn Hồng Ngọc,0.06,1,7,0.55,0,0.06,CLEAN,,,,https://glow.paclinks.org/report/log/index.php?chooselog=1&logreader=logstore_standard&id=0&user=7646&date=1774915200
2026-03-29,7639,QN22P0748 Trần Thị Thùy Vy,2.1,1,35,0.55,0,2.1,CLEAN,,,,https://glow.paclinks.org/report/log/index.php?chooselog=1&logreader=logstore_standard&id=0&user=7639&date=1774742400
2026-03-30,7639,QN22P0748 Trần Thị Thùy Vy,3.83,1,60,0.4,1,0.0,HAS ANOMALIES,single_activity_loop,medium,"S1 [17:47-21:37, 3.83h]: single_activity_loop - 93% of events on ""Quiz:  Unit 2 - Word groups &amp; Syllable Stress (1 - 10)""",https://glow.paclinks.org/report/log/index.php?chooselog=1&logreader=logstore_standard&id=0&user=7639&date=1774828800
2026-03-02,7679,QN22P0752 TRẦN THỊ DÂNG,0.81,2,17,0.55,0,0.81,CLEAN,,,,https://glow.paclinks.org/report/log/index.php?chooselog=1&logreader=logstore_standard&id=0&user=7679&date=1772409600
2026-03-27,7679,QN22P0752 TRẦN THỊ DÂNG,1.23,2,22,0.55,0,1.23,CLEAN,,,,https://glow.paclinks.org/report/log/index.php?chooselog=1&logreader=logstore_standard&id=0&user=7679&date=1774569600
2026-03-28,7679,QN22P0752 TRẦN THỊ DÂNG,0.3,1,8,0.55,0,0.3,CLEAN,,,,https://glow.paclinks.org/report/log/index.php?chooselog=1&logreader=logstore_standard&id=0&user=7679&date=1774656000
2026-03-30,7679,QN22P0752 TRẦN THỊ DÂNG,0.3,2,8,0.55,0,0.3,CLEAN,,,,https://glow.paclinks.org/report/log/index.php?chooselog=1&logreader=logstore_standard&id=0&user=7679&date=1774828800
2026-03-31,7679,QN22P0752 TRẦN THỊ DÂNG,0.4,2,10,0.57,0,0.4,CLEAN,,,,https://glow.paclinks.org/report/log/index.php?chooselog=1&logreader=logstore_standard&id=0&user=7679&date=1774915200
2026-03-01,7949,QN23P0755 BÙI NGỌC DIỆP,0.06,1,22,0.65,1,0.0,HAS ANOMALIES,excessive_events,medium,"S1 [19:46-19:50, 0.06h]: excessive_events - 342 events/hr (max=300)",https://glow.paclinks.org/report/log/index.php?chooselog=1&logreader=logstore_standard&id=0&user=7949&date=1772323200
2026-03-04,7949,QN23P0755 BÙI NGỌC DIỆP,0.13,1,8,0.55,0,0.13,CLEAN,,,,https://glow.paclinks.org/report/log/index.php?chooselog=1&logreader=logstore_standard&id=0&user=7949&date=1772582400
2026-03-10,7949,QN23P0755 BÙI NGỌC DIỆP,0.29,2,13,0.55,0,0.29,CLEAN,,,,https://glow.paclinks.org/report/log/index.php?chooselog=1&logreader=logstore_standard&id=0&user=7949&date=1773100800
2026-03-27,7949,QN23P0755 BÙI NGỌC DIỆP,0.26,1,6,0.55,0,0.26,CLEAN,,,,https://glow.paclinks.org/report/log/index.php?chooselog=1&logreader=logstore_standard&id=0&user=7949&date=1774569600
2026-03-15,7951,QN23P0757 TRẦN LỆ QUYÊN,0.32,1,15,0.55,0,0.32,CLEAN,,,,https://glow.paclinks.org/report/log/index.php?chooselog=1&logreader=logstore_standard&id=0&user=7951&date=1773532800
2026-03-16,7951,QN23P0757 TRẦN LỆ QUYÊN,0.37,1,17,0.35,1,0.0,REVIEW REQUIRED,single_activity_loop,medium,"S1 [14:10-14:32, 0.37h]: single_activity_loop - 100% of events on ""Quiz: UNIT 5 Word Groups and Syllable Stress""",https://glow.paclinks.org/report/log/index.php?chooselog=1&logreader=logstore_standard&id=0&user=7951&date=1773619200
2026-03-17,7951,QN23P0757 TRẦN LỆ QUYÊN,0.46,3,36,0.47,1,0.29,HAS ANOMALIES,single_activity_loop,medium,"S3 [19:30-19:40, 0.17h]: single_activity_loop - 100% of events on ""Quiz: UNIT 5 Word Groups and Syllable Stress""",https://glow.paclinks.org/report/log/index.php?chooselog=1&logreader=logstore_standard&id=0&user=7951&date=1773705600
2026-03-18,7951,QN23P0757 TRẦN LỆ QUYÊN,0.13,1,12,0.55,0,0.13,CLEAN,,,,https://glow.paclinks.org/report/log/index.php?chooselog=1&logreader=logstore_standard&id=0&user=7951&date=1773792000
2026-03-19,7951,QN23P0757 TRẦN LỆ QUYÊN,0.1,1,22,0.8,0,0.1,CLEAN,,,,https://glow.paclinks.org/report/log/index.php?chooselog=1&logreader=logstore_standard&id=0&user=7951&date=1773878400
2026-03-21,7951,QN23P0757 TRẦN LỆ QUYÊN,0.24,1,2,0.5,0,0.24,CLEAN,,,,https://glow.paclinks.org/report/log/index.php?chooselog=1&logreader=logstore_standard&id=0&user=7951&date=1774051200
2026-03-25,7951,QN23P0757 TRẦN LỆ QUYÊN,0.57,1,18,0.6,0,0.57,CLEAN,,,,https://glow.paclinks.org/report/log/index.php?chooselog=1&logreader=logstore_standard&id=0&user=7951&date=1774396800
2026-03-26,7951,QN23P0757 TRẦN LỆ QUYÊN,0.48,1,10,0.6,0,0.48,CLEAN,,,,https://glow.paclinks.org/report/log/index.php?chooselog=1&logreader=logstore_standard&id=0&user=7951&date=1774483200
2026-03-01,7952,QN23P0758 NGÔ TRẦN BẢO YÊN,0.45,1,3,0.55,0,0.45,CLEAN,,,,https://glow.paclinks.org/report/log/index.php?chooselog=1&logreader=logstore_standard&id=0&user=7952&date=1772323200
2026-03-09,7952,QN23P0758 NGÔ TRẦN BẢO YÊN,0.97,3,123,0.75,0,0.97,CLEAN,,,,https://glow.paclinks.org/report/log/index.php?chooselog=1&logreader=logstore_standard&id=0&user=7952&date=1773014400
2026-03-27,7952,QN23P0758 NGÔ TRẦN BẢO YÊN,1.92,3,332,0.62,0,1.92,CLEAN,,,,https://glow.paclinks.org/report/log/index.php?chooselog=1&logreader=logstore_standard&id=0&user=7952&date=1774569600
2026-03-28,7952,QN23P0758 NGÔ TRẦN BẢO YÊN,2.22,1,276,0.85,0,2.22,CLEAN,,,,https://glow.paclinks.org/report/log/index.php?chooselog=1&logreader=logstore_standard&id=0&user=7952&date=1774656000
2026-03-30,7952,QN23P0758 NGÔ TRẦN BẢO YÊN,2.0,2,205,0.68,0,2.0,CLEAN,,,,https://glow.paclinks.org/report/log/index.php?chooselog=1&logreader=logstore_standard&id=0&user=7952&date=1774828800
2026-03-18,7956,QN23P0762 PHAN TỀ BÍCH LY,0.15,1,41,0.65,0,0.15,CLEAN,,,,https://glow.paclinks.org/report/log/index.php?chooselog=1&logreader=logstore_standard&id=0&user=7956&date=1773792000
2026-03-19,7958,QN23P0764 NGUYỄN NGỌC HÒA MY,0.29,1,11,0.6,0,0.29,CLEAN,,,,https://glow.paclinks.org/report/log/index.php?chooselog=1&logreader=logstore_standard&id=0&user=7958&date=1773878400
2026-03-20,7958,QN23P0764 NGUYỄN NGỌC HÒA MY,0.77,2,5,0.5,0,0.77,CLEAN,,,,https://glow.paclinks.org/report/log/index.php?chooselog=1&logreader=logstore_standard&id=0&user=7958&date=1773964800
2026-03-21,7958,QN23P0764 NGUYỄN NGỌC HÒA MY,0.47,2,16,0.6,0,0.47,CLEAN,,,,https://glow.paclinks.org/report/log/index.php?chooselog=1&logreader=logstore_standard&id=0&user=7958&date=1774051200
2026-03-24,7958,QN23P0764 NGUYỄN NGỌC HÒA MY,0.15,1,7,0.6,0,0.15,CLEAN,,,,https://glow.paclinks.org/report/log/index.php?chooselog=1&logreader=logstore_standard&id=0&user=7958&date=1774310400
2026-03-29,7960,QN23P0766 TRẦN HỮU QUỐC TRUNG,0.07,1,27,0.45,1,0.0,HAS ANOMALIES,excessive_events,medium,"S1 [17:10-17:14, 0.07h]: excessive_events - 400 events/hr (max=300)",https://glow.paclinks.org/report/log/index.php?chooselog=1&logreader=logstore_standard&id=0&user=7960&date=1774742400
2026-03-06,7964,QN23P0770 VÕ THỊ KỲ DUYÊN,0.48,1,117,0.25,2,0.0,REVIEW REQUIRED,auto_refresh; single_activity_loop,medium; medium,"S1 [21:10-21:39, 0.48h]: auto_refresh - 91% of gaps within ±2.0s of mean 14.8s; single_activity_loop - 97% of events on ""Interactive Content: Reading""",https://glow.paclinks.org/report/log/index.php?chooselog=1&logreader=logstore_standard&id=0&user=7964&date=1772755200
2026-03-09,7964,QN23P0770 VÕ THỊ KỲ DUYÊN,0.29,1,82,0.25,2,0.0,REVIEW REQUIRED,auto_refresh; single_activity_loop,medium; medium,"S1 [20:44-21:01, 0.29h]: auto_refresh - 95% of gaps within ±2.0s of mean 12.9s; single_activity_loop - 96% of events on ""Interactive Content: Reading""",https://glow.paclinks.org/report/log/index.php?chooselog=1&logreader=logstore_standard&id=0&user=7964&date=1773014400
2026-03-11,7964,QN23P0770 VÕ THỊ KỲ DUYÊN,5.75,2,1557,0.25,4,0.0,REVIEW REQUIRED,auto_refresh; single_activity_loop,medium; medium,"S1 [13:25-17:37, 4.20h]: auto_refresh - 99% of gaps within ±2.0s of mean 13.3s; single_activity_loop - 99% of events on ""Interactive Content: Reading""
S2 [21:10-22:43, 1.54h]: auto_refresh - 98% of gaps within ±2.0s of mean 13.4s; single_activity_loop - 99% of events on ""Interactive Content: Reading""",https://glow.paclinks.org/report/log/index.php?chooselog=1&logreader=logstore_standard&id=0&user=7964&date=1773187200
2026-03-15,7964,QN23P0770 VÕ THỊ KỲ DUYÊN,3.23,1,808,0.25,2,0.0,REVIEW REQUIRED,auto_refresh; single_activity_loop,medium; medium,"S1 [19:23-22:36, 3.23h]: auto_refresh - 96% of gaps within ±2.0s of mean 14.4s; single_activity_loop - 100% of events on ""Interactive Content: Reading""",https://glow.paclinks.org/report/log/index.php?chooselog=1&logreader=logstore_standard&id=0&user=7964&date=1773532800
2026-03-16,7964,QN23P0770 VÕ THỊ KỲ DUYÊN,1.51,1,414,0.1,2,0.0,REVIEW REQUIRED,auto_refresh; single_activity_loop,high; medium,"S1 [19:26-20:57, 1.51h]: auto_refresh - Gaps extremely regular: mean=13.1s, std=1.40s across 413 gaps; single_activity_loop - 99% of events on ""Interactive Content: Reading""",https://glow.paclinks.org/report/log/index.php?chooselog=1&logreader=logstore_standard&id=0&user=7964&date=1773619200
2026-03-25,7964,QN23P0770 VÕ THỊ KỲ DUYÊN,0.85,1,235,0.1,2,0.0,REVIEW REQUIRED,auto_refresh; single_activity_loop,high; medium,"S1 [22:28-23:19, 0.85h]: auto_refresh - Gaps extremely regular: mean=13.0s, std=1.31s across 234 gaps; single_activity_loop - 99% of events on ""Interactive Content: Reading""",https://glow.paclinks.org/report/log/index.php?chooselog=1&logreader=logstore_standard&id=0&user=7964&date=1774396800
2026-03-31,7964,QN23P0770 VÕ THỊ KỲ DUYÊN,2.07,1,564,0.1,2,0.0,REVIEW REQUIRED,auto_refresh; single_activity_loop,high; medium,"S1 [21:14-23:18, 2.07h]: auto_refresh - Gaps extremely regular: mean=13.2s, std=1.14s across 563 gaps; single_activity_loop - 99% of events on ""Interactive Content: Reading""",https://glow.paclinks.org/report/log/index.php?chooselog=1&logreader=logstore_standard&id=0&user=7964&date=1774915200
2026-03-01,7966,QN23P0772 VÕ HOÀNG LINH PHƯỢNG,0.57,3,29,0.53,0,0.57,CLEAN,,,,https://glow.paclinks.org/report/log/index.php?chooselog=1&logreader=logstore_standard&id=0&user=7966&date=1772323200
2026-03-02,7966,QN23P0772 VÕ HOÀNG LINH PHƯỢNG,0.3,1,7,0.55,0,0.3,CLEAN,,,,https://glow.paclinks.org/report/log/index.php?chooselog=1&logreader=logstore_standard&id=0&user=7966&date=1772409600
2026-03-07,7966,QN23P0772 VÕ HOÀNG LINH PHƯỢNG,0.15,1,12,0.55,0,0.15,CLEAN,,,,https://glow.paclinks.org/report/log/index.php?chooselog=1&logreader=logstore_standard&id=0&user=7966&date=1772841600
2026-03-08,7966,QN23P0772 VÕ HOÀNG LINH PHƯỢNG,0.28,1,8,0.55,0,0.28,CLEAN,,,,https://glow.paclinks.org/report/log/index.php?chooselog=1&logreader=logstore_standard&id=0&user=7966&date=1772928000
2026-03-09,7966,QN23P0772 VÕ HOÀNG LINH PHƯỢNG,0.21,1,2,0.5,0,0.21,CLEAN,,,,https://glow.paclinks.org/report/log/index.php?chooselog=1&logreader=logstore_standard&id=0&user=7966&date=1773014400
2026-03-10,7966,QN23P0772 VÕ HOÀNG LINH PHƯỢNG,0.89,1,15,0.55,0,0.89,CLEAN,,,,https://glow.paclinks.org/report/log/index.php?chooselog=1&logreader=logstore_standard&id=0&user=7966&date=1773100800
2026-03-11,7966,QN23P0772 VÕ HOÀNG LINH PHƯỢNG,0.82,3,11,0.52,0,0.82,CLEAN,,,,https://glow.paclinks.org/report/log/index.php?chooselog=1&logreader=logstore_standard&id=0&user=7966&date=1773187200
2026-03-12,7966,QN23P0772 VÕ HOÀNG LINH PHƯỢNG,0.73,2,11,0.53,0,0.73,CLEAN,,,,https://glow.paclinks.org/report/log/index.php?chooselog=1&logreader=logstore_standard&id=0&user=7966&date=1773273600
2026-03-15,7966,QN23P0772 VÕ HOÀNG LINH PHƯỢNG,0.08,1,8,0.55,0,0.08,CLEAN,,,,https://glow.paclinks.org/report/log/index.php?chooselog=1&logreader=logstore_standard&id=0&user=7966&date=1773532800
2026-03-16,7966,QN23P0772 VÕ HOÀNG LINH PHƯỢNG,0.07,1,15,0.65,0,0.07,CLEAN,,,,https://glow.paclinks.org/report/log/index.php?chooselog=1&logreader=logstore_standard&id=0&user=7966&date=1773619200
2026-03-20,7966,QN23P0772 VÕ HOÀNG LINH PHƯỢNG,0.18,1,11,0.55,0,0.18,CLEAN,,,,https://glow.paclinks.org/report/log/index.php?chooselog=1&logreader=logstore_standard&id=0&user=7966&date=1773964800
2026-03-22,7966,QN23P0772 VÕ HOÀNG LINH PHƯỢNG,0.06,1,9,0.55,0,0.06,CLEAN,,,,https://glow.paclinks.org/report/log/index.php?chooselog=1&logreader=logstore_standard&id=0&user=7966&date=1774137600
2026-03-28,7966,QN23P0772 VÕ HOÀNG LINH PHƯỢNG,0.05,1,10,0.55,0,0.05,CLEAN,,,,https://glow.paclinks.org/report/log/index.php?chooselog=1&logreader=logstore_standard&id=0&user=7966&date=1774656000
2026-03-06,7969,QN23P0775 NGUYỄN THẢO VY,0.34,2,13,0.55,0,0.34,CLEAN,,,,https://glow.paclinks.org/report/log/index.php?chooselog=1&logreader=logstore_standard&id=0&user=7969&date=1772755200
2026-03-10,7969,QN23P0775 NGUYỄN THẢO VY,0.6,3,29,0.52,1,0.22,HAS ANOMALIES,single_activity_loop,medium,"S2 [16:05-16:28, 0.38h]: single_activity_loop - 100% of events on ""Quiz: Unit 1 - Word groups &amp; Syllable Stress (1 - 10)""",https://glow.paclinks.org/report/log/index.php?chooselog=1&logreader=logstore_standard&id=0&user=7969&date=1773100800
2026-03-13,7969,QN23P0775 NGUYỄN THẢO VY,0.07,1,8,0.6,0,0.07,CLEAN,,,,https://glow.paclinks.org/report/log/index.php?chooselog=1&logreader=logstore_standard&id=0&user=7969&date=1773360000
2026-03-27,7969,QN23P0775 NGUYỄN THẢO VY,0.56,1,9,0.55,0,0.56,CLEAN,,,,https://glow.paclinks.org/report/log/index.php?chooselog=1&logreader=logstore_standard&id=0&user=7969&date=1774569600
2026-03-06,7973,QN23P0779 LÊ HỒ ÁNH NHI,0.07,1,30,0.5,1,0.0,HAS ANOMALIES,excessive_events,medium,"S1 [21:15-21:19, 0.07h]: excessive_events - 437 events/hr (max=300)",https://glow.paclinks.org/report/log/index.php?chooselog=1&logreader=logstore_standard&id=0&user=7973&date=1772755200
2026-03-23,7973,QN23P0779 LÊ HỒ ÁNH NHI,0.52,1,7,0.6,0,0.52,CLEAN,,,,https://glow.paclinks.org/report/log/index.php?chooselog=1&logreader=logstore_standard&id=0&user=7973&date=1774224000
2026-03-24,7973,QN23P0779 LÊ HỒ ÁNH NHI,0.67,2,17,0.6,0,0.67,CLEAN,,,,https://glow.paclinks.org/report/log/index.php?chooselog=1&logreader=logstore_standard&id=0&user=7973&date=1774310400
2026-03-25,7973,QN23P0779 LÊ HỒ ÁNH NHI,0.35,2,13,0.62,0,0.35,CLEAN,,,,https://glow.paclinks.org/report/log/index.php?chooselog=1&logreader=logstore_standard&id=0&user=7973&date=1774396800
2026-03-27,7973,QN23P0779 LÊ HỒ ÁNH NHI,0.59,1,6,0.55,0,0.59,CLEAN,,,,https://glow.paclinks.org/report/log/index.php?chooselog=1&logreader=logstore_standard&id=0&user=7973&date=1774569600
2026-03-28,7973,QN23P0779 LÊ HỒ ÁNH NHI,0.19,2,30,0.6,0,0.19,CLEAN,,,,https://glow.paclinks.org/report/log/index.php?chooselog=1&logreader=logstore_standard&id=0&user=7973&date=1774656000
2026-03-29,7973,QN23P0779 LÊ HỒ ÁNH NHI,0.27,2,21,0.65,0,0.27,CLEAN,,,,https://glow.paclinks.org/report/log/index.php?chooselog=1&logreader=logstore_standard&id=0&user=7973&date=1774742400
2026-03-01,7975,QN23P0781 PHẠM THỊ YẾN NHI,0.07,1,6,0.55,0,0.07,CLEAN,,,,https://glow.paclinks.org/report/log/index.php?chooselog=1&logreader=logstore_standard&id=0&user=7975&date=1772323200
2026-03-04,7975,QN23P0781 PHẠM THỊ YẾN NHI,0.11,1,6,0.55,0,0.11,CLEAN,,,,https://glow.paclinks.org/report/log/index.php?chooselog=1&logreader=logstore_standard&id=0&user=7975&date=1772582400
2026-03-05,7975,QN23P0781 PHẠM THỊ YẾN NHI,0.17,1,5,0.55,0,0.17,CLEAN,,,,https://glow.paclinks.org/report/log/index.php?chooselog=1&logreader=logstore_standard&id=0&user=7975&date=1772668800
2026-03-07,7975,QN23P0781 PHẠM THỊ YẾN NHI,0.76,3,16,0.53,0,0.76,CLEAN,,,,https://glow.paclinks.org/report/log/index.php?chooselog=1&logreader=logstore_standard&id=0&user=7975&date=1772841600
2026-03-09,7975,QN23P0781 PHẠM THỊ YẾN NHI,0.5,2,16,0.55,0,0.5,CLEAN,,,,https://glow.paclinks.org/report/log/index.php?chooselog=1&logreader=logstore_standard&id=0&user=7975&date=1773014400
2026-03-12,7975,QN23P0781 PHẠM THỊ YẾN NHI,0.6,4,49,0.56,0,0.6,CLEAN,,,,https://glow.paclinks.org/report/log/index.php?chooselog=1&logreader=logstore_standard&id=0&user=7975&date=1773273600
2026-03-13,7975,QN23P0781 PHẠM THỊ YẾN NHI,0.08,1,6,0.55,0,0.08,CLEAN,,,,https://glow.paclinks.org/report/log/index.php?chooselog=1&logreader=logstore_standard&id=0&user=7975&date=1773360000
2026-03-14,7975,QN23P0781 PHẠM THỊ YẾN NHI,0.45,3,26,0.55,0,0.45,CLEAN,,,,https://glow.paclinks.org/report/log/index.php?chooselog=1&logreader=logstore_standard&id=0&user=7975&date=1773446400
2026-03-15,7975,QN23P0781 PHẠM THỊ YẾN NHI,0.19,1,11,0.55,0,0.19,CLEAN,,,,https://glow.paclinks.org/report/log/index.php?chooselog=1&logreader=logstore_standard&id=0&user=7975&date=1773532800
2026-03-16,7975,QN23P0781 PHẠM THỊ YẾN NHI,0.07,1,7,0.55,0,0.07,CLEAN,,,,https://glow.paclinks.org/report/log/index.php?chooselog=1&logreader=logstore_standard&id=0&user=7975&date=1773619200
2026-03-17,7975,QN23P0781 PHẠM THỊ YẾN NHI,0.05,1,10,0.55,0,0.05,CLEAN,,,,https://glow.paclinks.org/report/log/index.php?chooselog=1&logreader=logstore_standard&id=0&user=7975&date=1773705600
2026-03-18,7975,QN23P0781 PHẠM THỊ YẾN NHI,0.06,1,6,0.55,0,0.06,CLEAN,,,,https://glow.paclinks.org/report/log/index.php?chooselog=1&logreader=logstore_standard&id=0&user=7975&date=1773792000
2026-03-20,7975,QN23P0781 PHẠM THỊ YẾN NHI,0.19,2,8,0.55,0,0.19,CLEAN,,,,https://glow.paclinks.org/report/log/index.php?chooselog=1&logreader=logstore_standard&id=0&user=7975&date=1773964800
2026-03-21,7975,QN23P0781 PHẠM THỊ YẾN NHI,0.07,1,10,0.55,0,0.07,CLEAN,,,,https://glow.paclinks.org/report/log/index.php?chooselog=1&logreader=logstore_standard&id=0&user=7975&date=1774051200
2026-03-26,7975,QN23P0781 PHẠM THỊ YẾN NHI,0.68,2,19,0.55,0,0.68,CLEAN,,,,https://glow.paclinks.org/report/log/index.php?chooselog=1&logreader=logstore_standard&id=0&user=7975&date=1774483200
2026-03-27,7975,QN23P0781 PHẠM THỊ YẾN NHI,0.21,2,11,0.55,0,0.21,CLEAN,,,,https://glow.paclinks.org/report/log/index.php?chooselog=1&logreader=logstore_standard&id=0&user=7975&date=1774569600
2026-03-28,7975,QN23P0781 PHẠM THỊ YẾN NHI,0.67,3,68,0.58,0,0.67,CLEAN,,,,https://glow.paclinks.org/report/log/index.php?chooselog=1&logreader=logstore_standard&id=0&user=7975&date=1774656000
2026-03-30,7975,QN23P0781 PHẠM THỊ YẾN NHI,0.62,3,21,0.55,0,0.62,CLEAN,,,,https://glow.paclinks.org/report/log/index.php?chooselog=1&logreader=logstore_standard&id=0&user=7975&date=1774828800
2026-03-31,7975,QN23P0781 PHẠM THỊ YẾN NHI,0.24,2,21,0.55,0,0.24,CLEAN,,,,https://glow.paclinks.org/report/log/index.php?chooselog=1&logreader=logstore_standard&id=0&user=7975&date=1774915200
2026-03-03,7976,QN23P0782 LÊ NGUYỄN PHƯƠNG TRINH,0.23,1,30,0.65,0,0.23,CLEAN,,,,https://glow.paclinks.org/report/log/index.php?chooselog=1&logreader=logstore_standard&id=0&user=7976&date=1772496000
2026-03-01,7978,QN23P0784 NGUYỄN THỊ XINH XINH,0.36,2,13,0.53,0,0.36,CLEAN,,,,https://glow.paclinks.org/report/log/index.php?chooselog=1&logreader=logstore_standard&id=0&user=7978&date=1772323200
2026-03-02,7978,QN23P0784 NGUYỄN THỊ XINH XINH,0.55,2,14,0.53,0,0.55,CLEAN,,,,https://glow.paclinks.org/report/log/index.php?chooselog=1&logreader=logstore_standard&id=0&user=7978&date=1772409600
2026-03-10,7978,QN23P0784 NGUYỄN THỊ XINH XINH,0.12,1,11,0.55,0,0.12,CLEAN,,,,https://glow.paclinks.org/report/log/index.php?chooselog=1&logreader=logstore_standard&id=0&user=7978&date=1773100800
2026-03-11,7978,QN23P0784 NGUYỄN THỊ XINH XINH,0.29,1,7,0.55,0,0.29,CLEAN,,,,https://glow.paclinks.org/report/log/index.php?chooselog=1&logreader=logstore_standard&id=0&user=7978&date=1773187200
2026-03-12,7978,QN23P0784 NGUYỄN THỊ XINH XINH,0.29,1,3,0.5,0,0.29,CLEAN,,,,https://glow.paclinks.org/report/log/index.php?chooselog=1&logreader=logstore_standard&id=0&user=7978&date=1773273600
2026-03-16,7978,QN23P0784 NGUYỄN THỊ XINH XINH,0.06,1,10,0.55,0,0.06,CLEAN,,,,https://glow.paclinks.org/report/log/index.php?chooselog=1&logreader=logstore_standard&id=0&user=7978&date=1773619200
2026-03-22,7978,QN23P0784 NGUYỄN THỊ XINH XINH,0.08,1,7,0.55,0,0.08,CLEAN,,,,https://glow.paclinks.org/report/log/index.php?chooselog=1&logreader=logstore_standard&id=0&user=7978&date=1774137600
2026-03-24,7978,QN23P0784 NGUYỄN THỊ XINH XINH,0.05,1,2,0.5,0,0.05,CLEAN,,,,https://glow.paclinks.org/report/log/index.php?chooselog=1&logreader=logstore_standard&id=0&user=7978&date=1774310400
2026-03-13,7981,QN23P0787 PHẠM THỊ MỸ LINH,0.27,1,16,0.6,0,0.27,CLEAN,,,,https://glow.paclinks.org/report/log/index.php?chooselog=1&logreader=logstore_standard&id=0&user=7981&date=1773360000
2026-03-27,7989,QN23P0795 LÝ THỊ TRÚC QUỲNH,0.34,2,25,0.57,0,0.34,CLEAN,,,,https://glow.paclinks.org/report/log/index.php?chooselog=1&logreader=logstore_standard&id=0&user=7989&date=1774569600
2026-03-29,7989,QN23P0795 LÝ THỊ TRÚC QUỲNH,2.56,2,63,0.57,0,2.56,CLEAN,,,,https://glow.paclinks.org/report/log/index.php?chooselog=1&logreader=logstore_standard&id=0&user=7989&date=1774742400
2026-03-31,7989,QN23P0795 LÝ THỊ TRÚC QUỲNH,0.84,3,31,0.57,0,0.84,CLEAN,,,,https://glow.paclinks.org/report/log/index.php?chooselog=1&logreader=logstore_standard&id=0&user=7989&date=1774915200
2026-03-17,7990,QN23P0796 NGUYỄN TRẦN NHƯ HÒA,0.1,1,6,0.55,0,0.1,CLEAN,,,,https://glow.paclinks.org/report/log/index.php?chooselog=1&logreader=logstore_standard&id=0&user=7990&date=1773705600
2026-03-19,7990,QN23P0796 NGUYỄN TRẦN NHƯ HÒA,0.2,1,7,0.55,0,0.2,CLEAN,,,,https://glow.paclinks.org/report/log/index.php?chooselog=1&logreader=logstore_standard&id=0&user=7990&date=1773878400
2026-03-21,7990,QN23P0796 NGUYỄN TRẦN NHƯ HÒA,1.25,1,95,0.8,0,1.25,CLEAN,,,,https://glow.paclinks.org/report/log/index.php?chooselog=1&logreader=logstore_standard&id=0&user=7990&date=1774051200
2026-03-26,7990,QN23P0796 NGUYỄN TRẦN NHƯ HÒA,0.27,1,16,0.55,0,0.27,CLEAN,,,,https://glow.paclinks.org/report/log/index.php?chooselog=1&logreader=logstore_standard&id=0&user=7990&date=1774483200
2026-03-27,7990,QN23P0796 NGUYỄN TRẦN NHƯ HÒA,0.07,1,6,0.55,0,0.07,CLEAN,,,,https://glow.paclinks.org/report/log/index.php?chooselog=1&logreader=logstore_standard&id=0&user=7990&date=1774569600
2026-03-29,7990,QN23P0796 NGUYỄN TRẦN NHƯ HÒA,0.19,2,11,0.55,0,0.19,CLEAN,,,,https://glow.paclinks.org/report/log/index.php?chooselog=1&logreader=logstore_standard&id=0&user=7990&date=1774742400
2026-03-24,8160,QN23P0798 ĐINH HOÀNG KHÁNH NGỌC,0.81,2,42,0.57,1,0.15,HAS ANOMALIES,single_activity_loop,medium,"S2 [22:24-23:04, 0.66h]: single_activity_loop - 94% of events on ""Quiz: UNIT 4 Sounds/Minimal Pairs""",https://glow.paclinks.org/report/log/index.php?chooselog=1&logreader=logstore_standard&id=0&user=8160&date=1774310400
2026-03-31,8160,QN23P0798 ĐINH HOÀNG KHÁNH NGỌC,1.07,2,55,0.42,2,0.0,HAS ANOMALIES,single_activity_loop,medium,"S1 [20:35-20:53, 0.30h]: single_activity_loop - 100% of events on ""Quiz: Unit 4 Key Vocabulary""
S2 [21:10-21:56, 0.77h]: single_activity_loop - 96% of events on ""Quiz: Unit 4 Key Vocabulary""",https://glow.paclinks.org/report/log/index.php?chooselog=1&logreader=logstore_standard&id=0&user=8160&date=1774915200
2026-03-01,8346,QN23P0802 Trương Vỹ Nguyên,2.64,2,433,0.33,3,0.0,REVIEW REQUIRED,single_activity_loop; excessive_events,medium; medium,"S1 [09:14-11:47, 2.55h]: single_activity_loop - 100% of events on ""Interactive Content: Reading""
S2 [16:09-16:14, 0.09h]: excessive_events - 322 events/hr (max=300); single_activity_loop - 93% of events on ""Interactive Content: Reading""",https://glow.paclinks.org/report/log/index.php?chooselog=1&logreader=logstore_standard&id=0&user=8346&date=1772323200
2026-03-07,8346,QN23P0802 Trương Vỹ Nguyên,0.38,2,102,0.15,4,0.0,REVIEW REQUIRED,auto_refresh; single_activity_loop,high; medium,"S1 [08:55-09:00, 0.09h]: auto_refresh - Gaps extremely regular: mean=13.0s, std=1.00s across 24 gaps; single_activity_loop - 100% of events on ""Interactive Content: Reading""
S2 [14:09-14:26, 0.29h]: auto_refresh - 97% of gaps within ±2.0s of mean 13.3s; single_activity_loop - 99% of events on ""Interactive Content: Reading""",https://glow.paclinks.org/report/log/index.php?chooselog=1&logreader=logstore_standard&id=0&user=8346&date=1772841600
2026-03-17,8346,QN23P0802 Trương Vỹ Nguyên,1.4,1,342,0.4,1,0.0,HAS ANOMALIES,single_activity_loop,medium,"S1 [22:17-23:41, 1.40h]: single_activity_loop - 100% of events on ""Interactive Content: Reading""",https://glow.paclinks.org/report/log/index.php?chooselog=1&logreader=logstore_standard&id=0&user=8346&date=1773705600
2026-03-20,8346,QN23P0802 Trương Vỹ Nguyên,1.05,1,175,0.4,1,0.0,HAS ANOMALIES,single_activity_loop,medium,"S1 [21:42-22:46, 1.05h]: single_activity_loop - 98% of events on ""Interactive Content: Reading""",https://glow.paclinks.org/report/log/index.php?chooselog=1&logreader=logstore_standard&id=0&user=8346&date=1773964800
2026-03-29,8346,QN23P0802 Trương Vỹ Nguyên,1.31,1,289,0.4,1,0.0,HAS ANOMALIES,single_activity_loop,medium,"S1 [20:12-21:31, 1.31h]: single_activity_loop - 100% of events on ""Interactive Content: Reading""",https://glow.paclinks.org/report/log/index.php?chooselog=1&logreader=logstore_standard&id=0&user=8346&date=1774742400
2026-03-10,8369,QN23S0001 Nguyen Trong Hoa,0.1,1,8,0.65,0,0.1,CLEAN,,,,https://glow.paclinks.org/report/log/index.php?chooselog=1&logreader=logstore_standard&id=0&user=8369&date=1773100800
2026-03-18,8369,QN23S0001 Nguyen Trong Hoa,0.15,1,23,0.65,0,0.15,CLEAN,,,,https://glow.paclinks.org/report/log/index.php?chooselog=1&logreader=logstore_standard&id=0&user=8369&date=1773792000
2026-03-25,8370,QN23S0002 Mai Thi Kim Duyen,4.89,5,163,0.46,3,0.46,HAS ANOMALIES,single_activity_loop,medium,"S1 [08:56-10:55, 1.97h]: single_activity_loop - 94% of events on ""Page: Listening - WATCH THIS FIRST""
S2 [12:35-13:37, 1.04h]: single_activity_loop - 97% of events on ""Page: Listening - WATCH THIS FIRST""
S5 [18:04-19:30, 1.42h]: single_activity_loop - 100% of events on ""Interactive Content: Let role-play""",https://glow.paclinks.org/report/log/index.php?chooselog=1&logreader=logstore_standard&id=0&user=8370&date=1774396800
2026-03-07,8371,QN23S0003 Hoang Thi Duyen,0.49,1,22,0.55,0,0.49,CLEAN,,,,https://glow.paclinks.org/report/log/index.php?chooselog=1&logreader=logstore_standard&id=0&user=8371&date=1772841600
2026-03-27,8371,QN23S0003 Hoang Thi Duyen,0.98,1,58,0.6,0,0.98,CLEAN,,,,https://glow.paclinks.org/report/log/index.php?chooselog=1&logreader=logstore_standard&id=0&user=8371&date=1774569600
2026-03-01,8380,QN23S0006 Le Xuan Tien,1.99,2,134,0.7,0,1.99,CLEAN,,,,https://glow.paclinks.org/report/log/index.php?chooselog=1&logreader=logstore_standard&id=0&user=8380&date=1772323200
2026-03-02,8380,QN23S0006 Le Xuan Tien,0.11,1,10,0.55,0,0.11,CLEAN,,,,https://glow.paclinks.org/report/log/index.php?chooselog=1&logreader=logstore_standard&id=0&user=8380&date=1772409600
2026-03-04,8380,QN23S0006 Le Xuan Tien,0.07,1,7,0.6,0,0.07,CLEAN,,,,https://glow.paclinks.org/report/log/index.php?chooselog=1&logreader=logstore_standard&id=0&user=8380&date=1772582400
2026-03-11,8380,QN23S0006 Le Xuan Tien,0.16,1,5,0.6,0,0.16,CLEAN,,,,https://glow.paclinks.org/report/log/index.php?chooselog=1&logreader=logstore_standard&id=0&user=8380&date=1773187200
2026-03-14,8380,QN23S0006 Le Xuan Tien,0.43,1,45,0.85,0,0.43,CLEAN,,,,https://glow.paclinks.org/report/log/index.php?chooselog=1&logreader=logstore_standard&id=0&user=8380&date=1773446400
2026-03-18,8380,QN23S0006 Le Xuan Tien,1.12,1,24,0.55,0,1.12,CLEAN,,,,https://glow.paclinks.org/report/log/index.php?chooselog=1&logreader=logstore_standard&id=0&user=8380&date=1773792000
2026-03-30,8380,QN23S0006 Le Xuan Tien,3.41,3,143,0.58,0,3.41,CLEAN,,,,https://glow.paclinks.org/report/log/index.php?chooselog=1&logreader=logstore_standard&id=0&user=8380&date=1774828800
2026-03-31,8380,QN23S0006 Le Xuan Tien,0.54,4,48,0.57,0,0.54,CLEAN,,,,https://glow.paclinks.org/report/log/index.php?chooselog=1&logreader=logstore_standard&id=0&user=8380&date=1774915200
2026-03-01,8382,QN23S0008 Tran Thi My Tam,0.27,1,14,0.6,0,0.27,CLEAN,,,,https://glow.paclinks.org/report/log/index.php?chooselog=1&logreader=logstore_standard&id=0&user=8382&date=1772323200
2026-03-09,8382,QN23S0008 Tran Thi My Tam,0.06,1,16,0.6,0,0.06,CLEAN,,,,https://glow.paclinks.org/report/log/index.php?chooselog=1&logreader=logstore_standard&id=0&user=8382&date=1773014400
2026-03-10,8382,QN23S0008 Tran Thi My Tam,0.31,2,21,0.6,0,0.31,CLEAN,,,,https://glow.paclinks.org/report/log/index.php?chooselog=1&logreader=logstore_standard&id=0&user=8382&date=1773100800
2026-03-15,8382,QN23S0008 Tran Thi My Tam,0.34,1,15,0.6,0,0.34,CLEAN,,,,https://glow.paclinks.org/report/log/index.php?chooselog=1&logreader=logstore_standard&id=0&user=8382&date=1773532800
2026-03-16,8382,QN23S0008 Tran Thi My Tam,0.17,1,4,0.5,0,0.17,CLEAN,,,,https://glow.paclinks.org/report/log/index.php?chooselog=1&logreader=logstore_standard&id=0&user=8382&date=1773619200
2026-03-24,8382,QN23S0008 Tran Thi My Tam,0.07,1,4,0.6,0,0.07,CLEAN,,,,https://glow.paclinks.org/report/log/index.php?chooselog=1&logreader=logstore_standard&id=0&user=8382&date=1774310400
2026-03-11,8548,QN24P0806 HỒ QUỐC HUY,0.06,1,5,0.55,0,0.06,CLEAN,,,,https://glow.paclinks.org/report/log/index.php?chooselog=1&logreader=logstore_standard&id=0&user=8548&date=1773187200
2026-03-13,8548,QN24P0806 HỒ QUỐC HUY,0.19,1,5,0.55,0,0.19,CLEAN,,,,https://glow.paclinks.org/report/log/index.php?chooselog=1&logreader=logstore_standard&id=0&user=8548&date=1773360000
2026-03-19,8548,QN24P0806 HỒ QUỐC HUY,0.05,1,5,0.55,0,0.05,CLEAN,,,,https://glow.paclinks.org/report/log/index.php?chooselog=1&logreader=logstore_standard&id=0&user=8548&date=1773878400
2026-03-17,8551,QN24P0809 TRẦN THỊ TÂM,1.56,1,10,0.55,0,1.56,CLEAN,,,,https://glow.paclinks.org/report/log/index.php?chooselog=1&logreader=logstore_standard&id=0&user=8551&date=1773705600
2026-03-01,8552,QN24P0810 NGUYỄN THỊ ÁI NHI,0.45,2,45,0.6,0,0.45,CLEAN,,,,https://glow.paclinks.org/report/log/index.php?chooselog=1&logreader=logstore_standard&id=0&user=8552&date=1772323200
2026-03-02,8552,QN24P0810 NGUYỄN THỊ ÁI NHI,0.3,1,9,0.55,0,0.3,CLEAN,,,,https://glow.paclinks.org/report/log/index.php?chooselog=1&logreader=logstore_standard&id=0&user=8552&date=1772409600
2026-03-15,8552,QN24P0810 NGUYỄN THỊ ÁI NHI,0.84,1,30,0.65,0,0.84,CLEAN,,,,https://glow.paclinks.org/report/log/index.php?chooselog=1&logreader=logstore_standard&id=0&user=8552&date=1773532800
2026-03-18,8552,QN24P0810 NGUYỄN THỊ ÁI NHI,0.09,1,14,0.5,0,0.09,CLEAN,,,,https://glow.paclinks.org/report/log/index.php?chooselog=1&logreader=logstore_standard&id=0&user=8552&date=1773792000
2026-03-21,8552,QN24P0810 NGUYỄN THỊ ÁI NHI,0.92,2,35,0.65,0,0.92,CLEAN,,,,https://glow.paclinks.org/report/log/index.php?chooselog=1&logreader=logstore_standard&id=0&user=8552&date=1774051200
2026-03-26,8552,QN24P0810 NGUYỄN THỊ ÁI NHI,0.41,1,12,0.55,0,0.41,CLEAN,,,,https://glow.paclinks.org/report/log/index.php?chooselog=1&logreader=logstore_standard&id=0&user=8552&date=1774483200
2026-03-04,8555,QN24P0813 NGUYỄN NGỌC THIÊN AN,0.12,1,26,0.55,0,0.12,CLEAN,,,,https://glow.paclinks.org/report/log/index.php?chooselog=1&logreader=logstore_standard&id=0&user=8555&date=1772582400
2026-03-24,8555,QN24P0813 NGUYỄN NGỌC THIÊN AN,1.73,1,77,0.85,0,1.73,CLEAN,,,,https://glow.paclinks.org/report/log/index.php?chooselog=1&logreader=logstore_standard&id=0&user=8555&date=1774310400
2026-03-25,8555,QN24P0813 NGUYỄN NGỌC THIÊN AN,0.12,1,7,0.55,0,0.12,CLEAN,,,,https://glow.paclinks.org/report/log/index.php?chooselog=1&logreader=logstore_standard&id=0&user=8555&date=1774396800
2026-03-26,8555,QN24P0813 NGUYỄN NGỌC THIÊN AN,2.81,2,151,0.75,0,2.81,CLEAN,,,,https://glow.paclinks.org/report/log/index.php?chooselog=1&logreader=logstore_standard&id=0&user=8555&date=1774483200
2026-03-27,8555,QN24P0813 NGUYỄN NGỌC THIÊN AN,0.87,3,46,0.57,0,0.87,CLEAN,,,,https://glow.paclinks.org/report/log/index.php?chooselog=1&logreader=logstore_standard&id=0&user=8555&date=1774569600
2026-03-28,8555,QN24P0813 NGUYỄN NGỌC THIÊN AN,5.92,11,401,0.65,1,5.82,HAS ANOMALIES,excessive_events,medium,"S5 [14:37-14:43, 0.10h]: excessive_events - 346 events/hr (max=300)",https://glow.paclinks.org/report/log/index.php?chooselog=1&logreader=logstore_standard&id=0&user=8555&date=1774656000
2026-03-29,8555,QN24P0813 NGUYỄN NGỌC THIÊN AN,4.68,8,219,0.61,1,4.56,HAS ANOMALIES,excessive_events,medium,"S7 [20:41-20:48, 0.12h]: excessive_events - 307 events/hr (max=300)",https://glow.paclinks.org/report/log/index.php?chooselog=1&logreader=logstore_standard&id=0&user=8555&date=1774742400
2026-03-30,8555,QN24P0813 NGUYỄN NGỌC THIÊN AN,1.35,4,72,0.62,0,1.35,CLEAN,,,,https://glow.paclinks.org/report/log/index.php?chooselog=1&logreader=logstore_standard&id=0&user=8555&date=1774828800
2026-03-31,8555,QN24P0813 NGUYỄN NGỌC THIÊN AN,1.58,5,67,0.51,2,0.51,HAS ANOMALIES,excessive_events; single_activity_loop,medium; medium,"S2 [09:42-09:46, 0.06h]: excessive_events - 491 events/hr (max=300)
S3 [10:06-11:07, 1.00h]: single_activity_loop - 100% of events on ""Quiz:  Unit 3 - Key Vocabulary (1 - 10)""",https://glow.paclinks.org/report/log/index.php?chooselog=1&logreader=logstore_standard&id=0&user=8555&date=1774915200
2026-03-04,8557,QN24P0815 NGUYỄN THỊ THU YÊN,0.12,1,20,0.55,0,0.12,CLEAN,,,,https://glow.paclinks.org/report/log/index.php?chooselog=1&logreader=logstore_standard&id=0&user=8557&date=1772582400
2026-03-01,7656,QN24P0816 Đinh Thị Lan Anh,0.25,1,14,0.6,0,0.25,CLEAN,,,,https://glow.paclinks.org/report/log/index.php?chooselog=1&logreader=logstore_standard&id=0&user=7656&date=1772323200
2026-03-01,8559,QN24P0817 NGUYỄN HOÀNG THANH THUÝ,0.31,1,10,0.6,0,0.31,CLEAN,,,,https://glow.paclinks.org/report/log/index.php?chooselog=1&logreader=logstore_standard&id=0&user=8559&date=1772323200
2026-03-07,8559,QN24P0817 NGUYỄN HOÀNG THANH THUÝ,0.57,1,11,0.55,0,0.57,CLEAN,,,,https://glow.paclinks.org/report/log/index.php?chooselog=1&logreader=logstore_standard&id=0&user=8559&date=1772841600
2026-03-23,8559,QN24P0817 NGUYỄN HOÀNG THANH THUÝ,0.92,2,15,0.55,0,0.92,CLEAN,,,,https://glow.paclinks.org/report/log/index.php?chooselog=1&logreader=logstore_standard&id=0&user=8559&date=1774224000
2026-03-01,8560,QN24P0818 LÊ HOÀNG KIỀU NHI,0.32,2,5,0.5,0,0.32,CLEAN,,,,https://glow.paclinks.org/report/log/index.php?chooselog=1&logreader=logstore_standard&id=0&user=8560&date=1772323200
2026-03-30,8560,QN24P0818 LÊ HOÀNG KIỀU NHI,0.22,1,13,0.55,0,0.22,CLEAN,,,,https://glow.paclinks.org/report/log/index.php?chooselog=1&logreader=logstore_standard&id=0&user=8560&date=1774828800
2026-03-31,8560,QN24P0818 LÊ HOÀNG KIỀU NHI,1.71,1,44,0.6,0,1.71,CLEAN,,,,https://glow.paclinks.org/report/log/index.php?chooselog=1&logreader=logstore_standard&id=0&user=8560&date=1774915200
2026-03-09,8561,QN24P0819 PHẠM THỊ HOÀI MY,1.06,2,50,0.62,0,1.06,CLEAN,,,,https://glow.paclinks.org/report/log/index.php?chooselog=1&logreader=logstore_standard&id=0&user=8561&date=1773014400
2026-03-10,8561,QN24P0819 PHẠM THỊ HOÀI MY,0.6,3,32,0.53,0,0.6,CLEAN,,,,https://glow.paclinks.org/report/log/index.php?chooselog=1&logreader=logstore_standard&id=0&user=8561&date=1773100800
2026-03-16,8561,QN24P0819 PHẠM THỊ HOÀI MY,0.33,2,37,0.65,0,0.33,CLEAN,,,,https://glow.paclinks.org/report/log/index.php?chooselog=1&logreader=logstore_standard&id=0&user=8561&date=1773619200
2026-03-17,8561,QN24P0819 PHẠM THỊ HOÀI MY,0.56,1,40,0.8,0,0.56,CLEAN,,,,https://glow.paclinks.org/report/log/index.php?chooselog=1&logreader=logstore_standard&id=0&user=8561&date=1773705600
2026-03-28,8561,QN24P0819 PHẠM THỊ HOÀI MY,0.59,3,70,0.63,0,0.59,CLEAN,,,,https://glow.paclinks.org/report/log/index.php?chooselog=1&logreader=logstore_standard&id=0&user=8561&date=1774656000
2026-03-21,8562,QN24P0820 MAI LÊ HOÀNG THƯƠNG,0.11,1,15,0.5,0,0.11,CLEAN,,,,https://glow.paclinks.org/report/log/index.php?chooselog=1&logreader=logstore_standard&id=0&user=8562&date=1774051200
2026-03-26,8562,QN24P0820 MAI LÊ HOÀNG THƯƠNG,0.52,1,24,0.6,0,0.52,CLEAN,,,,https://glow.paclinks.org/report/log/index.php?chooselog=1&logreader=logstore_standard&id=0&user=8562&date=1774483200
2026-03-29,8562,QN24P0820 MAI LÊ HOÀNG THƯƠNG,0.38,1,27,0.7,0,0.38,CLEAN,,,,https://glow.paclinks.org/report/log/index.php?chooselog=1&logreader=logstore_standard&id=0&user=8562&date=1774742400
2026-03-21,8566,QN24P0824 LƯƠNG NGUYÊN THỊNH,0.18,1,18,0.55,0,0.18,CLEAN,,,,https://glow.paclinks.org/report/log/index.php?chooselog=1&logreader=logstore_standard&id=0&user=8566&date=1774051200
2026-03-28,8566,QN24P0824 LƯƠNG NGUYÊN THỊNH,0.23,1,11,0.4,1,0.0,HAS ANOMALIES,single_activity_loop,medium,"S1 [23:46-00:00, 0.23h]: single_activity_loop - 91% of events on ""Quiz: Unit 1 - Key Vocabulary (1-10)""",https://glow.paclinks.org/report/log/index.php?chooselog=1&logreader=logstore_standard&id=0&user=8566&date=1774656000
2026-03-29,8566,QN24P0824 LƯƠNG NGUYÊN THỊNH,0.49,1,9,0.5,0,0.49,CLEAN,,,,https://glow.paclinks.org/report/log/index.php?chooselog=1&logreader=logstore_standard&id=0&user=8566&date=1774742400
2026-03-01,8570,QN24P0828 NGUYỄN THÀNH MẠNH,0.06,1,17,0.05,2,0.0,REVIEW REQUIRED,auto_refresh; single_activity_loop,high; medium,"S1 [00:00-00:03, 0.06h]: auto_refresh - Gaps extremely regular: mean=13.4s, std=0.51s across 16 gaps; single_activity_loop - 100% of events on ""Page: Listening - WATCH THIS FIRST""",https://glow.paclinks.org/report/log/index.php?chooselog=1&logreader=logstore_standard&id=0&user=8570&date=1772323200
2026-03-03,8570,QN24P0828 NGUYỄN THÀNH MẠNH,2.07,1,471,0.4,1,0.0,HAS ANOMALIES,single_activity_loop,medium,"S1 [17:05-19:09, 2.07h]: single_activity_loop - 99% of events on ""Interactive Content: Listening""",https://glow.paclinks.org/report/log/index.php?chooselog=1&logreader=logstore_standard&id=0&user=8570&date=1772496000
2026-03-01,8571,QN24P0829 NGUYỄN TRẦN DIỄM LY,0.84,1,5,0.5,0,0.84,CLEAN,,,,https://glow.paclinks.org/report/log/index.php?chooselog=1&logreader=logstore_standard&id=0&user=8571&date=1772323200
2026-03-04,8571,QN24P0829 NGUYỄN TRẦN DIỄM LY,2.19,1,31,0.55,0,2.19,CLEAN,,,,https://glow.paclinks.org/report/log/index.php?chooselog=1&logreader=logstore_standard&id=0&user=8571&date=1772582400
2026-03-05,8571,QN24P0829 NGUYỄN TRẦN DIỄM LY,0.87,1,18,0.55,0,0.87,CLEAN,,,,https://glow.paclinks.org/report/log/index.php?chooselog=1&logreader=logstore_standard&id=0&user=8571&date=1772668800
2026-03-06,8571,QN24P0829 NGUYỄN TRẦN DIỄM LY,4.09,1,53,0.55,0,4.09,CLEAN,,,,https://glow.paclinks.org/report/log/index.php?chooselog=1&logreader=logstore_standard&id=0&user=8571&date=1772755200
2026-03-07,8571,QN24P0829 NGUYỄN TRẦN DIỄM LY,1.84,1,60,0.55,0,1.84,CLEAN,,,,https://glow.paclinks.org/report/log/index.php?chooselog=1&logreader=logstore_standard&id=0&user=8571&date=1772841600
2026-03-08,8571,QN24P0829 NGUYỄN TRẦN DIỄM LY,1.57,1,37,0.55,0,1.57,CLEAN,,,,https://glow.paclinks.org/report/log/index.php?chooselog=1&logreader=logstore_standard&id=0&user=8571&date=1772928000
2026-03-10,8571,QN24P0829 NGUYỄN TRẦN DIỄM LY,3.22,1,42,0.5,0,3.22,CLEAN,,,,https://glow.paclinks.org/report/log/index.php?chooselog=1&logreader=logstore_standard&id=0&user=8571&date=1773100800
2026-03-14,8571,QN24P0829 NGUYỄN TRẦN DIỄM LY,1.6,1,26,0.55,0,1.6,CLEAN,,,,https://glow.paclinks.org/report/log/index.php?chooselog=1&logreader=logstore_standard&id=0&user=8571&date=1773446400
2026-03-15,8571,QN24P0829 NGUYỄN TRẦN DIỄM LY,4.24,2,37,0.5,0,4.24,CLEAN,,,,https://glow.paclinks.org/report/log/index.php?chooselog=1&logreader=logstore_standard&id=0&user=8571&date=1773532800
2026-03-18,8571,QN24P0829 NGUYỄN TRẦN DIỄM LY,1.44,1,38,0.5,0,1.44,CLEAN,,,,https://glow.paclinks.org/report/log/index.php?chooselog=1&logreader=logstore_standard&id=0&user=8571&date=1773792000
2026-03-19,8571,QN24P0829 NGUYỄN TRẦN DIỄM LY,5.63,2,92,0.5,0,5.63,CLEAN,,,,https://glow.paclinks.org/report/log/index.php?chooselog=1&logreader=logstore_standard&id=0&user=8571&date=1773878400
2026-03-20,8571,QN24P0829 NGUYỄN TRẦN DIỄM LY,9.97,4,449,0.64,1,7.38,HAS ANOMALIES,single_activity_loop,medium,"S2 [08:55-11:30, 2.59h]: single_activity_loop - 90% of events on ""Course: TED Talks Career""",https://glow.paclinks.org/report/log/index.php?chooselog=1&logreader=logstore_standard&id=0&user=8571&date=1773964800
2026-03-21,8571,QN24P0829 NGUYỄN TRẦN DIỄM LY,0.1,1,18,0.6,0,0.1,CLEAN,,,,https://glow.paclinks.org/report/log/index.php?chooselog=1&logreader=logstore_standard&id=0&user=8571&date=1774051200
2026-03-28,8571,QN24P0829 NGUYỄN TRẦN DIỄM LY,0.71,2,16,0.57,0,0.71,CLEAN,,,,https://glow.paclinks.org/report/log/index.php?chooselog=1&logreader=logstore_standard&id=0&user=8571&date=1774656000
2026-03-29,8571,QN24P0829 NGUYỄN TRẦN DIỄM LY,2.35,1,15,0.35,1,0.0,REVIEW REQUIRED,single_activity_loop,medium,"S1 [19:37-21:58, 2.35h]: single_activity_loop - 93% of events on ""Course: TED Talks Career Deck""",https://glow.paclinks.org/report/log/index.php?chooselog=1&logreader=logstore_standard&id=0&user=8571&date=1774742400
2026-03-30,8571,QN24P0829 NGUYỄN TRẦN DIỄM LY,3.19,2,64,0.47,1,0.17,HAS ANOMALIES,single_activity_loop,medium,"S1 [00:09-03:11, 3.02h]: single_activity_loop - 100% of events on ""Course: TED Talks Career Deck""",https://glow.paclinks.org/report/log/index.php?chooselog=1&logreader=logstore_standard&id=0&user=8571&date=1774828800
2026-03-31,8571,QN24P0829 NGUYỄN TRẦN DIỄM LY,0.44,3,36,0.57,0,0.44,CLEAN,,,,https://glow.paclinks.org/report/log/index.php?chooselog=1&logreader=logstore_standard&id=0&user=8571&date=1774915200
2026-03-02,8572,QN24P0830 LÊ VĂN VĨNH KHANG,6.11,2,1570,0.25,4,0.0,REVIEW REQUIRED,auto_refresh; single_activity_loop,medium; medium,"S1 [13:45-17:32, 3.77h]: auto_refresh - 98% of gaps within ±2.0s of mean 14.4s; single_activity_loop - 100% of events on ""Course: TED Talks - General 1""
S2 [19:11-21:31, 2.34h]: auto_refresh - 99% of gaps within ±2.0s of mean 13.4s; single_activity_loop - 100% of events on ""Course: TED Talks - General 1""",https://glow.paclinks.org/report/log/index.php?chooselog=1&logreader=logstore_standard&id=0&user=8572&date=1772409600
2026-03-04,8572,QN24P0830 LÊ VĂN VĨNH KHANG,4.83,2,1312,0.1,4,0.0,REVIEW REQUIRED,auto_refresh; single_activity_loop,high; medium,"S1 [15:00-17:48, 2.81h]: auto_refresh - Gaps extremely regular: mean=13.3s, std=0.92s across 762 gaps; single_activity_loop - 100% of events on ""Course: TED Talks - General 1""
S2 [19:14-21:15, 2.02h]: auto_refresh - Gaps extremely regular: mean=13.2s, std=0.99s across 548 gaps; single_activity_loop - 100% of events on ""Course: TED Talks - General 1""",https://glow.paclinks.org/report/log/index.php?chooselog=1&logreader=logstore_standard&id=0&user=8572&date=1772582400
2026-03-05,8572,QN24P0830 LÊ VĂN VĨNH KHANG,1.6,1,432,0.25,2,0.0,REVIEW REQUIRED,auto_refresh; single_activity_loop,medium; medium,"S1 [13:59-15:36, 1.60h]: auto_refresh - 99% of gaps within ±2.0s of mean 13.4s; single_activity_loop - 100% of events on ""Course: TED Talks - General 1""",https://glow.paclinks.org/report/log/index.php?chooselog=1&logreader=logstore_standard&id=0&user=8572&date=1772668800
2026-03-06,8572,QN24P0830 LÊ VĂN VĨNH KHANG,4.48,2,1188,0.17,4,0.0,REVIEW REQUIRED,auto_refresh; single_activity_loop,high; medium,"S1 [15:43-17:59, 2.27h]: auto_refresh - Gaps extremely regular: mean=13.2s, std=1.04s across 618 gaps; single_activity_loop - 100% of events on ""Course: TED Talks - General 1""
S2 [19:07-21:20, 2.21h]: auto_refresh - 97% of gaps within ±2.0s of mean 14.0s; single_activity_loop - 100% of events on ""Course: TED Talks - General 1""",https://glow.paclinks.org/report/log/index.php?chooselog=1&logreader=logstore_standard&id=0&user=8572&date=1772755200
2026-03-11,8572,QN24P0830 LÊ VĂN VĨNH KHANG,2.15,1,584,0.1,2,0.0,REVIEW REQUIRED,auto_refresh; single_activity_loop,high; medium,"S1 [16:20-18:29, 2.15h]: auto_refresh - Gaps extremely regular: mean=13.2s, std=1.03s across 583 gaps; single_activity_loop - 100% of events on ""Course: TED Talks - General 1""",https://glow.paclinks.org/report/log/index.php?chooselog=1&logreader=logstore_standard&id=0&user=8572&date=1773187200
2026-03-12,8572,QN24P0830 LÊ VĂN VĨNH KHANG,1.02,1,263,0.25,2,0.0,REVIEW REQUIRED,auto_refresh; single_activity_loop,medium; medium,"S1 [13:58-14:59, 1.02h]: auto_refresh - 98% of gaps within ±2.0s of mean 13.9s; single_activity_loop - 99% of events on ""Course: TED Talks - General 1""",https://glow.paclinks.org/report/log/index.php?chooselog=1&logreader=logstore_standard&id=0&user=8572&date=1773273600
2026-03-20,8572,QN24P0830 LÊ VĂN VĨNH KHANG,2.23,1,604,0.25,2,0.0,REVIEW REQUIRED,auto_refresh; single_activity_loop,medium; medium,"S1 [19:18-21:31, 2.23h]: auto_refresh - 99% of gaps within ±2.0s of mean 13.3s; single_activity_loop - 100% of events on ""Course: TED Talks - General 1""",https://glow.paclinks.org/report/log/index.php?chooselog=1&logreader=logstore_standard&id=0&user=8572&date=1773964800
2026-03-25,8572,QN24P0830 LÊ VĂN VĨNH KHANG,1.43,1,372,0.25,2,0.0,REVIEW REQUIRED,auto_refresh; single_activity_loop,medium; medium,"S1 [13:40-15:05, 1.43h]: auto_refresh - 97% of gaps within ±2.0s of mean 13.8s; single_activity_loop - 99% of events on ""Course: TED Talks - General 1""",https://glow.paclinks.org/report/log/index.php?chooselog=1&logreader=logstore_standard&id=0&user=8572&date=1774396800
2026-03-27,8572,QN24P0830 LÊ VĂN VĨNH KHANG,0.88,1,228,0.25,2,0.0,REVIEW REQUIRED,auto_refresh; single_activity_loop,medium; medium,"S1 [19:56-20:49, 0.88h]: auto_refresh - 97% of gaps within ±2.0s of mean 13.9s; single_activity_loop - 99% of events on ""Course: TED Talks - General 1""",https://glow.paclinks.org/report/log/index.php?chooselog=1&logreader=logstore_standard&id=0&user=8572&date=1774569600
2026-03-29,8572,QN24P0830 LÊ VĂN VĨNH KHANG,1.5,1,409,0.1,2,0.0,REVIEW REQUIRED,auto_refresh; single_activity_loop,high; medium,"S1 [17:48-19:18, 1.50h]: auto_refresh - Gaps extremely regular: mean=13.2s, std=1.24s across 408 gaps; single_activity_loop - 100% of events on ""Course: TED Talks - General 1""",https://glow.paclinks.org/report/log/index.php?chooselog=1&logreader=logstore_standard&id=0&user=8572&date=1774742400
2026-03-30,8572,QN24P0830 LÊ VĂN VĨNH KHANG,5.08,2,1383,0.1,4,0.0,REVIEW REQUIRED,auto_refresh; single_activity_loop,high; medium,"S1 [14:01-16:33, 2.53h]: auto_refresh - Gaps extremely regular: mean=13.2s, std=1.30s across 688 gaps; single_activity_loop - 100% of events on ""Course: TED Talks - General 1""
S2 [19:01-21:35, 2.55h]: auto_refresh - Gaps extremely regular: mean=13.2s, std=1.02s across 693 gaps; single_activity_loop - 100% of events on ""Course: TED Talks - General 1""",https://glow.paclinks.org/report/log/index.php?chooselog=1&logreader=logstore_standard&id=0&user=8572&date=1774828800
2026-03-31,8572,QN24P0830 LÊ VĂN VĨNH KHANG,4.77,1,732,0.4,1,0.0,HAS ANOMALIES,single_activity_loop,medium,"S1 [06:44-11:30, 4.77h]: single_activity_loop - 100% of events on ""Course: TED Talks - General 1""",https://glow.paclinks.org/report/log/index.php?chooselog=1&logreader=logstore_standard&id=0&user=8572&date=1774915200
2026-03-02,8575,QN24P0833 HUỲNH THỊ BÌNH MINH,0.09,1,12,0.6,0,0.09,CLEAN,,,,https://glow.paclinks.org/report/log/index.php?chooselog=1&logreader=logstore_standard&id=0&user=8575&date=1772409600
2026-03-16,8575,QN24P0833 HUỲNH THỊ BÌNH MINH,0.08,1,32,0.55,1,0.0,HAS ANOMALIES,excessive_events,medium,"S1 [00:33-00:37, 0.08h]: excessive_events - 422 events/hr (max=300)",https://glow.paclinks.org/report/log/index.php?chooselog=1&logreader=logstore_standard&id=0&user=8575&date=1773619200
2026-03-28,8576,QN24P0834 LÊ TẤN GIA BẢO,0.1,1,7,0.55,0,0.1,CLEAN,,,,https://glow.paclinks.org/report/log/index.php?chooselog=1&logreader=logstore_standard&id=0&user=8576&date=1774656000
2026-03-31,8576,QN24P0834 LÊ TẤN GIA BẢO,1.05,1,40,0.55,0,1.05,CLEAN,,,,https://glow.paclinks.org/report/log/index.php?chooselog=1&logreader=logstore_standard&id=0&user=8576&date=1774915200
2026-03-28,8577,QN24P0835 HOÀNG THU HỒNG,0.28,1,7,0.55,0,0.28,CLEAN,,,,https://glow.paclinks.org/report/log/index.php?chooselog=1&logreader=logstore_standard&id=0&user=8577&date=1774656000
2026-03-30,8577,QN24P0835 HOÀNG THU HỒNG,0.25,1,9,0.55,0,0.25,CLEAN,,,,https://glow.paclinks.org/report/log/index.php?chooselog=1&logreader=logstore_standard&id=0&user=8577&date=1774828800
2026-03-31,8577,QN24P0835 HOÀNG THU HỒNG,0.23,2,15,0.55,0,0.23,CLEAN,,,,https://glow.paclinks.org/report/log/index.php?chooselog=1&logreader=logstore_standard&id=0&user=8577&date=1774915200
2026-03-12,8642,QN24P0837 NGUYỄN VIỆT THIÊN KIỀU,0.05,1,6,0.55,0,0.05,CLEAN,,,,https://glow.paclinks.org/report/log/index.php?chooselog=1&logreader=logstore_standard&id=0&user=8642&date=1773273600
2026-03-02,8860,QN24P0846 VÕ HOÀNG DUNG,0.35,1,24,0.55,0,0.35,CLEAN,,,,https://glow.paclinks.org/report/log/index.php?chooselog=1&logreader=logstore_standard&id=0&user=8860&date=1772409600
2026-03-05,8860,QN24P0846 VÕ HOÀNG DUNG,0.15,2,13,0.53,0,0.15,CLEAN,,,,https://glow.paclinks.org/report/log/index.php?chooselog=1&logreader=logstore_standard&id=0&user=8860&date=1772668800
2026-03-07,8860,QN24P0846 VÕ HOÀNG DUNG,0.2,1,16,0.55,0,0.2,CLEAN,,,,https://glow.paclinks.org/report/log/index.php?chooselog=1&logreader=logstore_standard&id=0&user=8860&date=1772841600
2026-03-10,8860,QN24P0846 VÕ HOÀNG DUNG,0.4,1,12,0.6,0,0.4,CLEAN,,,,https://glow.paclinks.org/report/log/index.php?chooselog=1&logreader=logstore_standard&id=0&user=8860&date=1773100800
2026-03-18,8860,QN24P0846 VÕ HOÀNG DUNG,0.32,1,8,0.6,0,0.32,CLEAN,,,,https://glow.paclinks.org/report/log/index.php?chooselog=1&logreader=logstore_standard&id=0&user=8860&date=1773792000
2026-03-20,8860,QN24P0846 VÕ HOÀNG DUNG,0.17,1,14,0.7,0,0.17,CLEAN,,,,https://glow.paclinks.org/report/log/index.php?chooselog=1&logreader=logstore_standard&id=0&user=8860&date=1773964800
2026-03-23,8860,QN24P0846 VÕ HOÀNG DUNG,0.35,1,18,0.6,0,0.35,CLEAN,,,,https://glow.paclinks.org/report/log/index.php?chooselog=1&logreader=logstore_standard&id=0&user=8860&date=1774224000
2026-03-24,8860,QN24P0846 VÕ HOÀNG DUNG,0.5,2,55,0.62,0,0.5,CLEAN,,,,https://glow.paclinks.org/report/log/index.php?chooselog=1&logreader=logstore_standard&id=0&user=8860&date=1774310400
2026-03-25,8860,QN24P0846 VÕ HOÀNG DUNG,0.36,1,13,0.55,0,0.36,CLEAN,,,,https://glow.paclinks.org/report/log/index.php?chooselog=1&logreader=logstore_standard&id=0&user=8860&date=1774396800
2026-03-26,8860,QN24P0846 VÕ HOÀNG DUNG,0.22,1,12,0.6,0,0.22,CLEAN,,,,https://glow.paclinks.org/report/log/index.php?chooselog=1&logreader=logstore_standard&id=0&user=8860&date=1774483200
2026-03-27,8860,QN24P0846 VÕ HOÀNG DUNG,0.63,2,18,0.6,0,0.63,CLEAN,,,,https://glow.paclinks.org/report/log/index.php?chooselog=1&logreader=logstore_standard&id=0&user=8860&date=1774569600
2026-03-29,8860,QN24P0846 VÕ HOÀNG DUNG,0.09,1,17,0.5,0,0.09,CLEAN,,,,https://glow.paclinks.org/report/log/index.php?chooselog=1&logreader=logstore_standard&id=0&user=8860&date=1774742400
2026-03-26,9132,QN25G0877 Võ Thị Diễm Hằng,0.79,3,18,0.57,0,0.79,CLEAN,,,,https://glow.paclinks.org/report/log/index.php?chooselog=1&logreader=logstore_standard&id=0&user=9132&date=1774483200
2026-03-28,9132,QN25G0877 Võ Thị Diễm Hằng,1.12,4,82,0.7,0,1.12,CLEAN,,,,https://glow.paclinks.org/report/log/index.php?chooselog=1&logreader=logstore_standard&id=0&user=9132&date=1774656000
2026-03-29,9132,QN25G0877 Võ Thị Diễm Hằng,0.43,3,28,0.57,1,0.38,HAS ANOMALIES,excessive_events,medium,"S1 [17:55-17:58, 0.05h]: excessive_events - 318 events/hr (max=300)",https://glow.paclinks.org/report/log/index.php?chooselog=1&logreader=logstore_standard&id=0&user=9132&date=1774742400
2026-03-30,9132,QN25G0877 Võ Thị Diễm Hằng,0.28,2,25,0.68,0,0.28,CLEAN,,,,https://glow.paclinks.org/report/log/index.php?chooselog=1&logreader=logstore_standard&id=0&user=9132&date=1774828800
2026-03-01,9145,QN25G0896 Nguyễn Thị Thanh Thương,0.19,2,22,0.53,0,0.19,CLEAN,,,,https://glow.paclinks.org/report/log/index.php?chooselog=1&logreader=logstore_standard&id=0&user=9145&date=1772323200
2026-03-05,9145,QN25G0896 Nguyễn Thị Thanh Thương,0.22,1,11,0.55,0,0.22,CLEAN,,,,https://glow.paclinks.org/report/log/index.php?chooselog=1&logreader=logstore_standard&id=0&user=9145&date=1772668800
2026-03-06,9145,QN25G0896 Nguyễn Thị Thanh Thương,0.91,1,39,0.6,0,0.91,CLEAN,,,,https://glow.paclinks.org/report/log/index.php?chooselog=1&logreader=logstore_standard&id=0&user=9145&date=1772755200
2026-03-07,9145,QN25G0896 Nguyễn Thị Thanh Thương,0.36,1,15,0.6,0,0.36,CLEAN,,,,https://glow.paclinks.org/report/log/index.php?chooselog=1&logreader=logstore_standard&id=0&user=9145&date=1772841600
2026-03-14,9145,QN25G0896 Nguyễn Thị Thanh Thương,0.2,2,21,0.55,0,0.2,CLEAN,,,,https://glow.paclinks.org/report/log/index.php?chooselog=1&logreader=logstore_standard&id=0&user=9145&date=1773446400
2026-03-15,9145,QN25G0896 Nguyễn Thị Thanh Thương,0.38,1,22,0.65,0,0.38,CLEAN,,,,https://glow.paclinks.org/report/log/index.php?chooselog=1&logreader=logstore_standard&id=0&user=9145&date=1773532800
2026-03-16,9145,QN25G0896 Nguyễn Thị Thanh Thương,0.67,2,86,0.48,1,0.13,HAS ANOMALIES,single_activity_loop,medium,"S1 [18:19-18:51, 0.54h]: single_activity_loop - 93% of events on ""Quiz: Unit 9 - Key Vocabulary (1-10)""",https://glow.paclinks.org/report/log/index.php?chooselog=1&logreader=logstore_standard&id=0&user=9145&date=1773619200
2026-03-19,9145,QN25G0896 Nguyễn Thị Thanh Thương,0.46,1,27,0.6,0,0.46,CLEAN,,,,https://glow.paclinks.org/report/log/index.php?chooselog=1&logreader=logstore_standard&id=0&user=9145&date=1773878400
2026-03-28,9145,QN25G0896 Nguyễn Thị Thanh Thương,1.18,2,56,0.62,0,1.18,CLEAN,,,,https://glow.paclinks.org/report/log/index.php?chooselog=1&logreader=logstore_standard&id=0&user=9145&date=1774656000
2026-03-31,9145,QN25G0896 Nguyễn Thị Thanh Thương,0.07,1,16,0.7,0,0.07,CLEAN,,,,https://glow.paclinks.org/report/log/index.php?chooselog=1&logreader=logstore_standard&id=0&user=9145&date=1774915200
2026-03-08,9146,QN25G0897 Lê Hoàng Dũng,0.29,1,7,0.55,0,0.29,CLEAN,,,,https://glow.paclinks.org/report/log/index.php?chooselog=1&logreader=logstore_standard&id=0&user=9146&date=1772928000
2026-03-15,9146,QN25G0897 Lê Hoàng Dũng,0.34,1,45,0.6,0,0.34,CLEAN,,,,https://glow.paclinks.org/report/log/index.php?chooselog=1&logreader=logstore_standard&id=0&user=9146&date=1773532800
2026-03-01,9149,QN25G0900 Đặng Lê Minh Huy,0.76,1,22,0.55,0,0.76,CLEAN,,,,https://glow.paclinks.org/report/log/index.php?chooselog=1&logreader=logstore_standard&id=0&user=9149&date=1772323200
2026-03-03,9149,QN25G0900 Đặng Lê Minh Huy,0.78,1,18,0.55,0,0.78,CLEAN,,,,https://glow.paclinks.org/report/log/index.php?chooselog=1&logreader=logstore_standard&id=0&user=9149&date=1772496000
2026-03-04,9149,QN25G0900 Đặng Lê Minh Huy,0.56,2,20,0.55,0,0.56,CLEAN,,,,https://glow.paclinks.org/report/log/index.php?chooselog=1&logreader=logstore_standard&id=0&user=9149&date=1772582400
2026-03-06,9149,QN25G0900 Đặng Lê Minh Huy,0.37,2,11,0.53,0,0.37,CLEAN,,,,https://glow.paclinks.org/report/log/index.php?chooselog=1&logreader=logstore_standard&id=0&user=9149&date=1772755200
2026-03-07,9149,QN25G0900 Đặng Lê Minh Huy,0.38,1,10,0.55,0,0.38,CLEAN,,,,https://glow.paclinks.org/report/log/index.php?chooselog=1&logreader=logstore_standard&id=0&user=9149&date=1772841600
2026-03-09,9149,QN25G0900 Đặng Lê Minh Huy,0.36,1,12,0.55,0,0.36,CLEAN,,,,https://glow.paclinks.org/report/log/index.php?chooselog=1&logreader=logstore_standard&id=0&user=9149&date=1773014400
2026-03-12,9149,QN25G0900 Đặng Lê Minh Huy,0.09,1,9,0.55,0,0.09,CLEAN,,,,https://glow.paclinks.org/report/log/index.php?chooselog=1&logreader=logstore_standard&id=0&user=9149&date=1773273600
2026-03-14,9149,QN25G0900 Đặng Lê Minh Huy,0.68,1,24,0.65,0,0.68,CLEAN,,,,https://glow.paclinks.org/report/log/index.php?chooselog=1&logreader=logstore_standard&id=0&user=9149&date=1773446400
2026-03-25,9149,QN25G0900 Đặng Lê Minh Huy,0.55,1,32,0.7,0,0.55,CLEAN,,,,https://glow.paclinks.org/report/log/index.php?chooselog=1&logreader=logstore_standard&id=0&user=9149&date=1774396800
2026-03-28,9149,QN25G0900 Đặng Lê Minh Huy,0.63,1,19,0.55,0,0.63,CLEAN,,,,https://glow.paclinks.org/report/log/index.php?chooselog=1&logreader=logstore_standard&id=0&user=9149&date=1774656000
2026-03-03,9156,QN25G0908 Nguyễn Bảo Tuệ,0.08,1,3,0.5,0,0.08,CLEAN,,,,https://glow.paclinks.org/report/log/index.php?chooselog=1&logreader=logstore_standard&id=0&user=9156&date=1772496000
2026-03-06,9156,QN25G0908 Nguyễn Bảo Tuệ,0.11,2,11,0.55,0,0.11,CLEAN,,,,https://glow.paclinks.org/report/log/index.php?chooselog=1&logreader=logstore_standard&id=0&user=9156&date=1772755200
2026-03-08,9156,QN25G0908 Nguyễn Bảo Tuệ,0.16,1,7,0.55,0,0.16,CLEAN,,,,https://glow.paclinks.org/report/log/index.php?chooselog=1&logreader=logstore_standard&id=0&user=9156&date=1772928000
2026-03-14,9156,QN25G0908 Nguyễn Bảo Tuệ,0.18,1,5,0.55,0,0.18,CLEAN,,,,https://glow.paclinks.org/report/log/index.php?chooselog=1&logreader=logstore_standard&id=0&user=9156&date=1773446400
2026-03-15,9156,QN25G0908 Nguyễn Bảo Tuệ,0.93,4,19,0.55,0,0.93,CLEAN,,,,https://glow.paclinks.org/report/log/index.php?chooselog=1&logreader=logstore_standard&id=0&user=9156&date=1773532800
2026-03-18,9156,QN25G0908 Nguyễn Bảo Tuệ,0.6,2,11,0.55,0,0.6,CLEAN,,,,https://glow.paclinks.org/report/log/index.php?chooselog=1&logreader=logstore_standard&id=0&user=9156&date=1773792000
2026-03-20,9156,QN25G0908 Nguyễn Bảo Tuệ,0.25,3,18,0.52,0,0.25,CLEAN,,,,https://glow.paclinks.org/report/log/index.php?chooselog=1&logreader=logstore_standard&id=0&user=9156&date=1773964800
2026-03-21,9156,QN25G0908 Nguyễn Bảo Tuệ,0.39,1,7,0.55,0,0.39,CLEAN,,,,https://glow.paclinks.org/report/log/index.php?chooselog=1&logreader=logstore_standard&id=0&user=9156&date=1774051200
2026-03-22,9156,QN25G0908 Nguyễn Bảo Tuệ,0.12,2,10,0.55,0,0.12,CLEAN,,,,https://glow.paclinks.org/report/log/index.php?chooselog=1&logreader=logstore_standard&id=0&user=9156&date=1774137600
2026-03-27,9156,QN25G0908 Nguyễn Bảo Tuệ,0.14,1,8,0.5,0,0.14,CLEAN,,,,https://glow.paclinks.org/report/log/index.php?chooselog=1&logreader=logstore_standard&id=0&user=9156&date=1774569600
2026-03-31,9156,QN25G0908 Nguyễn Bảo Tuệ,0.34,1,29,0.7,0,0.34,CLEAN,,,,https://glow.paclinks.org/report/log/index.php?chooselog=1&logreader=logstore_standard&id=0&user=9156&date=1774915200
2026-03-03,9158,QN25P0847 Trương Thị Quỳnh Thi,0.36,1,22,0.85,0,0.36,CLEAN,,,,https://glow.paclinks.org/report/log/index.php?chooselog=1&logreader=logstore_standard&id=0&user=9158&date=1772496000
2026-03-02,9162,QN25P0851 Huỳnh Nguyễn Xuân Mai,0.3,1,24,0.7,0,0.3,CLEAN,,,,https://glow.paclinks.org/report/log/index.php?chooselog=1&logreader=logstore_standard&id=0&user=9162&date=1772409600
2026-03-05,9162,QN25P0851 Huỳnh Nguyễn Xuân Mai,0.38,2,33,0.6,0,0.38,CLEAN,,,,https://glow.paclinks.org/report/log/index.php?chooselog=1&logreader=logstore_standard&id=0&user=9162&date=1772668800
2026-03-07,9162,QN25P0851 Huỳnh Nguyễn Xuân Mai,0.65,1,38,0.85,0,0.65,CLEAN,,,,https://glow.paclinks.org/report/log/index.php?chooselog=1&logreader=logstore_standard&id=0&user=9162&date=1772841600
2026-03-13,9162,QN25P0851 Huỳnh Nguyễn Xuân Mai,0.43,2,14,0.55,0,0.43,CLEAN,,,,https://glow.paclinks.org/report/log/index.php?chooselog=1&logreader=logstore_standard&id=0&user=9162&date=1773360000
2026-03-14,9162,QN25P0851 Huỳnh Nguyễn Xuân Mai,0.1,1,5,0.55,0,0.1,CLEAN,,,,https://glow.paclinks.org/report/log/index.php?chooselog=1&logreader=logstore_standard&id=0&user=9162&date=1773446400
2026-03-17,9162,QN25P0851 Huỳnh Nguyễn Xuân Mai,0.89,1,84,0.85,0,0.89,CLEAN,,,,https://glow.paclinks.org/report/log/index.php?chooselog=1&logreader=logstore_standard&id=0&user=9162&date=1773705600
2026-03-18,9162,QN25P0851 Huỳnh Nguyễn Xuân Mai,0.07,1,5,0.55,0,0.07,CLEAN,,,,https://glow.paclinks.org/report/log/index.php?chooselog=1&logreader=logstore_standard&id=0&user=9162&date=1773792000
2026-03-19,9162,QN25P0851 Huỳnh Nguyễn Xuân Mai,0.06,1,3,0.55,0,0.06,CLEAN,,,,https://glow.paclinks.org/report/log/index.php?chooselog=1&logreader=logstore_standard&id=0&user=9162&date=1773878400
2026-03-21,9162,QN25P0851 Huỳnh Nguyễn Xuân Mai,0.17,1,5,0.55,0,0.17,CLEAN,,,,https://glow.paclinks.org/report/log/index.php?chooselog=1&logreader=logstore_standard&id=0&user=9162&date=1774051200
2026-03-22,9162,QN25P0851 Huỳnh Nguyễn Xuân Mai,0.06,1,7,0.6,0,0.06,CLEAN,,,,https://glow.paclinks.org/report/log/index.php?chooselog=1&logreader=logstore_standard&id=0&user=9162&date=1774137600
2026-03-26,9162,QN25P0851 Huỳnh Nguyễn Xuân Mai,0.2,1,5,0.55,0,0.2,CLEAN,,,,https://glow.paclinks.org/report/log/index.php?chooselog=1&logreader=logstore_standard&id=0&user=9162&date=1774483200
2026-03-30,9162,QN25P0851 Huỳnh Nguyễn Xuân Mai,1.53,1,93,0.8,0,1.53,CLEAN,,,,https://glow.paclinks.org/report/log/index.php?chooselog=1&logreader=logstore_standard&id=0&user=9162&date=1774828800
2026-03-18,9164,QN25P0853 Huỳnh Thị Thanh Tâm,0.12,1,6,0.55,0,0.12,CLEAN,,,,https://glow.paclinks.org/report/log/index.php?chooselog=1&logreader=logstore_standard&id=0&user=9164&date=1773792000
2026-03-19,9164,QN25P0853 Huỳnh Thị Thanh Tâm,0.27,2,12,0.55,0,0.27,CLEAN,,,,https://glow.paclinks.org/report/log/index.php?chooselog=1&logreader=logstore_standard&id=0&user=9164&date=1773878400
2026-03-21,9164,QN25P0853 Huỳnh Thị Thanh Tâm,0.87,4,29,0.55,0,0.87,CLEAN,,,,https://glow.paclinks.org/report/log/index.php?chooselog=1&logreader=logstore_standard&id=0&user=9164&date=1774051200
2026-03-29,9164,QN25P0853 Huỳnh Thị Thanh Tâm,0.36,2,12,0.55,0,0.36,CLEAN,,,,https://glow.paclinks.org/report/log/index.php?chooselog=1&logreader=logstore_standard&id=0&user=9164&date=1774742400
2026-03-16,9165,QN25P0854 Nguyễn Hồng Y Hoài,1.25,3,40,0.6,0,1.25,CLEAN,,,,https://glow.paclinks.org/report/log/index.php?chooselog=1&logreader=logstore_standard&id=0&user=9165&date=1773619200
2026-03-17,9165,QN25P0854 Nguyễn Hồng Y Hoài,0.1,1,16,0.55,0,0.1,CLEAN,,,,https://glow.paclinks.org/report/log/index.php?chooselog=1&logreader=logstore_standard&id=0&user=9165&date=1773705600
2026-03-19,9165,QN25P0854 Nguyễn Hồng Y Hoài,0.27,1,16,0.6,0,0.27,CLEAN,,,,https://glow.paclinks.org/report/log/index.php?chooselog=1&logreader=logstore_standard&id=0&user=9165&date=1773878400
2026-03-25,9165,QN25P0854 Nguyễn Hồng Y Hoài,0.67,1,10,0.55,0,0.67,CLEAN,,,,https://glow.paclinks.org/report/log/index.php?chooselog=1&logreader=logstore_standard&id=0&user=9165&date=1774396800
2026-03-27,9165,QN25P0854 Nguyễn Hồng Y Hoài,0.11,1,9,0.6,0,0.11,CLEAN,,,,https://glow.paclinks.org/report/log/index.php?chooselog=1&logreader=logstore_standard&id=0&user=9165&date=1774569600
2026-03-30,9165,QN25P0854 Nguyễn Hồng Y Hoài,0.42,2,17,0.6,0,0.42,CLEAN,,,,https://glow.paclinks.org/report/log/index.php?chooselog=1&logreader=logstore_standard&id=0&user=9165&date=1774828800
2026-03-01,9167,QN25P0856 Nguyễn Dương Gia Bảo,1.79,1,11,0.55,0,1.79,CLEAN,,,,https://glow.paclinks.org/report/log/index.php?chooselog=1&logreader=logstore_standard&id=0&user=9167&date=1772323200
2026-03-30,9167,QN25P0856 Nguyễn Dương Gia Bảo,0.26,1,6,0.55,0,0.26,CLEAN,,,,https://glow.paclinks.org/report/log/index.php?chooselog=1&logreader=logstore_standard&id=0&user=9167&date=1774828800
2026-03-01,9168,QN25P0857 Lê Thị Thu Hiếu,1.7,2,16,0.55,0,1.7,CLEAN,,,,https://glow.paclinks.org/report/log/index.php?chooselog=1&logreader=logstore_standard&id=0&user=9168&date=1772323200
2026-03-07,9168,QN25P0857 Lê Thị Thu Hiếu,0.25,1,7,0.55,0,0.25,CLEAN,,,,https://glow.paclinks.org/report/log/index.php?chooselog=1&logreader=logstore_standard&id=0&user=9168&date=1772841600
2026-03-08,9168,QN25P0857 Lê Thị Thu Hiếu,0.64,1,7,0.55,0,0.64,CLEAN,,,,https://glow.paclinks.org/report/log/index.php?chooselog=1&logreader=logstore_standard&id=0&user=9168&date=1772928000
2026-03-10,9168,QN25P0857 Lê Thị Thu Hiếu,0.5,1,21,0.6,0,0.5,CLEAN,,,,https://glow.paclinks.org/report/log/index.php?chooselog=1&logreader=logstore_standard&id=0&user=9168&date=1773100800
2026-03-12,9168,QN25P0857 Lê Thị Thu Hiếu,0.38,1,7,0.55,0,0.38,CLEAN,,,,https://glow.paclinks.org/report/log/index.php?chooselog=1&logreader=logstore_standard&id=0&user=9168&date=1773273600
2026-03-15,9168,QN25P0857 Lê Thị Thu Hiếu,2.18,3,22,0.53,0,2.18,CLEAN,,,,https://glow.paclinks.org/report/log/index.php?chooselog=1&logreader=logstore_standard&id=0&user=9168&date=1773532800
2026-03-31,9168,QN25P0857 Lê Thị Thu Hiếu,1.29,1,16,0.55,0,1.29,CLEAN,,,,https://glow.paclinks.org/report/log/index.php?chooselog=1&logreader=logstore_standard&id=0&user=9168&date=1774915200
2026-03-07,9170,QN25P0859 Lê Trần Huyền Trân,0.1,1,11,0.55,0,0.1,CLEAN,,,,https://glow.paclinks.org/report/log/index.php?chooselog=1&logreader=logstore_standard&id=0&user=9170&date=1772841600
2026-03-13,9170,QN25P0859 Lê Trần Huyền Trân,0.09,1,31,0.45,1,0.0,HAS ANOMALIES,excessive_events,medium,"S1 [19:10-19:15, 0.09h]: excessive_events - 357 events/hr (max=300)",https://glow.paclinks.org/report/log/index.php?chooselog=1&logreader=logstore_standard&id=0&user=9170&date=1773360000
2026-03-14,9170,QN25P0859 Lê Trần Huyền Trân,0.08,1,12,0.55,0,0.08,CLEAN,,,,https://glow.paclinks.org/report/log/index.php?chooselog=1&logreader=logstore_standard&id=0&user=9170&date=1773446400
2026-03-18,9170,QN25P0859 Lê Trần Huyền Trân,0.07,1,17,0.7,0,0.07,CLEAN,,,,https://glow.paclinks.org/report/log/index.php?chooselog=1&logreader=logstore_standard&id=0&user=9170&date=1773792000
2026-03-21,9170,QN25P0859 Lê Trần Huyền Trân,0.25,1,31,0.55,0,0.25,CLEAN,,,,https://glow.paclinks.org/report/log/index.php?chooselog=1&logreader=logstore_standard&id=0&user=9170&date=1774051200
2026-03-27,9170,QN25P0859 Lê Trần Huyền Trân,1.21,3,49,0.58,0,1.21,CLEAN,,,,https://glow.paclinks.org/report/log/index.php?chooselog=1&logreader=logstore_standard&id=0&user=9170&date=1774569600
2026-03-29,9170,QN25P0859 Lê Trần Huyền Trân,1.37,4,79,0.64,0,1.37,CLEAN,,,,https://glow.paclinks.org/report/log/index.php?chooselog=1&logreader=logstore_standard&id=0&user=9170&date=1774742400
2026-03-30,9170,QN25P0859 Lê Trần Huyền Trân,2.03,2,64,0.6,0,2.03,CLEAN,,,,https://glow.paclinks.org/report/log/index.php?chooselog=1&logreader=logstore_standard&id=0&user=9170&date=1774828800
2026-03-31,9170,QN25P0859 Lê Trần Huyền Trân,0.55,2,80,0.62,0,0.55,CLEAN,,,,https://glow.paclinks.org/report/log/index.php?chooselog=1&logreader=logstore_standard&id=0&user=9170&date=1774915200
2026-03-01,9172,QN25P0861 Lê Thị Thảo Nguyên,0.57,1,102,0.85,0,0.57,CLEAN,,,,https://glow.paclinks.org/report/log/index.php?chooselog=1&logreader=logstore_standard&id=0&user=9172&date=1772323200
2026-03-04,9172,QN25P0861 Lê Thị Thảo Nguyên,0.08,1,47,0.4,1,0.0,HAS ANOMALIES,excessive_events,medium,"S1 [20:00-20:05, 0.08h]: excessive_events - 618 events/hr (max=300)",https://glow.paclinks.org/report/log/index.php?chooselog=1&logreader=logstore_standard&id=0&user=9172&date=1772582400
2026-03-19,9172,QN25P0861 Lê Thị Thảo Nguyên,0.06,1,11,0.65,0,0.06,CLEAN,,,,https://glow.paclinks.org/report/log/index.php?chooselog=1&logreader=logstore_standard&id=0&user=9172&date=1773878400
2026-03-22,9172,QN25P0861 Lê Thị Thảo Nguyên,0.8,1,20,0.55,0,0.8,CLEAN,,,,https://glow.paclinks.org/report/log/index.php?chooselog=1&logreader=logstore_standard&id=0&user=9172&date=1774137600
2026-03-02,9173,QN25P0862 Hồ Trần Đăng Khôi,0.53,1,128,0.8,0,0.53,CLEAN,,,,https://glow.paclinks.org/report/log/index.php?chooselog=1&logreader=logstore_standard&id=0&user=9173&date=1772409600
2026-03-04,9173,QN25P0862 Hồ Trần Đăng Khôi,0.72,1,57,0.8,0,0.72,CLEAN,,,,https://glow.paclinks.org/report/log/index.php?chooselog=1&logreader=logstore_standard&id=0&user=9173&date=1772582400
2026-03-05,9173,QN25P0862 Hồ Trần Đăng Khôi,0.53,1,44,0.8,0,0.53,CLEAN,,,,https://glow.paclinks.org/report/log/index.php?chooselog=1&logreader=logstore_standard&id=0&user=9173&date=1772668800
2026-03-13,9173,QN25P0862 Hồ Trần Đăng Khôi,0.83,1,92,0.8,0,0.83,CLEAN,,,,https://glow.paclinks.org/report/log/index.php?chooselog=1&logreader=logstore_standard&id=0&user=9173&date=1773360000
2026-03-20,9173,QN25P0862 Hồ Trần Đăng Khôi,0.66,1,85,0.8,0,0.66,CLEAN,,,,https://glow.paclinks.org/report/log/index.php?chooselog=1&logreader=logstore_standard&id=0&user=9173&date=1773964800
2026-03-22,9173,QN25P0862 Hồ Trần Đăng Khôi,1.06,1,65,0.5,1,0.0,HAS ANOMALIES,single_activity_loop,medium,"S1 [21:00-22:04, 1.06h]: single_activity_loop - 92% of events on ""Quiz: Unit 12 - Key Vocabulary (1-10)""",https://glow.paclinks.org/report/log/index.php?chooselog=1&logreader=logstore_standard&id=0&user=9173&date=1774137600
2026-03-23,9173,QN25P0862 Hồ Trần Đăng Khôi,0.25,2,41,0.65,0,0.25,CLEAN,,,,https://glow.paclinks.org/report/log/index.php?chooselog=1&logreader=logstore_standard&id=0&user=9173&date=1774224000
2026-03-26,9173,QN25P0862 Hồ Trần Đăng Khôi,0.2,1,11,0.55,0,0.2,CLEAN,,,,https://glow.paclinks.org/report/log/index.php?chooselog=1&logreader=logstore_standard&id=0&user=9173&date=1774483200
2026-03-27,9173,QN25P0862 Hồ Trần Đăng Khôi,0.7,1,89,0.85,0,0.7,CLEAN,,,,https://glow.paclinks.org/report/log/index.php?chooselog=1&logreader=logstore_standard&id=0&user=9173&date=1774569600
2026-03-30,9173,QN25P0862 Hồ Trần Đăng Khôi,0.84,2,143,0.75,0,0.84,CLEAN,,,,https://glow.paclinks.org/report/log/index.php?chooselog=1&logreader=logstore_standard&id=0&user=9173&date=1774828800
2026-03-31,9173,QN25P0862 Hồ Trần Đăng Khôi,0.48,1,71,0.8,0,0.48,CLEAN,,,,https://glow.paclinks.org/report/log/index.php?chooselog=1&logreader=logstore_standard&id=0&user=9173&date=1774915200
2026-03-02,9174,QN25P0863 Nguyễn Hà My My,0.51,1,78,0.85,0,0.51,CLEAN,,,,https://glow.paclinks.org/report/log/index.php?chooselog=1&logreader=logstore_standard&id=0&user=9174&date=1772409600
2026-03-03,9174,QN25P0863 Nguyễn Hà My My,0.56,1,165,0.85,0,0.56,CLEAN,,,,https://glow.paclinks.org/report/log/index.php?chooselog=1&logreader=logstore_standard&id=0&user=9174&date=1772496000
2026-03-07,9174,QN25P0863 Nguyễn Hà My My,0.65,1,84,0.85,0,0.65,CLEAN,,,,https://glow.paclinks.org/report/log/index.php?chooselog=1&logreader=logstore_standard&id=0&user=9174&date=1772841600
2026-03-05,9176,QN25P0865 Trương Quang Nhựt,1.03,1,18,0.6,0,1.03,CLEAN,,,,https://glow.paclinks.org/report/log/index.php?chooselog=1&logreader=logstore_standard&id=0&user=9176&date=1772668800
2026-03-14,9176,QN25P0865 Trương Quang Nhựt,0.44,1,14,0.6,0,0.44,CLEAN,,,,https://glow.paclinks.org/report/log/index.php?chooselog=1&logreader=logstore_standard&id=0&user=9176&date=1773446400
2026-03-27,9176,QN25P0865 Trương Quang Nhựt,0.44,1,23,0.6,0,0.44,CLEAN,,,,https://glow.paclinks.org/report/log/index.php?chooselog=1&logreader=logstore_standard&id=0&user=9176&date=1774569600
2026-03-28,9176,QN25P0865 Trương Quang Nhựt,0.63,1,18,0.6,0,0.63,CLEAN,,,,https://glow.paclinks.org/report/log/index.php?chooselog=1&logreader=logstore_standard&id=0&user=9176&date=1774656000
2026-03-29,9176,QN25P0865 Trương Quang Nhựt,0.68,1,15,0.6,0,0.68,CLEAN,,,,https://glow.paclinks.org/report/log/index.php?chooselog=1&logreader=logstore_standard&id=0&user=9176&date=1774742400
2026-03-30,9176,QN25P0865 Trương Quang Nhựt,0.2,1,9,0.6,0,0.2,CLEAN,,,,https://glow.paclinks.org/report/log/index.php?chooselog=1&logreader=logstore_standard&id=0&user=9176&date=1774828800
2026-03-31,9176,QN25P0865 Trương Quang Nhựt,0.85,1,17,0.6,0,0.85,CLEAN,,,,https://glow.paclinks.org/report/log/index.php?chooselog=1&logreader=logstore_standard&id=0&user=9176&date=1774915200
2026-03-01,9177,QN25P0866 Trần Văn Ngọc Thiên,0.69,1,31,0.55,0,0.69,CLEAN,,,,https://glow.paclinks.org/report/log/index.php?chooselog=1&logreader=logstore_standard&id=0&user=9177&date=1772323200
2026-03-02,9177,QN25P0866 Trần Văn Ngọc Thiên,0.39,1,8,0.55,0,0.39,CLEAN,,,,https://glow.paclinks.org/report/log/index.php?chooselog=1&logreader=logstore_standard&id=0&user=9177&date=1772409600
2026-03-05,9177,QN25P0866 Trần Văn Ngọc Thiên,0.69,1,9,0.55,0,0.69,CLEAN,,,,https://glow.paclinks.org/report/log/index.php?chooselog=1&logreader=logstore_standard&id=0&user=9177&date=1772668800
2026-03-06,9177,QN25P0866 Trần Văn Ngọc Thiên,0.69,1,10,0.55,0,0.69,CLEAN,,,,https://glow.paclinks.org/report/log/index.php?chooselog=1&logreader=logstore_standard&id=0&user=9177&date=1772755200
2026-03-07,9177,QN25P0866 Trần Văn Ngọc Thiên,1.44,2,14,0.53,0,1.44,CLEAN,,,,https://glow.paclinks.org/report/log/index.php?chooselog=1&logreader=logstore_standard&id=0&user=9177&date=1772841600
2026-03-08,9177,QN25P0866 Trần Văn Ngọc Thiên,0.42,1,8,0.55,0,0.42,CLEAN,,,,https://glow.paclinks.org/report/log/index.php?chooselog=1&logreader=logstore_standard&id=0&user=9177&date=1772928000
2026-03-12,9177,QN25P0866 Trần Văn Ngọc Thiên,0.73,1,10,0.55,0,0.73,CLEAN,,,,https://glow.paclinks.org/report/log/index.php?chooselog=1&logreader=logstore_standard&id=0&user=9177&date=1773273600
2026-03-13,9177,QN25P0866 Trần Văn Ngọc Thiên,0.69,1,9,0.55,0,0.69,CLEAN,,,,https://glow.paclinks.org/report/log/index.php?chooselog=1&logreader=logstore_standard&id=0&user=9177&date=1773360000
2026-03-15,9177,QN25P0866 Trần Văn Ngọc Thiên,0.7,1,10,0.55,0,0.7,CLEAN,,,,https://glow.paclinks.org/report/log/index.php?chooselog=1&logreader=logstore_standard&id=0&user=9177&date=1773532800
2026-03-20,9177,QN25P0866 Trần Văn Ngọc Thiên,0.44,1,13,0.55,0,0.44,CLEAN,,,,https://glow.paclinks.org/report/log/index.php?chooselog=1&logreader=logstore_standard&id=0&user=9177&date=1773964800
2026-03-22,9177,QN25P0866 Trần Văn Ngọc Thiên,0.7,1,9,0.55,0,0.7,CLEAN,,,,https://glow.paclinks.org/report/log/index.php?chooselog=1&logreader=logstore_standard&id=0&user=9177&date=1774137600
2026-03-23,9177,QN25P0866 Trần Văn Ngọc Thiên,0.7,1,10,0.55,0,0.7,CLEAN,,,,https://glow.paclinks.org/report/log/index.php?chooselog=1&logreader=logstore_standard&id=0&user=9177&date=1774224000
2026-03-24,9177,QN25P0866 Trần Văn Ngọc Thiên,0.74,1,16,0.55,0,0.74,CLEAN,,,,https://glow.paclinks.org/report/log/index.php?chooselog=1&logreader=logstore_standard&id=0&user=9177&date=1774310400
2026-03-31,9178,QN25P0867 Nguyễn Huỳnh Như Ý,0.13,2,71,0.35,2,0.0,REVIEW REQUIRED,excessive_events,medium,"S1 [12:45-12:48, 0.06h]: excessive_events - 514 events/hr (max=300)
S2 [23:09-23:14, 0.07h]: excessive_events - 546 events/hr (max=300)",https://glow.paclinks.org/report/log/index.php?chooselog=1&logreader=logstore_standard&id=0&user=9178&date=1774915200
2026-03-01,9179,QN25P0868 Nguyễn Tô Nhi Phương,2.93,5,27,0.53,0,2.93,CLEAN,,,,https://glow.paclinks.org/report/log/index.php?chooselog=1&logreader=logstore_standard&id=0&user=9179&date=1772323200
2026-03-02,9179,QN25P0868 Nguyễn Tô Nhi Phương,2.75,3,27,0.55,0,2.75,CLEAN,,,,https://glow.paclinks.org/report/log/index.php?chooselog=1&logreader=logstore_standard&id=0&user=9179&date=1772409600
2026-03-03,9179,QN25P0868 Nguyễn Tô Nhi Phương,0.82,2,5,0.5,0,0.82,CLEAN,,,,https://glow.paclinks.org/report/log/index.php?chooselog=1&logreader=logstore_standard&id=0&user=9179&date=1772496000
2026-03-04,9179,QN25P0868 Nguyễn Tô Nhi Phương,0.43,1,3,0.55,0,0.43,CLEAN,,,,https://glow.paclinks.org/report/log/index.php?chooselog=1&logreader=logstore_standard&id=0&user=9179&date=1772582400
2026-03-05,9179,QN25P0868 Nguyễn Tô Nhi Phương,0.99,4,27,0.53,0,0.99,CLEAN,,,,https://glow.paclinks.org/report/log/index.php?chooselog=1&logreader=logstore_standard&id=0&user=9179&date=1772668800
2026-03-06,9179,QN25P0868 Nguyễn Tô Nhi Phương,2.18,4,29,0.56,0,2.18,CLEAN,,,,https://glow.paclinks.org/report/log/index.php?chooselog=1&logreader=logstore_standard&id=0&user=9179&date=1772755200
2026-03-07,9179,QN25P0868 Nguyễn Tô Nhi Phương,0.54,2,10,0.53,0,0.54,CLEAN,,,,https://glow.paclinks.org/report/log/index.php?chooselog=1&logreader=logstore_standard&id=0&user=9179&date=1772841600
2026-03-08,9179,QN25P0868 Nguyễn Tô Nhi Phương,0.18,2,8,0.55,0,0.18,CLEAN,,,,https://glow.paclinks.org/report/log/index.php?chooselog=1&logreader=logstore_standard&id=0&user=9179&date=1772928000
2026-03-09,9179,QN25P0868 Nguyễn Tô Nhi Phương,0.86,2,30,0.57,0,0.86,CLEAN,,,,https://glow.paclinks.org/report/log/index.php?chooselog=1&logreader=logstore_standard&id=0&user=9179&date=1773014400
2026-03-10,9179,QN25P0868 Nguyễn Tô Nhi Phương,0.94,3,17,0.58,0,0.94,CLEAN,,,,https://glow.paclinks.org/report/log/index.php?chooselog=1&logreader=logstore_standard&id=0&user=9179&date=1773100800
2026-03-11,9179,QN25P0868 Nguyễn Tô Nhi Phương,1.1,4,19,0.54,0,1.1,CLEAN,,,,https://glow.paclinks.org/report/log/index.php?chooselog=1&logreader=logstore_standard&id=0&user=9179&date=1773187200
2026-03-12,9179,QN25P0868 Nguyễn Tô Nhi Phương,0.3,1,5,0.55,0,0.3,CLEAN,,,,https://glow.paclinks.org/report/log/index.php?chooselog=1&logreader=logstore_standard&id=0&user=9179&date=1773273600
2026-03-13,9179,QN25P0868 Nguyễn Tô Nhi Phương,0.72,3,14,0.57,0,0.72,CLEAN,,,,https://glow.paclinks.org/report/log/index.php?chooselog=1&logreader=logstore_standard&id=0&user=9179&date=1773360000
2026-03-15,9179,QN25P0868 Nguyễn Tô Nhi Phương,0.57,3,23,0.57,0,0.57,CLEAN,,,,https://glow.paclinks.org/report/log/index.php?chooselog=1&logreader=logstore_standard&id=0&user=9179&date=1773532800
2026-03-16,9179,QN25P0868 Nguyễn Tô Nhi Phương,2.46,4,54,0.54,0,2.46,CLEAN,,,,https://glow.paclinks.org/report/log/index.php?chooselog=1&logreader=logstore_standard&id=0&user=9179&date=1773619200
2026-03-17,9179,QN25P0868 Nguyễn Tô Nhi Phương,0.76,2,16,0.55,0,0.76,CLEAN,,,,https://glow.paclinks.org/report/log/index.php?chooselog=1&logreader=logstore_standard&id=0&user=9179&date=1773705600
2026-03-18,9179,QN25P0868 Nguyễn Tô Nhi Phương,0.56,1,28,0.6,0,0.56,CLEAN,,,,https://glow.paclinks.org/report/log/index.php?chooselog=1&logreader=logstore_standard&id=0&user=9179&date=1773792000
2026-03-19,9179,QN25P0868 Nguyễn Tô Nhi Phương,1.01,4,44,0.55,0,1.01,CLEAN,,,,https://glow.paclinks.org/report/log/index.php?chooselog=1&logreader=logstore_standard&id=0&user=9179&date=1773878400
2026-03-20,9179,QN25P0868 Nguyễn Tô Nhi Phương,0.93,4,45,0.59,0,0.93,CLEAN,,,,https://glow.paclinks.org/report/log/index.php?chooselog=1&logreader=logstore_standard&id=0&user=9179&date=1773964800
2026-03-21,9179,QN25P0868 Nguyễn Tô Nhi Phương,5.26,7,97,0.56,0,5.26,CLEAN,,,,https://glow.paclinks.org/report/log/index.php?chooselog=1&logreader=logstore_standard&id=0&user=9179&date=1774051200
2026-03-22,9179,QN25P0868 Nguyễn Tô Nhi Phương,0.64,3,11,0.53,0,0.64,CLEAN,,,,https://glow.paclinks.org/report/log/index.php?chooselog=1&logreader=logstore_standard&id=0&user=9179&date=1774137600
2026-03-23,9179,QN25P0868 Nguyễn Tô Nhi Phương,0.74,2,10,0.55,0,0.74,CLEAN,,,,https://glow.paclinks.org/report/log/index.php?chooselog=1&logreader=logstore_standard&id=0&user=9179&date=1774224000
2026-03-25,9179,QN25P0868 Nguyễn Tô Nhi Phương,2.41,6,53,0.53,1,1.74,HAS ANOMALIES,single_activity_loop,medium,"S1 [10:11-10:51, 0.67h]: single_activity_loop - 91% of events on ""Quiz:  Unit 1 - Key vocabulary (11 - 24)""",https://glow.paclinks.org/report/log/index.php?chooselog=1&logreader=logstore_standard&id=0&user=9179&date=1774396800
2026-03-27,9179,QN25P0868 Nguyễn Tô Nhi Phương,1.77,5,34,0.57,0,1.77,CLEAN,,,,https://glow.paclinks.org/report/log/index.php?chooselog=1&logreader=logstore_standard&id=0&user=9179&date=1774569600
2026-03-28,9179,QN25P0868 Nguyễn Tô Nhi Phương,0.12,2,14,0.57,0,0.12,CLEAN,,,,https://glow.paclinks.org/report/log/index.php?chooselog=1&logreader=logstore_standard&id=0&user=9179&date=1774656000
2026-03-29,9179,QN25P0868 Nguyễn Tô Nhi Phương,2.36,6,40,0.6,0,2.36,CLEAN,,,,https://glow.paclinks.org/report/log/index.php?chooselog=1&logreader=logstore_standard&id=0&user=9179&date=1774742400
2026-03-30,9179,QN25P0868 Nguyễn Tô Nhi Phương,2.1,6,67,0.55,0,2.1,CLEAN,,,,https://glow.paclinks.org/report/log/index.php?chooselog=1&logreader=logstore_standard&id=0&user=9179&date=1774828800
2026-03-31,9179,QN25P0868 Nguyễn Tô Nhi Phương,0.39,2,11,0.55,0,0.39,CLEAN,,,,https://glow.paclinks.org/report/log/index.php?chooselog=1&logreader=logstore_standard&id=0&user=9179&date=1774915200
2026-03-26,9180,QN25P0869 Trần Thị Huyền Trang,0.85,1,42,0.8,0,0.85,CLEAN,,,,https://glow.paclinks.org/report/log/index.php?chooselog=1&logreader=logstore_standard&id=0&user=9180&date=1774483200
2026-03-01,9182,QN25P0871 Đoàn Ngọc Minh Châu,1.55,2,33,0.57,0,1.55,CLEAN,,,,https://glow.paclinks.org/report/log/index.php?chooselog=1&logreader=logstore_standard&id=0&user=9182&date=1772323200
2026-03-02,9182,QN25P0871 Đoàn Ngọc Minh Châu,1.01,1,25,0.6,0,1.01,CLEAN,,,,https://glow.paclinks.org/report/log/index.php?chooselog=1&logreader=logstore_standard&id=0&user=9182&date=1772409600
2026-03-03,9182,QN25P0871 Đoàn Ngọc Minh Châu,1.52,1,41,0.6,0,1.52,CLEAN,,,,https://glow.paclinks.org/report/log/index.php?chooselog=1&logreader=logstore_standard&id=0&user=9182&date=1772496000
2026-03-04,9182,QN25P0871 Đoàn Ngọc Minh Châu,1.6,1,37,0.55,0,1.6,CLEAN,,,,https://glow.paclinks.org/report/log/index.php?chooselog=1&logreader=logstore_standard&id=0&user=9182&date=1772582400
2026-03-05,9182,QN25P0871 Đoàn Ngọc Minh Châu,0.76,1,14,0.55,0,0.76,CLEAN,,,,https://glow.paclinks.org/report/log/index.php?chooselog=1&logreader=logstore_standard&id=0&user=9182&date=1772668800
2026-03-06,9182,QN25P0871 Đoàn Ngọc Minh Châu,1.03,1,54,0.8,0,1.03,CLEAN,,,,https://glow.paclinks.org/report/log/index.php?chooselog=1&logreader=logstore_standard&id=0&user=9182&date=1772755200
2026-03-07,9182,QN25P0871 Đoàn Ngọc Minh Châu,2.8,2,79,0.68,0,2.8,CLEAN,,,,https://glow.paclinks.org/report/log/index.php?chooselog=1&logreader=logstore_standard&id=0&user=9182&date=1772841600
2026-03-08,9182,QN25P0871 Đoàn Ngọc Minh Châu,1.24,1,25,0.55,0,1.24,CLEAN,,,,https://glow.paclinks.org/report/log/index.php?chooselog=1&logreader=logstore_standard&id=0&user=9182&date=1772928000
2026-03-12,9182,QN25P0871 Đoàn Ngọc Minh Châu,0.37,1,21,0.65,0,0.37,CLEAN,,,,https://glow.paclinks.org/report/log/index.php?chooselog=1&logreader=logstore_standard&id=0&user=9182&date=1773273600
2026-03-13,9182,QN25P0871 Đoàn Ngọc Minh Châu,0.28,1,43,0.8,0,0.28,CLEAN,,,,https://glow.paclinks.org/report/log/index.php?chooselog=1&logreader=logstore_standard&id=0&user=9182&date=1773360000
2026-03-14,9182,QN25P0871 Đoàn Ngọc Minh Châu,0.63,2,18,0.55,0,0.63,CLEAN,,,,https://glow.paclinks.org/report/log/index.php?chooselog=1&logreader=logstore_standard&id=0&user=9182&date=1773446400
2026-03-22,9182,QN25P0871 Đoàn Ngọc Minh Châu,0.41,2,20,0.55,0,0.41,CLEAN,,,,https://glow.paclinks.org/report/log/index.php?chooselog=1&logreader=logstore_standard&id=0&user=9182&date=1774137600
2026-03-26,9182,QN25P0871 Đoàn Ngọc Minh Châu,0.16,1,20,0.55,0,0.16,CLEAN,,,,https://glow.paclinks.org/report/log/index.php?chooselog=1&logreader=logstore_standard&id=0&user=9182&date=1774483200
2026-03-28,9182,QN25P0871 Đoàn Ngọc Minh Châu,0.8,2,14,0.55,0,0.8,CLEAN,,,,https://glow.paclinks.org/report/log/index.php?chooselog=1&logreader=logstore_standard&id=0&user=9182&date=1774656000
2026-03-29,9182,QN25P0871 Đoàn Ngọc Minh Châu,1.47,1,54,0.85,0,1.47,CLEAN,,,,https://glow.paclinks.org/report/log/index.php?chooselog=1&logreader=logstore_standard&id=0&user=9182&date=1774742400
2026-03-30,9182,QN25P0871 Đoàn Ngọc Minh Châu,0.32,2,24,0.55,0,0.32,CLEAN,,,,https://glow.paclinks.org/report/log/index.php?chooselog=1&logreader=logstore_standard&id=0&user=9182&date=1774828800
2026-03-31,9182,QN25P0871 Đoàn Ngọc Minh Châu,0.48,1,15,0.55,0,0.48,CLEAN,,,,https://glow.paclinks.org/report/log/index.php?chooselog=1&logreader=logstore_standard&id=0&user=9182&date=1774915200
2026-03-03,9184,QN25P0873 Trần Hà Ngọc Trinh,0.51,1,11,0.55,0,0.51,CLEAN,,,,https://glow.paclinks.org/report/log/index.php?chooselog=1&logreader=logstore_standard&id=0&user=9184&date=1772496000
2026-03-05,9184,QN25P0873 Trần Hà Ngọc Trinh,0.11,1,41,0.55,1,0.0,HAS ANOMALIES,excessive_events,medium,"S1 [21:33-21:39, 0.11h]: excessive_events - 385 events/hr (max=300)",https://glow.paclinks.org/report/log/index.php?chooselog=1&logreader=logstore_standard&id=0&user=9184&date=1772668800
2026-03-11,9184,QN25P0873 Trần Hà Ngọc Trinh,0.29,1,8,0.55,0,0.29,CLEAN,,,,https://glow.paclinks.org/report/log/index.php?chooselog=1&logreader=logstore_standard&id=0&user=9184&date=1773187200
2026-03-14,9184,QN25P0873 Trần Hà Ngọc Trinh,0.17,1,73,0.7,1,0.0,HAS ANOMALIES,excessive_events,medium,"S1 [21:58-22:08, 0.17h]: excessive_events - 434 events/hr (max=300)",https://glow.paclinks.org/report/log/index.php?chooselog=1&logreader=logstore_standard&id=0&user=9184&date=1773446400
2026-03-02,9187,QN25P0876 Nguyễn Thị Minh Hy,0.34,1,9,0.6,0,0.34,CLEAN,,,,https://glow.paclinks.org/report/log/index.php?chooselog=1&logreader=logstore_standard&id=0&user=9187&date=1772409600
2026-03-04,9187,QN25P0876 Nguyễn Thị Minh Hy,0.58,2,21,0.57,0,0.58,CLEAN,,,,https://glow.paclinks.org/report/log/index.php?chooselog=1&logreader=logstore_standard&id=0&user=9187&date=1772582400
2026-03-07,9187,QN25P0876 Nguyễn Thị Minh Hy,0.28,1,19,0.6,0,0.28,CLEAN,,,,https://glow.paclinks.org/report/log/index.php?chooselog=1&logreader=logstore_standard&id=0&user=9187&date=1772841600
2026-03-12,9187,QN25P0876 Nguyễn Thị Minh Hy,0.08,1,6,0.55,0,0.08,CLEAN,,,,https://glow.paclinks.org/report/log/index.php?chooselog=1&logreader=logstore_standard&id=0&user=9187&date=1773273600
2026-03-24,9187,QN25P0876 Nguyễn Thị Minh Hy,0.13,1,4,0.55,0,0.13,CLEAN,,,,https://glow.paclinks.org/report/log/index.php?chooselog=1&logreader=logstore_standard&id=0&user=9187&date=1774310400
2026-03-25,9187,QN25P0876 Nguyễn Thị Minh Hy,0.07,1,3,0.55,0,0.07,CLEAN,,,,https://glow.paclinks.org/report/log/index.php?chooselog=1&logreader=logstore_standard&id=0&user=9187&date=1774396800
2026-03-27,9187,QN25P0876 Nguyễn Thị Minh Hy,1.69,1,77,0.6,0,1.69,CLEAN,,,,https://glow.paclinks.org/report/log/index.php?chooselog=1&logreader=logstore_standard&id=0&user=9187&date=1774569600
2026-03-28,9187,QN25P0876 Nguyễn Thị Minh Hy,0.89,3,91,0.6,0,0.89,CLEAN,,,,https://glow.paclinks.org/report/log/index.php?chooselog=1&logreader=logstore_standard&id=0&user=9187&date=1774656000
2026-03-29,9187,QN25P0876 Nguyễn Thị Minh Hy,1.34,3,28,0.55,1,0.74,HAS ANOMALIES,single_activity_loop,medium,"S3 [20:23-20:59, 0.61h]: single_activity_loop - 92% of events on ""Quiz: Speaking""",https://glow.paclinks.org/report/log/index.php?chooselog=1&logreader=logstore_standard&id=0&user=9187&date=1774742400
2026-03-30,9187,QN25P0876 Nguyễn Thị Minh Hy,0.08,1,8,0.55,0,0.08,CLEAN,,,,https://glow.paclinks.org/report/log/index.php?chooselog=1&logreader=logstore_standard&id=0&user=9187&date=1774828800
2026-03-29,1545,QT18P0085 HOÀNG TẤN PHÚ QUỐC,0.12,1,11,0.55,0,0.12,CLEAN,,,,https://glow.paclinks.org/report/log/index.php?chooselog=1&logreader=logstore_standard&id=0&user=1545&date=1774742400
2026-03-11,300,QT18P0088 NGUYỄN THỊ MINH HIỆP,0.1,1,9,0.55,0,0.1,CLEAN,,,,https://glow.paclinks.org/report/log/index.php?chooselog=1&logreader=logstore_standard&id=0&user=300&date=1773187200
2026-03-02,5474,QT19P0230 Nguyễn Quang Huy,1.31,3,18,0.53,0,1.31,CLEAN,,,,https://glow.paclinks.org/report/log/index.php?chooselog=1&logreader=logstore_standard&id=0&user=5474&date=1772409600
2026-03-04,5474,QT19P0230 Nguyễn Quang Huy,2.43,3,19,0.53,0,2.43,CLEAN,,,,https://glow.paclinks.org/report/log/index.php?chooselog=1&logreader=logstore_standard&id=0&user=5474&date=1772582400
2026-03-06,5474,QT19P0230 Nguyễn Quang Huy,0.12,1,6,0.55,0,0.12,CLEAN,,,,https://glow.paclinks.org/report/log/index.php?chooselog=1&logreader=logstore_standard&id=0&user=5474&date=1772755200
2026-03-26,5474,QT19P0230 Nguyễn Quang Huy,0.24,1,16,0.6,0,0.24,CLEAN,,,,https://glow.paclinks.org/report/log/index.php?chooselog=1&logreader=logstore_standard&id=0&user=5474&date=1774483200
2026-03-27,5474,QT19P0230 Nguyễn Quang Huy,0.1,1,10,0.55,0,0.1,CLEAN,,,,https://glow.paclinks.org/report/log/index.php?chooselog=1&logreader=logstore_standard&id=0&user=5474&date=1774569600
2026-03-22,2030,QT19U0264 Lê Hữu Hưng,0.62,1,24,0.6,0,0.62,CLEAN,,,,https://glow.paclinks.org/report/log/index.php?chooselog=1&logreader=logstore_standard&id=0&user=2030&date=1774137600
2026-03-01,5143,QT20P0272 NGUYỄN THỊ HƯỜNG,0.2,1,9,0.55,0,0.2,CLEAN,,,,https://glow.paclinks.org/report/log/index.php?chooselog=1&logreader=logstore_standard&id=0&user=5143&date=1772323200
2026-03-02,5146,QT20P0275 LÊ THỊ NGỌC OANH,0.19,1,6,0.6,0,0.19,CLEAN,,,,https://glow.paclinks.org/report/log/index.php?chooselog=1&logreader=logstore_standard&id=0&user=5146&date=1772409600
2026-03-04,5146,QT20P0275 LÊ THỊ NGỌC OANH,0.26,1,3,0.55,0,0.26,CLEAN,,,,https://glow.paclinks.org/report/log/index.php?chooselog=1&logreader=logstore_standard&id=0&user=5146&date=1772582400
2026-03-09,5146,QT20P0275 LÊ THỊ NGỌC OANH,0.36,1,13,0.7,0,0.36,CLEAN,,,,https://glow.paclinks.org/report/log/index.php?chooselog=1&logreader=logstore_standard&id=0&user=5146&date=1773014400
2026-03-11,5146,QT20P0275 LÊ THỊ NGỌC OANH,0.86,3,38,0.63,0,0.86,CLEAN,,,,https://glow.paclinks.org/report/log/index.php?chooselog=1&logreader=logstore_standard&id=0&user=5146&date=1773187200
2026-03-16,5146,QT20P0275 LÊ THỊ NGỌC OANH,1.03,3,24,0.58,0,1.03,CLEAN,,,,https://glow.paclinks.org/report/log/index.php?chooselog=1&logreader=logstore_standard&id=0&user=5146&date=1773619200
2026-03-17,5146,QT20P0275 LÊ THỊ NGỌC OANH,0.45,1,11,0.6,0,0.45,CLEAN,,,,https://glow.paclinks.org/report/log/index.php?chooselog=1&logreader=logstore_standard&id=0&user=5146&date=1773705600
2026-03-18,5146,QT20P0275 LÊ THỊ NGỌC OANH,0.45,1,3,0.5,0,0.45,CLEAN,,,,https://glow.paclinks.org/report/log/index.php?chooselog=1&logreader=logstore_standard&id=0&user=5146&date=1773792000
2026-03-19,5146,QT20P0275 LÊ THỊ NGỌC OANH,2.15,5,27,0.52,0,2.15,CLEAN,,,,https://glow.paclinks.org/report/log/index.php?chooselog=1&logreader=logstore_standard&id=0&user=5146&date=1773878400
2026-03-20,5146,QT20P0275 LÊ THỊ NGỌC OANH,0.19,1,7,0.55,0,0.19,CLEAN,,,,https://glow.paclinks.org/report/log/index.php?chooselog=1&logreader=logstore_standard&id=0&user=5146&date=1773964800
2026-03-21,5146,QT20P0275 LÊ THỊ NGỌC OANH,1.72,2,16,0.53,0,1.72,CLEAN,,,,https://glow.paclinks.org/report/log/index.php?chooselog=1&logreader=logstore_standard&id=0&user=5146&date=1774051200
2026-03-22,5146,QT20P0275 LÊ THỊ NGỌC OANH,1.82,4,40,0.56,0,1.82,CLEAN,,,,https://glow.paclinks.org/report/log/index.php?chooselog=1&logreader=logstore_standard&id=0&user=5146&date=1774137600
2026-03-23,5146,QT20P0275 LÊ THỊ NGỌC OANH,0.5,2,18,0.53,0,0.5,CLEAN,,,,https://glow.paclinks.org/report/log/index.php?chooselog=1&logreader=logstore_standard&id=0&user=5146&date=1774224000
2026-03-24,5146,QT20P0275 LÊ THỊ NGỌC OANH,0.91,1,37,0.6,0,0.91,CLEAN,,,,https://glow.paclinks.org/report/log/index.php?chooselog=1&logreader=logstore_standard&id=0&user=5146&date=1774310400
2026-03-25,5146,QT20P0275 LÊ THỊ NGỌC OANH,0.4,2,16,0.57,0,0.4,CLEAN,,,,https://glow.paclinks.org/report/log/index.php?chooselog=1&logreader=logstore_standard&id=0&user=5146&date=1774396800
2026-03-26,5146,QT20P0275 LÊ THỊ NGỌC OANH,1.08,2,16,0.6,0,1.08,CLEAN,,,,https://glow.paclinks.org/report/log/index.php?chooselog=1&logreader=logstore_standard&id=0&user=5146&date=1774483200
2026-03-27,5146,QT20P0275 LÊ THỊ NGỌC OANH,1.45,1,7,0.5,0,1.45,CLEAN,,,,https://glow.paclinks.org/report/log/index.php?chooselog=1&logreader=logstore_standard&id=0&user=5146&date=1774569600
2026-03-28,5146,QT20P0275 LÊ THỊ NGỌC OANH,0.57,2,49,0.65,0,0.57,CLEAN,,,,https://glow.paclinks.org/report/log/index.php?chooselog=1&logreader=logstore_standard&id=0&user=5146&date=1774656000
2026-03-29,5146,QT20P0275 LÊ THỊ NGỌC OANH,0.29,1,11,0.55,0,0.29,CLEAN,,,,https://glow.paclinks.org/report/log/index.php?chooselog=1&logreader=logstore_standard&id=0&user=5146&date=1774742400
2026-03-30,5146,QT20P0275 LÊ THỊ NGỌC OANH,0.63,3,16,0.58,0,0.63,CLEAN,,,,https://glow.paclinks.org/report/log/index.php?chooselog=1&logreader=logstore_standard&id=0&user=5146&date=1774828800
2026-03-31,5146,QT20P0275 LÊ THỊ NGỌC OANH,0.23,1,11,0.55,0,0.23,CLEAN,,,,https://glow.paclinks.org/report/log/index.php?chooselog=1&logreader=logstore_standard&id=0&user=5146&date=1774915200
2026-03-10,5149,QT20P0278 PHẠM THỊ KIỀU MY,0.09,1,11,0.6,0,0.09,CLEAN,,,,https://glow.paclinks.org/report/log/index.php?chooselog=1&logreader=logstore_standard&id=0&user=5149&date=1773100800
2026-03-03,5160,QT20P0289 NGUYỄN THỊ THÙY DUYÊN,0.1,1,5,0.55,0,0.1,CLEAN,,,,https://glow.paclinks.org/report/log/index.php?chooselog=1&logreader=logstore_standard&id=0&user=5160&date=1772496000
2026-03-10,5160,QT20P0289 NGUYỄN THỊ THÙY DUYÊN,0.35,1,2,0.5,0,0.35,CLEAN,,,,https://glow.paclinks.org/report/log/index.php?chooselog=1&logreader=logstore_standard&id=0&user=5160&date=1773100800
2026-03-27,5160,QT20P0289 NGUYỄN THỊ THÙY DUYÊN,0.3,1,14,0.6,0,0.3,CLEAN,,,,https://glow.paclinks.org/report/log/index.php?chooselog=1&logreader=logstore_standard&id=0&user=5160&date=1774569600
2026-03-01,5184,QT20P0313 NGUYỄN ĐỨC NHÂN,0.1,1,8,0.5,0,0.1,CLEAN,,,,https://glow.paclinks.org/report/log/index.php?chooselog=1&logreader=logstore_standard&id=0&user=5184&date=1772323200
2026-03-01,5187,QT20P0316 NGUYỄN THỊ THANH HOÀI,0.72,1,48,0.6,0,0.72,CLEAN,,,,https://glow.paclinks.org/report/log/index.php?chooselog=1&logreader=logstore_standard&id=0&user=5187&date=1772323200
2026-03-04,5187,QT20P0316 NGUYỄN THỊ THANH HOÀI,0.81,2,14,0.57,0,0.81,CLEAN,,,,https://glow.paclinks.org/report/log/index.php?chooselog=1&logreader=logstore_standard&id=0&user=5187&date=1772582400
2026-03-05,5187,QT20P0316 NGUYỄN THỊ THANH HOÀI,1.69,2,262,0.75,0,1.69,CLEAN,,,,https://glow.paclinks.org/report/log/index.php?chooselog=1&logreader=logstore_standard&id=0&user=5187&date=1772668800
2026-03-07,5187,QT20P0316 NGUYỄN THỊ THANH HOÀI,1.19,3,153,0.75,0,1.19,CLEAN,,,,https://glow.paclinks.org/report/log/index.php?chooselog=1&logreader=logstore_standard&id=0&user=5187&date=1772841600
2026-03-08,5187,QT20P0316 NGUYỄN THỊ THANH HOÀI,1.06,4,91,0.64,0,1.06,CLEAN,,,,https://glow.paclinks.org/report/log/index.php?chooselog=1&logreader=logstore_standard&id=0&user=5187&date=1772928000
2026-03-09,5187,QT20P0316 NGUYỄN THỊ THANH HOÀI,0.73,1,125,0.8,0,0.73,CLEAN,,,,https://glow.paclinks.org/report/log/index.php?chooselog=1&logreader=logstore_standard&id=0&user=5187&date=1773014400
2026-03-10,5187,QT20P0316 NGUYỄN THỊ THANH HOÀI,0.26,1,31,0.65,0,0.26,CLEAN,,,,https://glow.paclinks.org/report/log/index.php?chooselog=1&logreader=logstore_standard&id=0&user=5187&date=1773100800
2026-03-11,5187,QT20P0316 NGUYỄN THỊ THANH HOÀI,1.7,2,69,0.57,0,1.7,CLEAN,,,,https://glow.paclinks.org/report/log/index.php?chooselog=1&logreader=logstore_standard&id=0&user=5187&date=1773187200
2026-03-12,5187,QT20P0316 NGUYỄN THỊ THANH HOÀI,0.56,2,20,0.55,0,0.56,CLEAN,,,,https://glow.paclinks.org/report/log/index.php?chooselog=1&logreader=logstore_standard&id=0&user=5187&date=1773273600
2026-03-17,5187,QT20P0316 NGUYỄN THỊ THANH HOÀI,1.09,3,29,0.52,0,1.09,CLEAN,,,,https://glow.paclinks.org/report/log/index.php?chooselog=1&logreader=logstore_standard&id=0&user=5187&date=1773705600
2026-03-19,5187,QT20P0316 NGUYỄN THỊ THANH HOÀI,1.21,2,154,0.82,0,1.21,CLEAN,,,,https://glow.paclinks.org/report/log/index.php?chooselog=1&logreader=logstore_standard&id=0&user=5187&date=1773878400
2026-03-20,5187,QT20P0316 NGUYỄN THỊ THANH HOÀI,3.23,2,212,0.85,0,3.23,CLEAN,,,,https://glow.paclinks.org/report/log/index.php?chooselog=1&logreader=logstore_standard&id=0&user=5187&date=1773964800
2026-03-21,5187,QT20P0316 NGUYỄN THỊ THANH HOÀI,0.36,2,31,0.55,0,0.36,CLEAN,,,,https://glow.paclinks.org/report/log/index.php?chooselog=1&logreader=logstore_standard&id=0&user=5187&date=1774051200
2026-03-22,5187,QT20P0316 NGUYỄN THỊ THANH HOÀI,1.27,2,110,0.62,0,1.27,CLEAN,,,,https://glow.paclinks.org/report/log/index.php?chooselog=1&logreader=logstore_standard&id=0&user=5187&date=1774137600
2026-03-23,5187,QT20P0316 NGUYỄN THỊ THANH HOÀI,0.82,1,90,0.65,0,0.82,CLEAN,,,,https://glow.paclinks.org/report/log/index.php?chooselog=1&logreader=logstore_standard&id=0&user=5187&date=1774224000
2026-03-24,5187,QT20P0316 NGUYỄN THỊ THANH HOÀI,0.64,2,124,0.82,0,0.64,CLEAN,,,,https://glow.paclinks.org/report/log/index.php?chooselog=1&logreader=logstore_standard&id=0&user=5187&date=1774310400
2026-03-26,5187,QT20P0316 NGUYỄN THỊ THANH HOÀI,1.72,1,295,0.85,0,1.72,CLEAN,,,,https://glow.paclinks.org/report/log/index.php?chooselog=1&logreader=logstore_standard&id=0&user=5187&date=1774483200
2026-03-17,5190,QT20P0319 NGUYỄN THỊ HOÀI THƯƠNG,0.18,1,7,0.55,0,0.18,CLEAN,,,,https://glow.paclinks.org/report/log/index.php?chooselog=1&logreader=logstore_standard&id=0&user=5190&date=1773705600
2026-03-03,6437,QT21P0343 LÊ THỊ THẢO NHI,0.22,1,111,0.65,1,0.0,HAS ANOMALIES,excessive_events,medium,"S1 [13:27-13:40, 0.22h]: excessive_events - 516 events/hr (max=300)",https://glow.paclinks.org/report/log/index.php?chooselog=1&logreader=logstore_standard&id=0&user=6437&date=1772496000
2026-03-12,6437,QT21P0343 LÊ THỊ THẢO NHI,0.3,1,56,0.7,0,0.3,CLEAN,,,,https://glow.paclinks.org/report/log/index.php?chooselog=1&logreader=logstore_standard&id=0&user=6437&date=1773273600
2026-03-16,6437,QT21P0343 LÊ THỊ THẢO NHI,0.29,1,44,0.55,0,0.29,CLEAN,,,,https://glow.paclinks.org/report/log/index.php?chooselog=1&logreader=logstore_standard&id=0&user=6437&date=1773619200
2026-03-20,6455,QT21P0361 Lê Công Nhẫn,2.77,1,116,0.5,1,0.0,HAS ANOMALIES,single_activity_loop,medium,"S1 [21:01-23:47, 2.77h]: single_activity_loop - 97% of events on ""Quiz: Unit 7 Sounds/Minimal Pairs (11 - 16)""",https://glow.paclinks.org/report/log/index.php?chooselog=1&logreader=logstore_standard&id=0&user=6455&date=1773964800
2026-03-30,6455,QT21P0361 Lê Công Nhẫn,4.53,1,181,0.5,1,0.0,HAS ANOMALIES,single_activity_loop,medium,"S1 [18:20-22:52, 4.53h]: single_activity_loop - 96% of events on ""Quiz:  Unit 2 - Paragraph (1 - 5)""",https://glow.paclinks.org/report/log/index.php?chooselog=1&logreader=logstore_standard&id=0&user=6455&date=1774828800
2026-03-31,6455,QT21P0361 Lê Công Nhẫn,5.92,3,254,0.65,1,3.83,HAS ANOMALIES,single_activity_loop,medium,"S2 [08:42-10:48, 2.09h]: single_activity_loop - 100% of events on ""Quiz: Unit 7 Paragraph Reading (1 - 2)""",https://glow.paclinks.org/report/log/index.php?chooselog=1&logreader=logstore_standard&id=0&user=6455&date=1774915200
2026-03-01,6720,QT21P0366 NGUYỄN NHƯ THUẬT,0.94,1,8,0.5,0,0.94,CLEAN,,,,https://glow.paclinks.org/report/log/index.php?chooselog=1&logreader=logstore_standard&id=0&user=6720&date=1772323200
2026-03-28,6720,QT21P0366 NGUYỄN NHƯ THUẬT,2.44,1,98,0.4,1,0.0,HAS ANOMALIES,single_activity_loop,medium,"S1 [00:42-03:08, 2.44h]: single_activity_loop - 96% of events on ""Quiz: UNIT 2 -Sentences and Intonation""",https://glow.paclinks.org/report/log/index.php?chooselog=1&logreader=logstore_standard&id=0&user=6720&date=1774656000
2026-03-29,6720,QT21P0366 NGUYỄN NHƯ THUẬT,1.27,1,56,0.55,0,1.27,CLEAN,,,,https://glow.paclinks.org/report/log/index.php?chooselog=1&logreader=logstore_standard&id=0&user=6720&date=1774742400
2026-03-01,7201,QT22P0377 TRƯƠNG THỊ ANH TÚ,1.44,1,22,0.5,0,1.44,CLEAN,,,,https://glow.paclinks.org/report/log/index.php?chooselog=1&logreader=logstore_standard&id=0&user=7201&date=1772323200
2026-03-02,7201,QT22P0377 TRƯƠNG THỊ ANH TÚ,0.54,1,13,0.5,0,0.54,CLEAN,,,,https://glow.paclinks.org/report/log/index.php?chooselog=1&logreader=logstore_standard&id=0&user=7201&date=1772409600
2026-03-03,7201,QT22P0377 TRƯƠNG THỊ ANH TÚ,1.06,1,19,0.5,0,1.06,CLEAN,,,,https://glow.paclinks.org/report/log/index.php?chooselog=1&logreader=logstore_standard&id=0&user=7201&date=1772496000
2026-03-07,7201,QT22P0377 TRƯƠNG THỊ ANH TÚ,0.3,1,9,0.5,0,0.3,CLEAN,,,,https://glow.paclinks.org/report/log/index.php?chooselog=1&logreader=logstore_standard&id=0&user=7201&date=1772841600
2026-03-12,7201,QT22P0377 TRƯƠNG THỊ ANH TÚ,1.41,1,18,0.5,0,1.41,CLEAN,,,,https://glow.paclinks.org/report/log/index.php?chooselog=1&logreader=logstore_standard&id=0&user=7201&date=1773273600
2026-03-13,7201,QT22P0377 TRƯƠNG THỊ ANH TÚ,0.5,1,5,0.5,0,0.5,CLEAN,,,,https://glow.paclinks.org/report/log/index.php?chooselog=1&logreader=logstore_standard&id=0&user=7201&date=1773360000
2026-03-14,7201,QT22P0377 TRƯƠNG THỊ ANH TÚ,0.75,1,15,0.5,0,0.75,CLEAN,,,,https://glow.paclinks.org/report/log/index.php?chooselog=1&logreader=logstore_standard&id=0&user=7201&date=1773446400
2026-03-20,7201,QT22P0377 TRƯƠNG THỊ ANH TÚ,0.87,1,13,0.5,0,0.87,CLEAN,,,,https://glow.paclinks.org/report/log/index.php?chooselog=1&logreader=logstore_standard&id=0&user=7201&date=1773964800
2026-03-22,7201,QT22P0377 TRƯƠNG THỊ ANH TÚ,0.23,1,19,0.55,0,0.23,CLEAN,,,,https://glow.paclinks.org/report/log/index.php?chooselog=1&logreader=logstore_standard&id=0&user=7201&date=1774137600
2026-03-01,7209,QT22P0385 ĐẶNG THỊ THÙY MY,0.2,1,7,0.55,0,0.2,CLEAN,,,,https://glow.paclinks.org/report/log/index.php?chooselog=1&logreader=logstore_standard&id=0&user=7209&date=1772323200
2026-03-25,7209,QT22P0385 ĐẶNG THỊ THÙY MY,0.08,1,10,0.6,0,0.08,CLEAN,,,,https://glow.paclinks.org/report/log/index.php?chooselog=1&logreader=logstore_standard&id=0&user=7209&date=1774396800
2026-03-01,7212,QT22P0388 TRẦN BÁ HẢI SƠN,2.45,1,608,0.65,1,0.0,HAS ANOMALIES,single_activity_loop,medium,"S1 [14:16-16:43, 2.45h]: single_activity_loop - 97% of events on ""Quiz: UNIT 4 Word Groups and Syllable Stress""",https://glow.paclinks.org/report/log/index.php?chooselog=1&logreader=logstore_standard&id=0&user=7212&date=1772323200
2026-03-02,7212,QT22P0388 TRẦN BÁ HẢI SƠN,3.67,1,1020,0.25,2,0.0,REVIEW REQUIRED,auto_refresh; single_activity_loop,medium; medium,"S1 [16:04-19:44, 3.67h]: auto_refresh - 98% of gaps within ±2.0s of mean 12.9s; single_activity_loop - 99% of events on ""Quiz: UNIT 4 Word Groups and Syllable Stress""",https://glow.paclinks.org/report/log/index.php?chooselog=1&logreader=logstore_standard&id=0&user=7212&date=1772409600
2026-03-03,7212,QT22P0388 TRẦN BÁ HẢI SƠN,2.23,1,589,0.25,2,0.0,REVIEW REQUIRED,auto_refresh; single_activity_loop,medium; medium,"S1 [21:06-23:19, 2.23h]: auto_refresh - 98% of gaps within ±2.0s of mean 13.6s; single_activity_loop - 99% of events on ""Interactive Content: Listening""",https://glow.paclinks.org/report/log/index.php?chooselog=1&logreader=logstore_standard&id=0&user=7212&date=1772496000
2026-03-04,7212,QT22P0388 TRẦN BÁ HẢI SƠN,2.08,1,577,0.1,2,0.0,REVIEW REQUIRED,auto_refresh; single_activity_loop,high; medium,"S1 [12:00-14:05, 2.08h]: auto_refresh - Gaps extremely regular: mean=13.0s, std=0.98s across 576 gaps; single_activity_loop - 99% of events on ""Interactive Content: Listening""",https://glow.paclinks.org/report/log/index.php?chooselog=1&logreader=logstore_standard&id=0&user=7212&date=1772582400
2026-03-05,7212,QT22P0388 TRẦN BÁ HẢI SƠN,6.85,2,1893,0.17,4,0.0,REVIEW REQUIRED,auto_refresh; single_activity_loop,high; medium,"S1 [08:16-10:49, 2.54h]: auto_refresh - Gaps extremely regular: mean=13.0s, std=0.93s across 702 gaps; single_activity_loop - 99% of events on ""Interactive Content: Listening""
S2 [15:22-19:40, 4.30h]: auto_refresh - 99% of gaps within ±2.0s of mean 13.0s; single_activity_loop - 99% of events on ""Interactive Content: Listening""",https://glow.paclinks.org/report/log/index.php?chooselog=1&logreader=logstore_standard&id=0&user=7212&date=1772668800
2026-03-07,7212,QT22P0388 TRẦN BÁ HẢI SƠN,0.99,1,273,0.05,2,0.0,REVIEW REQUIRED,auto_refresh; single_activity_loop,high; medium,"S1 [11:48-12:48, 0.99h]: auto_refresh - Gaps extremely regular: mean=13.1s, std=1.38s across 272 gaps; single_activity_loop - 99% of events on ""Course: TED Talks - General 2""",https://glow.paclinks.org/report/log/index.php?chooselog=1&logreader=logstore_standard&id=0&user=7212&date=1772841600
2026-03-09,7212,QT22P0388 TRẦN BÁ HẢI SƠN,2.77,2,774,0.17,4,0.0,REVIEW REQUIRED,auto_refresh; single_activity_loop,high; medium,"S1 [11:39-12:19, 0.67h]: auto_refresh - 97% of gaps within ±2.0s of mean 12.8s; single_activity_loop - 98% of events on ""Interactive Content: Listening""
S2 [15:09-17:15, 2.10h]: auto_refresh - Gaps extremely regular: mean=12.9s, std=0.93s across 583 gaps; single_activity_loop - 99% of events on ""Page: Listening - WATCH THIS FIRST""",https://glow.paclinks.org/report/log/index.php?chooselog=1&logreader=logstore_standard&id=0&user=7212&date=1773014400
2026-03-10,7212,QT22P0388 TRẦN BÁ HẢI SƠN,3.09,2,835,0.17,4,0.0,REVIEW REQUIRED,auto_refresh; single_activity_loop,high; medium,"S1 [17:00-19:01, 2.02h]: auto_refresh - 97% of gaps within ±2.0s of mean 13.6s; single_activity_loop - 98% of events on ""Quiz: UNIT 4 Word Groups and Syllable Stress""
S2 [20:14-21:19, 1.07h]: auto_refresh - Gaps extremely regular: mean=12.8s, std=1.43s across 301 gaps; single_activity_loop - 99% of events on ""Page: Vocabularies""",https://glow.paclinks.org/report/log/index.php?chooselog=1&logreader=logstore_standard&id=0&user=7212&date=1773100800
2026-03-11,7212,QT22P0388 TRẦN BÁ HẢI SƠN,1.61,2,336,0.38,2,0.25,REVIEW REQUIRED,auto_refresh; single_activity_loop,medium; medium,"S2 [21:30-22:52, 1.36h]: auto_refresh - 94% of gaps within ±2.0s of mean 14.7s; single_activity_loop - 98% of events on ""Interactive Content: Listening""",https://glow.paclinks.org/report/log/index.php?chooselog=1&logreader=logstore_standard&id=0&user=7212&date=1773187200
2026-03-13,7212,QT22P0388 TRẦN BÁ HẢI SƠN,0.16,1,4,0.5,0,0.16,CLEAN,,,,https://glow.paclinks.org/report/log/index.php?chooselog=1&logreader=logstore_standard&id=0&user=7212&date=1773360000
2026-03-14,7212,QT22P0388 TRẦN BÁ HẢI SƠN,0.38,1,105,0.25,2,0.0,REVIEW REQUIRED,auto_refresh; single_activity_loop,medium; medium,"S1 [18:04-18:27, 0.38h]: auto_refresh - 95% of gaps within ±2.0s of mean 13.2s; single_activity_loop - 96% of events on ""Interactive Content: Listening""",https://glow.paclinks.org/report/log/index.php?chooselog=1&logreader=logstore_standard&id=0&user=7212&date=1773446400
2026-03-24,7212,QT22P0388 TRẦN BÁ HẢI SƠN,0.1,1,4,0.5,0,0.1,CLEAN,,,,https://glow.paclinks.org/report/log/index.php?chooselog=1&logreader=logstore_standard&id=0&user=7212&date=1774310400
2026-03-25,7212,QT22P0388 TRẦN BÁ HẢI SƠN,0.09,1,4,0.5,0,0.09,CLEAN,,,,https://glow.paclinks.org/report/log/index.php?chooselog=1&logreader=logstore_standard&id=0&user=7212&date=1774396800
2026-03-28,7212,QT22P0388 TRẦN BÁ HẢI SƠN,0.15,1,4,0.5,0,0.15,CLEAN,,,,https://glow.paclinks.org/report/log/index.php?chooselog=1&logreader=logstore_standard&id=0&user=7212&date=1774656000
2026-03-29,7212,QT22P0388 TRẦN BÁ HẢI SƠN,0.19,2,8,0.5,0,0.19,CLEAN,,,,https://glow.paclinks.org/report/log/index.php?chooselog=1&logreader=logstore_standard&id=0&user=7212&date=1774742400
2026-03-01,7213,QT22P0389 NGUYỄN THÀNH TRUNG,0.17,1,6,0.65,0,0.17,CLEAN,,,,https://glow.paclinks.org/report/log/index.php?chooselog=1&logreader=logstore_standard&id=0&user=7213&date=1772323200
2026-03-02,7213,QT22P0389 NGUYỄN THÀNH TRUNG,0.26,1,11,0.65,0,0.26,CLEAN,,,,https://glow.paclinks.org/report/log/index.php?chooselog=1&logreader=logstore_standard&id=0&user=7213&date=1772409600
2026-03-03,7213,QT22P0389 NGUYỄN THÀNH TRUNG,0.43,2,18,0.57,0,0.43,CLEAN,,,,https://glow.paclinks.org/report/log/index.php?chooselog=1&logreader=logstore_standard&id=0&user=7213&date=1772496000
2026-03-04,7213,QT22P0389 NGUYỄN THÀNH TRUNG,0.17,2,11,0.57,0,0.17,CLEAN,,,,https://glow.paclinks.org/report/log/index.php?chooselog=1&logreader=logstore_standard&id=0&user=7213&date=1772582400
2026-03-06,7213,QT22P0389 NGUYỄN THÀNH TRUNG,0.14,1,12,0.65,0,0.14,CLEAN,,,,https://glow.paclinks.org/report/log/index.php?chooselog=1&logreader=logstore_standard&id=0&user=7213&date=1772755200
2026-03-10,7213,QT22P0389 NGUYỄN THÀNH TRUNG,0.1,1,12,0.65,0,0.1,CLEAN,,,,https://glow.paclinks.org/report/log/index.php?chooselog=1&logreader=logstore_standard&id=0&user=7213&date=1773100800
2026-03-13,7213,QT22P0389 NGUYỄN THÀNH TRUNG,0.07,1,9,0.65,0,0.07,CLEAN,,,,https://glow.paclinks.org/report/log/index.php?chooselog=1&logreader=logstore_standard&id=0&user=7213&date=1773360000
2026-03-15,7213,QT22P0389 NGUYỄN THÀNH TRUNG,0.38,1,12,0.65,0,0.38,CLEAN,,,,https://glow.paclinks.org/report/log/index.php?chooselog=1&logreader=logstore_standard&id=0&user=7213&date=1773532800
2026-03-17,7213,QT22P0389 NGUYỄN THÀNH TRUNG,0.13,1,11,0.65,0,0.13,CLEAN,,,,https://glow.paclinks.org/report/log/index.php?chooselog=1&logreader=logstore_standard&id=0&user=7213&date=1773705600
2026-03-20,7213,QT22P0389 NGUYỄN THÀNH TRUNG,0.14,1,16,0.8,0,0.14,CLEAN,,,,https://glow.paclinks.org/report/log/index.php?chooselog=1&logreader=logstore_standard&id=0&user=7213&date=1773964800
2026-03-08,7214,QT22P0390 LÊ QUANG HUY,0.94,1,34,0.65,0,0.94,CLEAN,,,,https://glow.paclinks.org/report/log/index.php?chooselog=1&logreader=logstore_standard&id=0&user=7214&date=1772928000
2026-03-09,7214,QT22P0390 LÊ QUANG HUY,10.72,2,329,0.33,3,1.08,REVIEW REQUIRED,session_too_long; auto_refresh; single_activity_loop,high; medium; medium,"S1 [00:00-09:38, 9.64h]: session_too_long - Session duration 9.6h exceeds 6h limit; auto_refresh - 100% of gaps within ±2.0s of mean 120.0s; single_activity_loop - 100% of events on ""Quiz: Unit 4 Key Vocabulary (1 - 10)""",https://glow.paclinks.org/report/log/index.php?chooselog=1&logreader=logstore_standard&id=0&user=7214&date=1773014400
2026-03-10,7214,QT22P0390 LÊ QUANG HUY,10.63,2,324,0.2,4,0.0,REVIEW REQUIRED,auto_refresh; single_activity_loop; session_too_long,medium; medium; high,"S1 [00:01-03:07, 3.10h]: auto_refresh - 100% of gaps within ±2.0s of mean 120.0s; single_activity_loop - 100% of events on ""Quiz:  Unit 3 - Key Vocabulary (11 - 23)""
S2 [06:19-13:51, 7.53h]: session_too_long - Session duration 7.5h exceeds 6h limit; single_activity_loop - 98% of events on ""Quiz: Unit 15 Key Vocabulary (12 - 22)""",https://glow.paclinks.org/report/log/index.php?chooselog=1&logreader=logstore_standard&id=0&user=7214&date=1773100800
2026-03-12,7214,QT22P0390 LÊ QUANG HUY,1.57,1,56,0.65,0,1.57,CLEAN,,,,https://glow.paclinks.org/report/log/index.php?chooselog=1&logreader=logstore_standard&id=0&user=7214&date=1773273600
2026-03-13,7214,QT22P0390 LÊ QUANG HUY,21.57,1,647,0.0,3,0.0,REVIEW REQUIRED,session_too_long; auto_refresh; single_activity_loop,high; medium; medium,"S1 [00:00-21:34, 21.57h]: session_too_long - Session duration 21.6h exceeds 6h limit; auto_refresh - 100% of gaps within ±2.0s of mean 120.0s; single_activity_loop - 100% of events on ""Course: Pronunciation - Intermediate""",https://glow.paclinks.org/report/log/index.php?chooselog=1&logreader=logstore_standard&id=0&user=7214&date=1773360000
2026-03-16,7214,QT22P0390 LÊ QUANG HUY,0.99,1,33,0.4,1,0.0,HAS ANOMALIES,single_activity_loop,medium,"S1 [23:01-00:01, 0.99h]: single_activity_loop - 91% of events on ""Quiz:  Unit 3 - Key Vocabulary (1 - 10)""",https://glow.paclinks.org/report/log/index.php?chooselog=1&logreader=logstore_standard&id=0&user=7214&date=1773619200
2026-03-17,7214,QT22P0390 LÊ QUANG HUY,12.87,1,386,0.0,3,0.0,REVIEW REQUIRED,session_too_long; auto_refresh; single_activity_loop,high; medium; medium,"S1 [00:01-12:53, 12.87h]: session_too_long - Session duration 12.9h exceeds 6h limit; auto_refresh - 99% of gaps within ±2.0s of mean 120.0s; single_activity_loop - 100% of events on ""Quiz:  Unit 3 - Key Vocabulary (1 - 10)""",https://glow.paclinks.org/report/log/index.php?chooselog=1&logreader=logstore_standard&id=0&user=7214&date=1773705600
2026-03-18,7214,QT22P0390 LÊ QUANG HUY,6.4,1,196,0.1,2,0.0,REVIEW REQUIRED,session_too_long; single_activity_loop,high; medium,"S1 [17:37-00:01, 6.40h]: session_too_long - Session duration 6.4h exceeds 6h limit; single_activity_loop - 98% of events on ""Quiz: Speaking""",https://glow.paclinks.org/report/log/index.php?chooselog=1&logreader=logstore_standard&id=0&user=7214&date=1773792000
2026-03-19,7214,QT22P0390 LÊ QUANG HUY,20.0,1,599,0.0,3,0.0,REVIEW REQUIRED,session_too_long; auto_refresh; single_activity_loop,high; medium; medium,"S1 [00:01-20:01, 20.00h]: session_too_long - Session duration 20.0h exceeds 6h limit; auto_refresh - 100% of gaps within ±2.0s of mean 120.2s; single_activity_loop - 100% of events on ""Quiz: Speaking""",https://glow.paclinks.org/report/log/index.php?chooselog=1&logreader=logstore_standard&id=0&user=7214&date=1773878400
2026-03-22,7214,QT22P0390 LÊ QUANG HUY,7.48,1,233,0.1,2,0.0,REVIEW REQUIRED,session_too_long; single_activity_loop,high; medium,"S1 [08:18-15:47, 7.48h]: session_too_long - Session duration 7.5h exceeds 6h limit; single_activity_loop - 97% of events on ""Course: TED Talks - General 1""",https://glow.paclinks.org/report/log/index.php?chooselog=1&logreader=logstore_standard&id=0&user=7214&date=1774137600
2026-03-23,7214,QT22P0390 LÊ QUANG HUY,14.59,2,449,0.33,3,0.0,REVIEW REQUIRED,single_activity_loop; session_too_long,medium; high,"S1 [00:31-05:45, 5.23h]: single_activity_loop - 97% of events on ""Quiz: UNIT 4 Paragraph Reading""
S2 [11:24-20:46, 9.36h]: session_too_long - Session duration 9.4h exceeds 6h limit; single_activity_loop - 99% of events on ""Course: TED Talks - General 1""",https://glow.paclinks.org/report/log/index.php?chooselog=1&logreader=logstore_standard&id=0&user=7214&date=1774224000
2026-03-24,7214,QT22P0390 LÊ QUANG HUY,0.46,1,24,0.55,0,0.46,CLEAN,,,,https://glow.paclinks.org/report/log/index.php?chooselog=1&logreader=logstore_standard&id=0&user=7214&date=1774310400
2026-03-25,7214,QT22P0390 LÊ QUANG HUY,9.04,1,271,0.0,3,0.0,REVIEW REQUIRED,session_too_long; auto_refresh; single_activity_loop,high; medium; medium,"S1 [00:00-09:02, 9.04h]: session_too_long - Session duration 9.0h exceeds 6h limit; auto_refresh - 100% of gaps within ±2.0s of mean 120.0s; single_activity_loop - 100% of events on ""Course: Pronunciation - Beginner""",https://glow.paclinks.org/report/log/index.php?chooselog=1&logreader=logstore_standard&id=0&user=7214&date=1774396800
2026-03-30,7214,QT22P0390 LÊ QUANG HUY,15.61,2,474,0.2,4,0.0,REVIEW REQUIRED,auto_refresh; single_activity_loop; session_too_long,medium; medium; high,"S1 [00:01-05:57, 5.93h]: auto_refresh - 100% of gaps within ±2.0s of mean 120.0s; single_activity_loop - 100% of events on ""Quiz: Unit 6 - Paragraphs (1-2)""
S2 [13:24-23:05, 9.68h]: session_too_long - Session duration 9.7h exceeds 6h limit; single_activity_loop - 99% of events on ""Quiz: Unit 14 - Key Vocabulary (11-25)""",https://glow.paclinks.org/report/log/index.php?chooselog=1&logreader=logstore_standard&id=0&user=7214&date=1774828800
2026-03-31,7214,QT22P0390 LÊ QUANG HUY,13.32,1,405,0.05,3,0.0,REVIEW REQUIRED,session_too_long; auto_refresh; single_activity_loop,high; medium; medium,"S1 [06:20-19:39, 13.32h]: session_too_long - Session duration 13.3h exceeds 6h limit; auto_refresh - 92% of gaps within ±2.0s of mean 118.4s; single_activity_loop - 99% of events on ""Quiz: Unit 10 Key Vocabulary (11 - 25)""",https://glow.paclinks.org/report/log/index.php?chooselog=1&logreader=logstore_standard&id=0&user=7214&date=1774915200
2026-03-07,7215,QT22P0391 LÊ NHƯ Ý,0.08,1,7,0.55,0,0.08,CLEAN,,,,https://glow.paclinks.org/report/log/index.php?chooselog=1&logreader=logstore_standard&id=0&user=7215&date=1772841600
2026-03-12,7215,QT22P0391 LÊ NHƯ Ý,0.2,1,7,0.55,0,0.2,CLEAN,,,,https://glow.paclinks.org/report/log/index.php?chooselog=1&logreader=logstore_standard&id=0&user=7215&date=1773273600
2026-03-15,7215,QT22P0391 LÊ NHƯ Ý,0.41,1,4,0.55,0,0.41,CLEAN,,,,https://glow.paclinks.org/report/log/index.php?chooselog=1&logreader=logstore_standard&id=0&user=7215&date=1773532800
2026-03-16,7215,QT22P0391 LÊ NHƯ Ý,0.33,2,7,0.5,0,0.33,CLEAN,,,,https://glow.paclinks.org/report/log/index.php?chooselog=1&logreader=logstore_standard&id=0&user=7215&date=1773619200
2026-03-19,7215,QT22P0391 LÊ NHƯ Ý,0.33,1,5,0.55,0,0.33,CLEAN,,,,https://glow.paclinks.org/report/log/index.php?chooselog=1&logreader=logstore_standard&id=0&user=7215&date=1773878400
2026-03-25,7215,QT22P0391 LÊ NHƯ Ý,0.41,1,3,0.5,0,0.41,CLEAN,,,,https://glow.paclinks.org/report/log/index.php?chooselog=1&logreader=logstore_standard&id=0&user=7215&date=1774396800
2026-03-28,7215,QT22P0391 LÊ NHƯ Ý,0.08,1,6,0.55,0,0.08,CLEAN,,,,https://glow.paclinks.org/report/log/index.php?chooselog=1&logreader=logstore_standard&id=0&user=7215&date=1774656000
2026-03-26,7218,QT22P0394 NGUYỄN TẤN ĐỨC,1.9,2,28,0.55,0,1.9,CLEAN,,,,https://glow.paclinks.org/report/log/index.php?chooselog=1&logreader=logstore_standard&id=0&user=7218&date=1774483200
2026-03-27,7218,QT22P0394 NGUYỄN TẤN ĐỨC,0.74,2,5,0.53,0,0.74,CLEAN,,,,https://glow.paclinks.org/report/log/index.php?chooselog=1&logreader=logstore_standard&id=0&user=7218&date=1774569600
2026-03-01,7224,QT22P0400 NGUYỄN THÚY HÀ,0.1,1,6,0.55,0,0.1,CLEAN,,,,https://glow.paclinks.org/report/log/index.php?chooselog=1&logreader=logstore_standard&id=0&user=7224&date=1772323200
2026-03-09,7224,QT22P0400 NGUYỄN THÚY HÀ,0.06,1,6,0.55,0,0.06,CLEAN,,,,https://glow.paclinks.org/report/log/index.php?chooselog=1&logreader=logstore_standard&id=0&user=7224&date=1773014400
2026-03-13,7224,QT22P0400 NGUYỄN THÚY HÀ,0.29,2,19,0.57,0,0.29,CLEAN,,,,https://glow.paclinks.org/report/log/index.php?chooselog=1&logreader=logstore_standard&id=0&user=7224&date=1773360000
2026-03-15,7224,QT22P0400 NGUYỄN THÚY HÀ,0.25,1,11,0.65,0,0.25,CLEAN,,,,https://glow.paclinks.org/report/log/index.php?chooselog=1&logreader=logstore_standard&id=0&user=7224&date=1773532800
2026-03-17,7224,QT22P0400 NGUYỄN THÚY HÀ,0.07,1,13,0.65,0,0.07,CLEAN,,,,https://glow.paclinks.org/report/log/index.php?chooselog=1&logreader=logstore_standard&id=0&user=7224&date=1773705600
2026-03-19,7224,QT22P0400 NGUYỄN THÚY HÀ,0.11,1,4,0.5,0,0.11,CLEAN,,,,https://glow.paclinks.org/report/log/index.php?chooselog=1&logreader=logstore_standard&id=0&user=7224&date=1773878400
2026-03-21,7224,QT22P0400 NGUYỄN THÚY HÀ,0.07,1,13,0.65,0,0.07,CLEAN,,,,https://glow.paclinks.org/report/log/index.php?chooselog=1&logreader=logstore_standard&id=0&user=7224&date=1774051200
2026-03-23,7224,QT22P0400 NGUYỄN THÚY HÀ,0.19,1,11,0.65,0,0.19,CLEAN,,,,https://glow.paclinks.org/report/log/index.php?chooselog=1&logreader=logstore_standard&id=0&user=7224&date=1774224000
2026-03-25,7224,QT22P0400 NGUYỄN THÚY HÀ,0.1,1,11,0.65,0,0.1,CLEAN,,,,https://glow.paclinks.org/report/log/index.php?chooselog=1&logreader=logstore_standard&id=0&user=7224&date=1774396800
2026-03-28,7224,QT22P0400 NGUYỄN THÚY HÀ,0.6,1,26,0.65,0,0.6,CLEAN,,,,https://glow.paclinks.org/report/log/index.php?chooselog=1&logreader=logstore_standard&id=0&user=7224&date=1774656000
2026-03-17,7229,QT22P0405 LÊ THỊ YẾN NHI,0.06,1,12,0.55,0,0.06,CLEAN,,,,https://glow.paclinks.org/report/log/index.php?chooselog=1&logreader=logstore_standard&id=0&user=7229&date=1773705600
2026-03-18,7229,QT22P0405 LÊ THỊ YẾN NHI,0.16,1,13,0.55,0,0.16,CLEAN,,,,https://glow.paclinks.org/report/log/index.php?chooselog=1&logreader=logstore_standard&id=0&user=7229&date=1773792000
2026-03-19,7229,QT22P0405 LÊ THỊ YẾN NHI,0.12,1,7,0.55,0,0.12,CLEAN,,,,https://glow.paclinks.org/report/log/index.php?chooselog=1&logreader=logstore_standard&id=0&user=7229&date=1773878400
2026-03-23,7229,QT22P0405 LÊ THỊ YẾN NHI,0.33,1,12,0.55,0,0.33,CLEAN,,,,https://glow.paclinks.org/report/log/index.php?chooselog=1&logreader=logstore_standard&id=0&user=7229&date=1774224000
2026-03-25,7229,QT22P0405 LÊ THỊ YẾN NHI,0.22,1,6,0.55,0,0.22,CLEAN,,,,https://glow.paclinks.org/report/log/index.php?chooselog=1&logreader=logstore_standard&id=0&user=7229&date=1774396800
2026-03-28,7229,QT22P0405 LÊ THỊ YẾN NHI,0.07,1,6,0.55,0,0.07,CLEAN,,,,https://glow.paclinks.org/report/log/index.php?chooselog=1&logreader=logstore_standard&id=0&user=7229&date=1774656000
2026-03-31,7229,QT22P0405 LÊ THỊ YẾN NHI,0.27,1,6,0.55,0,0.27,CLEAN,,,,https://glow.paclinks.org/report/log/index.php?chooselog=1&logreader=logstore_standard&id=0&user=7229&date=1774915200
2026-03-01,7232,QT22P0408 LÊ NGUYỄN THÙY DUNG,4.85,2,1040,0.3,3,0.0,REVIEW REQUIRED,single_activity_loop; auto_refresh,medium; medium,"S1 [00:00-01:17, 1.28h]: single_activity_loop - 100% of events on ""Interactive Content: Reading""
S2 [19:38-23:12, 3.57h]: auto_refresh - 99% of gaps within ±2.0s of mean 16.2s; single_activity_loop - 99% of events on ""Interactive Content: Reading""",https://glow.paclinks.org/report/log/index.php?chooselog=1&logreader=logstore_standard&id=0&user=7232&date=1772323200
2026-03-02,7232,QT22P0408 LÊ NGUYỄN THÙY DUNG,1.68,1,385,0.25,2,0.0,REVIEW REQUIRED,auto_refresh; single_activity_loop,medium; medium,"S1 [21:35-23:16, 1.68h]: auto_refresh - 97% of gaps within ±2.0s of mean 15.7s; single_activity_loop - 98% of events on ""Quiz: UNIT 2 - Sounds/Minimal Pairs""",https://glow.paclinks.org/report/log/index.php?chooselog=1&logreader=logstore_standard&id=0&user=7232&date=1772409600
2026-03-03,7232,QT22P0408 LÊ NGUYỄN THÙY DUNG,3.52,2,726,0.33,2,0.24,REVIEW REQUIRED,auto_refresh; single_activity_loop,high; medium,"S1 [14:13-17:30, 3.28h]: auto_refresh - Gaps extremely regular: mean=16.4s, std=1.24s across 719 gaps; single_activity_loop - 99% of events on ""Quiz: UNIT 2 - Word groups and Syllable Stress""",https://glow.paclinks.org/report/log/index.php?chooselog=1&logreader=logstore_standard&id=0&user=7232&date=1772496000
2026-03-04,7232,QT22P0408 LÊ NGUYỄN THÙY DUNG,2.9,2,669,0.12,5,0.0,REVIEW REQUIRED,auto_refresh; excessive_events; single_activity_loop,high; medium; medium,"S1 [00:00-00:12, 0.21h]: auto_refresh - Gaps extremely regular: mean=11.1s, std=0.40s across 68 gaps; excessive_events - 325 events/hr (max=300); single_activity_loop - 100% of events on ""Interactive Content: Reading""
S2 [21:19-00:00, 2.69h]: auto_refresh - 99% of gaps within ±2.0s of mean 16.1s; single_activity_loop - 100% of events on ""Interactive Content: Reading""",https://glow.paclinks.org/report/log/index.php?chooselog=1&logreader=logstore_standard&id=0&user=7232&date=1772582400
2026-03-05,7232,QT22P0408 LÊ NGUYỄN THÙY DUNG,3.09,2,707,0.15,4,0.0,REVIEW REQUIRED,auto_refresh; single_activity_loop,high; medium,"S1 [00:00-00:17, 0.29h]: auto_refresh - Gaps extremely regular: mean=16.1s, std=0.61s across 64 gaps; single_activity_loop - 100% of events on ""Interactive Content: Reading""
S2 [14:35-17:22, 2.80h]: auto_refresh - 98% of gaps within ±2.0s of mean 15.7s; single_activity_loop - 99% of events on ""Quiz: UNIT 1 - Sounds/Minimal Pairs""",https://glow.paclinks.org/report/log/index.php?chooselog=1&logreader=logstore_standard&id=0&user=7232&date=1772668800
2026-03-06,7232,QT22P0408 LÊ NGUYỄN THÙY DUNG,1.83,1,417,0.25,2,0.0,REVIEW REQUIRED,auto_refresh; single_activity_loop,medium; medium,"S1 [22:10-00:00, 1.83h]: auto_refresh - 98% of gaps within ±2.0s of mean 15.8s; single_activity_loop - 99% of events on ""Interactive Content: Reading""",https://glow.paclinks.org/report/log/index.php?chooselog=1&logreader=logstore_standard&id=0&user=7232&date=1772755200
2026-03-07,7232,QT22P0408 LÊ NGUYỄN THÙY DUNG,6.7,3,1510,0.13,6,0.0,REVIEW REQUIRED,auto_refresh; single_activity_loop,high; medium,"S1 [00:00-00:48, 0.80h]: auto_refresh - Gaps extremely regular: mean=16.0s, std=0.30s across 180 gaps; single_activity_loop - 100% of events on ""Interactive Content: Reading""
S2 [09:01-11:04, 2.05h]: auto_refresh - Gaps extremely regular: mean=15.9s, std=1.47s across 465 gaps; single_activity_loop - 99% of events on ""Quiz: UNIT 2 - Sounds/Minimal Pairs""
S3 [13:47-17:38, 3.84h]: auto_refresh - 99% of gaps within ±2.0s of mean 16.0s; single_activity_loop - 99% of events on ""Interactive Content: Reading""",https://glow.paclinks.org/report/log/index.php?chooselog=1&logreader=logstore_standard&id=0&user=7232&date=1772841600
2026-03-08,7232,QT22P0408 LÊ NGUYỄN THÙY DUNG,2.66,1,860,0.0,3,0.0,REVIEW REQUIRED,auto_refresh; excessive_events; single_activity_loop,high; medium; medium,"S1 [21:20-00:00, 2.66h]: auto_refresh - Gaps extremely regular: mean=11.1s, std=1.29s across 859 gaps; excessive_events - 324 events/hr (max=300); single_activity_loop - 99% of events on ""Interactive Content: Reading""",https://glow.paclinks.org/report/log/index.php?chooselog=1&logreader=logstore_standard&id=0&user=7232&date=1772928000
2026-03-09,7232,QT22P0408 LÊ NGUYỄN THÙY DUNG,3.07,2,777,0.12,5,0.0,REVIEW REQUIRED,auto_refresh; excessive_events; single_activity_loop,high; medium; medium,"S1 [00:00-00:57, 0.96h]: auto_refresh - Gaps extremely regular: mean=11.1s, std=0.35s across 310 gaps; excessive_events - 325 events/hr (max=300); single_activity_loop - 100% of events on ""Interactive Content: Reading""
S2 [15:12-17:19, 2.11h]: auto_refresh - 98% of gaps within ±2.0s of mean 16.3s; single_activity_loop - 99% of events on ""Interactive Content: Reading""",https://glow.paclinks.org/report/log/index.php?chooselog=1&logreader=logstore_standard&id=0&user=7232&date=1773014400
2026-03-11,7232,QT22P0408 LÊ NGUYỄN THÙY DUNG,2.59,2,567,0.4,2,0.28,HAS ANOMALIES,auto_refresh; single_activity_loop,medium; medium,"S1 [15:01-17:20, 2.32h]: auto_refresh - 98% of gaps within ±2.0s of mean 16.2s; single_activity_loop - 99% of events on ""Interactive Content: Reading""",https://glow.paclinks.org/report/log/index.php?chooselog=1&logreader=logstore_standard&id=0&user=7232&date=1773187200
2026-03-12,7232,QT22P0408 LÊ NGUYỄN THÙY DUNG,3.6,2,788,0.15,4,0.0,REVIEW REQUIRED,auto_refresh; single_activity_loop,high; medium,"S1 [00:00-00:56, 0.94h]: auto_refresh - Gaps extremely regular: mean=16.1s, std=0.37s across 209 gaps; single_activity_loop - 100% of events on ""Interactive Content: Reading""
S2 [14:45-17:25, 2.66h]: auto_refresh - 99% of gaps within ±2.0s of mean 16.6s; single_activity_loop - 99% of events on ""Interactive Content: Reading""",https://glow.paclinks.org/report/log/index.php?chooselog=1&logreader=logstore_standard&id=0&user=7232&date=1773273600
2026-03-15,7232,QT22P0408 LÊ NGUYỄN THÙY DUNG,0.83,3,140,0.5,2,0.3,HAS ANOMALIES,auto_refresh; single_activity_loop,medium; medium,"S3 [23:28-00:00, 0.53h]: auto_refresh - 94% of gaps within ±2.0s of mean 15.2s; single_activity_loop - 95% of events on ""Quiz: UNIT 1 - Sentences and Intonation""",https://glow.paclinks.org/report/log/index.php?chooselog=1&logreader=logstore_standard&id=0&user=7232&date=1773532800
2026-03-16,7232,QT22P0408 LÊ NGUYỄN THÙY DUNG,5.44,2,1221,0.15,4,0.0,REVIEW REQUIRED,auto_refresh; single_activity_loop,high; medium,"S1 [00:00-00:37, 0.63h]: auto_refresh - Gaps extremely regular: mean=15.7s, std=0.46s across 143 gaps; single_activity_loop - 100% of events on ""Quiz: UNIT 1 - Sentences and Intonation""
S2 [18:56-23:45, 4.82h]: auto_refresh - 99% of gaps within ±2.0s of mean 16.1s; single_activity_loop - 99% of events on ""Quiz: UNIT 1 - Sentences and Intonation""",https://glow.paclinks.org/report/log/index.php?chooselog=1&logreader=logstore_standard&id=0&user=7232&date=1773619200
2026-03-17,7232,QT22P0408 LÊ NGUYỄN THÙY DUNG,1.17,1,271,0.25,2,0.0,REVIEW REQUIRED,auto_refresh; single_activity_loop,medium; medium,"S1 [22:50-00:00, 1.17h]: auto_refresh - 97% of gaps within ±2.0s of mean 15.5s; single_activity_loop - 96% of events on ""Quiz: UNIT 3 - Sounds/Minimal Pairs""",https://glow.paclinks.org/report/log/index.php?chooselog=1&logreader=logstore_standard&id=0&user=7232&date=1773705600
2026-03-18,7232,QT22P0408 LÊ NGUYỄN THÙY DUNG,4.28,3,982,0.18,6,0.0,REVIEW REQUIRED,auto_refresh; single_activity_loop,high; medium,"S1 [00:00-01:15, 1.25h]: auto_refresh - Gaps extremely regular: mean=15.7s, std=0.47s across 287 gaps; single_activity_loop - 100% of events on ""Quiz: UNIT 3 - Sounds/Minimal Pairs""
S2 [09:37-11:49, 2.19h]: auto_refresh - 98% of gaps within ±2.0s of mean 15.7s; single_activity_loop - 99% of events on ""Quiz: UNIT 2 -Key vocabulary""
S3 [23:10-00:00, 0.83h]: auto_refresh - 95% of gaps within ±2.0s of mean 15.7s; single_activity_loop - 96% of events on ""Interactive Content: Reading""",https://glow.paclinks.org/report/log/index.php?chooselog=1&logreader=logstore_standard&id=0&user=7232&date=1773792000
2026-03-19,7232,QT22P0408 LÊ NGUYỄN THÙY DUNG,2.13,2,397,0.23,3,0.0,REVIEW REQUIRED,auto_refresh; single_activity_loop,high; medium,"S1 [00:00-01:19, 1.31h]: auto_refresh - Gaps extremely regular: mean=16.0s, std=0.33s across 295 gaps; single_activity_loop - 100% of events on ""Interactive Content: Reading""
S2 [23:11-00:00, 0.82h]: single_activity_loop - 95% of events on ""Quiz: UNIT 2 - Word groups and Syllable Stress""",https://glow.paclinks.org/report/log/index.php?chooselog=1&logreader=logstore_standard&id=0&user=7232&date=1773878400
2026-03-20,7232,QT22P0408 LÊ NGUYỄN THÙY DUNG,3.47,2,694,0.33,2,1.83,REVIEW REQUIRED,auto_refresh; single_activity_loop,high; medium,"S1 [00:00-01:38, 1.64h]: auto_refresh - Gaps extremely regular: mean=16.1s, std=0.40s across 366 gaps; single_activity_loop - 100% of events on ""Quiz: UNIT 2 - Word groups and Syllable Stress""",https://glow.paclinks.org/report/log/index.php?chooselog=1&logreader=logstore_standard&id=0&user=7232&date=1773964800
2026-03-21,7232,QT22P0408 LÊ NGUYỄN THÙY DUNG,1.95,2,452,0.25,4,0.0,REVIEW REQUIRED,auto_refresh; single_activity_loop,medium; medium,"S1 [15:58-17:25, 1.46h]: auto_refresh - 98% of gaps within ±2.0s of mean 15.6s; single_activity_loop - 99% of events on ""Quiz: UNIT 1 - Sounds/Minimal Pairs""
S2 [22:40-23:10, 0.49h]: auto_refresh - 92% of gaps within ±2.0s of mean 15.5s; single_activity_loop - 91% of events on ""Interactive Content: Reading""",https://glow.paclinks.org/report/log/index.php?chooselog=1&logreader=logstore_standard&id=0&user=7232&date=1774051200
2026-03-22,7232,QT22P0408 LÊ NGUYỄN THÙY DUNG,2.65,2,604,0.15,4,0.0,REVIEW REQUIRED,auto_refresh; single_activity_loop,high; medium,"S1 [00:00-01:37, 1.62h]: auto_refresh - Gaps extremely regular: mean=16.0s, std=0.62s across 364 gaps; single_activity_loop - 100% of events on ""Interactive Content: Reading""
S2 [22:58-00:00, 1.03h]: auto_refresh - 97% of gaps within ±2.0s of mean 15.5s; single_activity_loop - 97% of events on ""Quiz: UNIT 1 - Sounds/Minimal Pairs""",https://glow.paclinks.org/report/log/index.php?chooselog=1&logreader=logstore_standard&id=0&user=7232&date=1774137600
2026-03-23,7232,QT22P0408 LÊ NGUYỄN THÙY DUNG,5.37,3,1228,0.2,6,0.0,REVIEW REQUIRED,auto_refresh; single_activity_loop,high; medium,"S1 [00:00-00:32, 0.54h]: auto_refresh - Gaps extremely regular: mean=15.7s, std=1.29s across 124 gaps; single_activity_loop - 98% of events on ""Quiz: UNIT 1 - Sounds/Minimal Pairs""
S2 [16:57-18:00, 1.05h]: auto_refresh - 98% of gaps within ±2.0s of mean 15.6s; single_activity_loop - 98% of events on ""Interactive Content: Reading""
S3 [19:50-23:37, 3.78h]: auto_refresh - 99% of gaps within ±2.0s of mean 15.8s; single_activity_loop - 91% of events on ""Quiz: UNIT 3 - Sounds/Minimal Pairs""",https://glow.paclinks.org/report/log/index.php?chooselog=1&logreader=logstore_standard&id=0&user=7232&date=1774224000
2026-03-24,7232,QT22P0408 LÊ NGUYỄN THÙY DUNG,4.14,2,929,0.25,4,0.0,REVIEW REQUIRED,auto_refresh; single_activity_loop,medium; medium,"S1 [13:58-16:51, 2.88h]: auto_refresh - 98% of gaps within ±2.0s of mean 16.0s; single_activity_loop - 98% of events on ""Interactive Content: Reading""
S2 [22:43-00:00, 1.27h]: auto_refresh - 96% of gaps within ±2.0s of mean 16.1s; single_activity_loop - 99% of events on ""Quiz: UNIT 2 - Word groups and Syllable Stress""",https://glow.paclinks.org/report/log/index.php?chooselog=1&logreader=logstore_standard&id=0&user=7232&date=1774310400
2026-03-25,7232,QT22P0408 LÊ NGUYỄN THÙY DUNG,6.2,3,1561,0.05,7,0.0,REVIEW REQUIRED,auto_refresh; single_activity_loop; excessive_events,high; medium; medium,"S1 [00:00-00:52, 0.87h]: auto_refresh - Gaps extremely regular: mean=16.0s, std=0.43s across 195 gaps; single_activity_loop - 100% of events on ""Quiz: UNIT 2 - Word groups and Syllable Stress""
S2 [16:51-18:15, 1.41h]: auto_refresh - Gaps extremely regular: mean=11.0s, std=0.82s across 460 gaps; excessive_events - 328 events/hr (max=300); single_activity_loop - 99% of events on ""Interactive Content: Reading""
S3 [20:04-00:00, 3.92h]: auto_refresh - Gaps extremely regular: mean=15.6s, std=1.13s across 903 gaps; single_activity_loop - 99% of events on ""Quiz: UNIT 2 -Key vocabulary""",https://glow.paclinks.org/report/log/index.php?chooselog=1&logreader=logstore_standard&id=0&user=7232&date=1774396800
2026-03-26,7232,QT22P0408 LÊ NGUYỄN THÙY DUNG,3.94,3,887,0.18,6,0.0,REVIEW REQUIRED,auto_refresh; single_activity_loop,high; medium,"S1 [00:00-00:32, 0.53h]: auto_refresh - Gaps extremely regular: mean=15.6s, std=0.48s across 122 gaps; single_activity_loop - 100% of events on ""Quiz: UNIT 2 -Key vocabulary""
S2 [14:54-17:05, 2.20h]: auto_refresh - 99% of gaps within ±2.0s of mean 16.0s; single_activity_loop - 99% of events on ""Interactive Content: Reading""
S3 [22:47-00:00, 1.21h]: auto_refresh - 96% of gaps within ±2.0s of mean 16.1s; single_activity_loop - 97% of events on ""Interactive Content: Reading""",https://glow.paclinks.org/report/log/index.php?chooselog=1&logreader=logstore_standard&id=0&user=7232&date=1774483200
2026-03-27,7232,QT22P0408 LÊ NGUYỄN THÙY DUNG,1.34,2,306,0.15,4,0.0,REVIEW REQUIRED,auto_refresh; single_activity_loop,high; medium,"S1 [00:00-00:11, 0.19h]: auto_refresh - Gaps extremely regular: mean=16.1s, std=0.37s across 42 gaps; single_activity_loop - 100% of events on ""Interactive Content: Reading""
S2 [19:08-20:17, 1.15h]: auto_refresh - 97% of gaps within ±2.0s of mean 15.7s; single_activity_loop - 98% of events on ""Interactive Content: Reading""",https://glow.paclinks.org/report/log/index.php?chooselog=1&logreader=logstore_standard&id=0&user=7232&date=1774569600
2026-03-28,7232,QT22P0408 LÊ NGUYỄN THÙY DUNG,2.4,1,546,0.35,2,0.0,REVIEW REQUIRED,auto_refresh; single_activity_loop,medium; medium,"S1 [15:01-17:25, 2.40h]: auto_refresh - 98% of gaps within ±2.0s of mean 15.8s; single_activity_loop - 99% of events on ""Quiz: Unit 1 - Sounds/Minimal Pairs (1 - 10)""",https://glow.paclinks.org/report/log/index.php?chooselog=1&logreader=logstore_standard&id=0&user=7232&date=1774656000
2026-03-31,7232,QT22P0408 LÊ NGUYỄN THÙY DUNG,4.31,2,994,0.3,4,0.0,REVIEW REQUIRED,auto_refresh; single_activity_loop,medium; medium,"S1 [13:55-16:37, 2.70h]: auto_refresh - 98% of gaps within ±2.0s of mean 15.6s; single_activity_loop - 99% of events on ""Quiz: UNIT 1 - Word groups and Syllable Stress""
S2 [22:23-00:00, 1.62h]: auto_refresh - 98% of gaps within ±2.0s of mean 15.6s; single_activity_loop - 98% of events on ""Quiz: UNIT 1 - Sounds/Minimal Pairs""",https://glow.paclinks.org/report/log/index.php?chooselog=1&logreader=logstore_standard&id=0&user=7232&date=1774915200
2026-03-15,7468,QT22P0412 NGUYỄN BÁ DŨNG,0.39,1,28,0.65,0,0.39,CLEAN,,,,https://glow.paclinks.org/report/log/index.php?chooselog=1&logreader=logstore_standard&id=0&user=7468&date=1773532800
2026-03-16,7468,QT22P0412 NGUYỄN BÁ DŨNG,1.9,6,56,0.46,2,1.1,HAS ANOMALIES,single_activity_loop,medium,"S4 [08:40-09:11, 0.52h]: single_activity_loop - 100% of events on ""Quiz: Unit 4 Paragraph Reading (1 - 3)""
S5 [09:34-09:51, 0.28h]: single_activity_loop - 100% of events on ""Quiz: Unit 4 Paragraph Reading (1 - 3)""",https://glow.paclinks.org/report/log/index.php?chooselog=1&logreader=logstore_standard&id=0&user=7468&date=1773619200
2026-03-02,7469,QT22P0413 LÊ HOÀNG THÙY TRANG,0.05,1,10,0.6,0,0.05,CLEAN,,,,https://glow.paclinks.org/report/log/index.php?chooselog=1&logreader=logstore_standard&id=0&user=7469&date=1772409600
2026-03-13,7471,QT22P0415 HOÀNG PHÚC THỊNH,8.77,2,849,0.5,2,5.19,HAS ANOMALIES,auto_refresh; single_activity_loop,medium; medium,"S2 [18:07-21:41, 3.57h]: auto_refresh - 98% of gaps within ±2.0s of mean 59.0s; single_activity_loop - 99% of events on ""Quiz: Pronunciation - Practice 1""",https://glow.paclinks.org/report/log/index.php?chooselog=1&logreader=logstore_standard&id=0&user=7471&date=1773360000
2026-03-14,7471,QT22P0415 HOÀNG PHÚC THỊNH,7.66,2,781,0.5,2,5.15,HAS ANOMALIES,auto_refresh; single_activity_loop,medium; medium,"S2 [18:19-20:49, 2.50h]: auto_refresh - 98% of gaps within ±2.0s of mean 59.3s; single_activity_loop - 99% of events on ""Quiz: Unit 4 Word Groups &amp; Syllable Stress (11 - 24)""",https://glow.paclinks.org/report/log/index.php?chooselog=1&logreader=logstore_standard&id=0&user=7471&date=1773446400
2026-03-16,7471,QT22P0415 HOÀNG PHÚC THỊNH,7.0,2,676,0.47,2,3.97,HAS ANOMALIES,auto_refresh; single_activity_loop,medium; medium,"S2 [17:59-21:00, 3.02h]: auto_refresh - 95% of gaps within ±2.0s of mean 58.5s; single_activity_loop - 97% of events on ""Interactive Content: Reading""",https://glow.paclinks.org/report/log/index.php?chooselog=1&logreader=logstore_standard&id=0&user=7471&date=1773619200
2026-03-17,7471,QT22P0415 HOÀNG PHÚC THỊNH,5.43,1,662,0.65,0,5.43,CLEAN,,,,https://glow.paclinks.org/report/log/index.php?chooselog=1&logreader=logstore_standard&id=0&user=7471&date=1773705600
2026-03-18,7471,QT22P0415 HOÀNG PHÚC THỊNH,1.04,1,130,0.7,0,1.04,CLEAN,,,,https://glow.paclinks.org/report/log/index.php?chooselog=1&logreader=logstore_standard&id=0&user=7471&date=1773792000
2026-03-19,7471,QT22P0415 HOÀNG PHÚC THỊNH,1.19,1,151,0.55,0,1.19,CLEAN,,,,https://glow.paclinks.org/report/log/index.php?chooselog=1&logreader=logstore_standard&id=0&user=7471&date=1773878400
2026-03-22,7471,QT22P0415 HOÀNG PHÚC THỊNH,1.3,1,167,0.55,0,1.3,CLEAN,,,,https://glow.paclinks.org/report/log/index.php?chooselog=1&logreader=logstore_standard&id=0&user=7471&date=1774137600
2026-03-23,7471,QT22P0415 HOÀNG PHÚC THỊNH,1.95,1,243,0.55,0,1.95,CLEAN,,,,https://glow.paclinks.org/report/log/index.php?chooselog=1&logreader=logstore_standard&id=0&user=7471&date=1774224000
2026-03-27,7471,QT22P0415 HOÀNG PHÚC THỊNH,1.84,1,227,0.55,0,1.84,CLEAN,,,,https://glow.paclinks.org/report/log/index.php?chooselog=1&logreader=logstore_standard&id=0&user=7471&date=1774569600
2026-03-04,7683,QT22P0421 TRẦN NGUYỄN PHƯƠNG NGUYÊN,0.4,1,4,0.5,0,0.4,CLEAN,,,,https://glow.paclinks.org/report/log/index.php?chooselog=1&logreader=logstore_standard&id=0&user=7683&date=1772582400
2026-03-06,7683,QT22P0421 TRẦN NGUYỄN PHƯƠNG NGUYÊN,0.13,1,34,0.8,0,0.13,CLEAN,,,,https://glow.paclinks.org/report/log/index.php?chooselog=1&logreader=logstore_standard&id=0&user=7683&date=1772755200
2026-03-08,7683,QT22P0421 TRẦN NGUYỄN PHƯƠNG NGUYÊN,0.06,1,13,0.55,0,0.06,CLEAN,,,,https://glow.paclinks.org/report/log/index.php?chooselog=1&logreader=logstore_standard&id=0&user=7683&date=1772928000
2026-03-15,7683,QT22P0421 TRẦN NGUYỄN PHƯƠNG NGUYÊN,0.31,2,28,0.48,1,0.25,HAS ANOMALIES,excessive_events,medium,"S2 [20:11-20:14, 0.06h]: excessive_events - 323 events/hr (max=300)",https://glow.paclinks.org/report/log/index.php?chooselog=1&logreader=logstore_standard&id=0&user=7683&date=1773532800
2026-03-18,7683,QT22P0421 TRẦN NGUYỄN PHƯƠNG NGUYÊN,0.18,1,5,0.5,0,0.18,CLEAN,,,,https://glow.paclinks.org/report/log/index.php?chooselog=1&logreader=logstore_standard&id=0&user=7683&date=1773792000
2026-03-08,7684,QT22P0422 TRỊNH THỊ NGỌC NHƯ,0.71,1,202,0.8,0,0.71,CLEAN,,,,https://glow.paclinks.org/report/log/index.php?chooselog=1&logreader=logstore_standard&id=0&user=7684&date=1772928000
2026-03-12,7684,QT22P0422 TRỊNH THỊ NGỌC NHƯ,0.88,2,437,0.65,1,0.14,HAS ANOMALIES,excessive_events,medium,"S2 [19:10-19:55, 0.74h]: excessive_events - 556 events/hr (max=300)",https://glow.paclinks.org/report/log/index.php?chooselog=1&logreader=logstore_standard&id=0&user=7684&date=1773273600
2026-03-13,7684,QT22P0422 TRỊNH THỊ NGỌC NHƯ,0.4,2,115,0.62,1,0.11,HAS ANOMALIES,excessive_events,medium,"S2 [16:19-16:36, 0.29h]: excessive_events - 319 events/hr (max=300)",https://glow.paclinks.org/report/log/index.php?chooselog=1&logreader=logstore_standard&id=0&user=7684&date=1773360000
2026-03-02,7687,QT22P0425 Phạm Lê Ngọc Hiền,0.07,1,6,0.55,0,0.07,CLEAN,,,,https://glow.paclinks.org/report/log/index.php?chooselog=1&logreader=logstore_standard&id=0&user=7687&date=1772409600
2026-03-08,7687,QT22P0425 Phạm Lê Ngọc Hiền,0.05,1,5,0.55,0,0.05,CLEAN,,,,https://glow.paclinks.org/report/log/index.php?chooselog=1&logreader=logstore_standard&id=0&user=7687&date=1772928000
2026-03-12,7687,QT22P0425 Phạm Lê Ngọc Hiền,0.39,1,3,0.55,0,0.39,CLEAN,,,,https://glow.paclinks.org/report/log/index.php?chooselog=1&logreader=logstore_standard&id=0&user=7687&date=1773273600
2026-03-20,7687,QT22P0425 Phạm Lê Ngọc Hiền,0.06,1,5,0.55,0,0.06,CLEAN,,,,https://glow.paclinks.org/report/log/index.php?chooselog=1&logreader=logstore_standard&id=0&user=7687&date=1773964800
2026-03-21,7687,QT22P0425 Phạm Lê Ngọc Hiền,0.64,2,21,0.57,0,0.64,CLEAN,,,,https://glow.paclinks.org/report/log/index.php?chooselog=1&logreader=logstore_standard&id=0&user=7687&date=1774051200
2026-03-25,7687,QT22P0425 Phạm Lê Ngọc Hiền,1.34,2,31,0.55,0,1.34,CLEAN,,,,https://glow.paclinks.org/report/log/index.php?chooselog=1&logreader=logstore_standard&id=0&user=7687&date=1774396800
2026-03-06,8023,QT23P0427 NGUYỄN THỊ MINH THÙY,0.14,1,17,0.6,0,0.14,CLEAN,,,,https://glow.paclinks.org/report/log/index.php?chooselog=1&logreader=logstore_standard&id=0&user=8023&date=1772755200
2026-03-16,8023,QT23P0427 NGUYỄN THỊ MINH THÙY,0.72,1,16,0.6,0,0.72,CLEAN,,,,https://glow.paclinks.org/report/log/index.php?chooselog=1&logreader=logstore_standard&id=0&user=8023&date=1773619200
2026-03-17,8023,QT23P0427 NGUYỄN THỊ MINH THÙY,0.14,1,10,0.65,0,0.14,CLEAN,,,,https://glow.paclinks.org/report/log/index.php?chooselog=1&logreader=logstore_standard&id=0&user=8023&date=1773705600
2026-03-18,8023,QT23P0427 NGUYỄN THỊ MINH THÙY,0.21,1,13,0.35,1,0.0,REVIEW REQUIRED,single_activity_loop,medium,"S1 [21:33-21:45, 0.21h]: single_activity_loop - 100% of events on ""Quiz: Unit 6 Key Vocabulary (1 - 10)""",https://glow.paclinks.org/report/log/index.php?chooselog=1&logreader=logstore_standard&id=0&user=8023&date=1773792000
2026-03-19,8023,QT23P0427 NGUYỄN THỊ MINH THÙY,0.55,1,11,0.6,0,0.55,CLEAN,,,,https://glow.paclinks.org/report/log/index.php?chooselog=1&logreader=logstore_standard&id=0&user=8023&date=1773878400
2026-03-20,8023,QT23P0427 NGUYỄN THỊ MINH THÙY,0.44,3,25,0.58,0,0.44,CLEAN,,,,https://glow.paclinks.org/report/log/index.php?chooselog=1&logreader=logstore_standard&id=0&user=8023&date=1773964800
2026-03-21,8023,QT23P0427 NGUYỄN THỊ MINH THÙY,0.45,1,16,0.6,0,0.45,CLEAN,,,,https://glow.paclinks.org/report/log/index.php?chooselog=1&logreader=logstore_standard&id=0&user=8023&date=1774051200
2026-03-23,8023,QT23P0427 NGUYỄN THỊ MINH THÙY,0.16,1,4,0.6,0,0.16,CLEAN,,,,https://glow.paclinks.org/report/log/index.php?chooselog=1&logreader=logstore_standard&id=0&user=8023&date=1774224000
2026-03-25,8023,QT23P0427 NGUYỄN THỊ MINH THÙY,0.05,1,10,0.65,0,0.05,CLEAN,,,,https://glow.paclinks.org/report/log/index.php?chooselog=1&logreader=logstore_standard&id=0&user=8023&date=1774396800
2026-03-05,8025,QT23P0429 NGUYỄN VIẾT HỌC,1.14,1,73,0.6,0,1.14,CLEAN,,,,https://glow.paclinks.org/report/log/index.php?chooselog=1&logreader=logstore_standard&id=0&user=8025&date=1772668800
2026-03-08,8025,QT23P0429 NGUYỄN VIẾT HỌC,0.37,1,11,0.6,0,0.37,CLEAN,,,,https://glow.paclinks.org/report/log/index.php?chooselog=1&logreader=logstore_standard&id=0&user=8025&date=1772928000
2026-03-24,8025,QT23P0429 NGUYỄN VIẾT HỌC,0.91,2,85,0.55,0,0.91,CLEAN,,,,https://glow.paclinks.org/report/log/index.php?chooselog=1&logreader=logstore_standard&id=0&user=8025&date=1774310400
2026-03-26,8025,QT23P0429 NGUYỄN VIẾT HỌC,0.3,1,46,0.55,0,0.3,CLEAN,,,,https://glow.paclinks.org/report/log/index.php?chooselog=1&logreader=logstore_standard&id=0&user=8025&date=1774483200
2026-03-28,8025,QT23P0429 NGUYỄN VIẾT HỌC,0.63,2,62,0.57,0,0.63,CLEAN,,,,https://glow.paclinks.org/report/log/index.php?chooselog=1&logreader=logstore_standard&id=0&user=8025&date=1774656000
2026-03-30,8025,QT23P0429 NGUYỄN VIẾT HỌC,0.44,1,24,0.6,0,0.44,CLEAN,,,,https://glow.paclinks.org/report/log/index.php?chooselog=1&logreader=logstore_standard&id=0&user=8025&date=1774828800
2026-03-12,8026,QT23P0430 Hoàng Trần Bảo Nhi,0.05,1,7,0.55,0,0.05,CLEAN,,,,https://glow.paclinks.org/report/log/index.php?chooselog=1&logreader=logstore_standard&id=0&user=8026&date=1773273600
2026-03-21,8026,QT23P0430 Hoàng Trần Bảo Nhi,1.82,1,86,0.85,0,1.82,CLEAN,,,,https://glow.paclinks.org/report/log/index.php?chooselog=1&logreader=logstore_standard&id=0&user=8026&date=1774051200
2026-03-22,8026,QT23P0430 Hoàng Trần Bảo Nhi,1.63,3,124,0.75,0,1.63,CLEAN,,,,https://glow.paclinks.org/report/log/index.php?chooselog=1&logreader=logstore_standard&id=0&user=8026&date=1774137600
2026-03-24,8026,QT23P0430 Hoàng Trần Bảo Nhi,1.0,2,64,0.65,1,0.57,HAS ANOMALIES,single_activity_loop,medium,"S1 [22:28-22:53, 0.43h]: single_activity_loop - 93% of events on ""Quiz: Listening - Practice""",https://glow.paclinks.org/report/log/index.php?chooselog=1&logreader=logstore_standard&id=0&user=8026&date=1774310400
2026-03-25,8026,QT23P0430 Hoàng Trần Bảo Nhi,1.4,1,126,0.85,0,1.4,CLEAN,,,,https://glow.paclinks.org/report/log/index.php?chooselog=1&logreader=logstore_standard&id=0&user=8026&date=1774396800
2026-03-26,8026,QT23P0430 Hoàng Trần Bảo Nhi,0.07,1,8,0.65,0,0.07,CLEAN,,,,https://glow.paclinks.org/report/log/index.php?chooselog=1&logreader=logstore_standard&id=0&user=8026&date=1774483200
2026-03-27,8026,QT23P0430 Hoàng Trần Bảo Nhi,0.6,2,67,0.7,0,0.6,CLEAN,,,,https://glow.paclinks.org/report/log/index.php?chooselog=1&logreader=logstore_standard&id=0&user=8026&date=1774569600
2026-03-28,8026,QT23P0430 Hoàng Trần Bảo Nhi,1.13,1,69,0.85,0,1.13,CLEAN,,,,https://glow.paclinks.org/report/log/index.php?chooselog=1&logreader=logstore_standard&id=0&user=8026&date=1774656000
2026-03-29,8026,QT23P0430 Hoàng Trần Bảo Nhi,0.28,1,21,0.6,0,0.28,CLEAN,,,,https://glow.paclinks.org/report/log/index.php?chooselog=1&logreader=logstore_standard&id=0&user=8026&date=1774742400
2026-03-21,8027,QT23P0431 LÊ THỊ MỸ HẠNH,0.37,1,57,0.35,1,0.0,REVIEW REQUIRED,single_activity_loop,medium,"S1 [22:37-22:59, 0.37h]: single_activity_loop - 100% of events on ""Quiz: UNIT 5 Word Groups and Syllable Stress""",https://glow.paclinks.org/report/log/index.php?chooselog=1&logreader=logstore_standard&id=0&user=8027&date=1774051200
2026-03-12,8029,QT23P0433 NGUYỄN HỒ ÁI QUỲNH,0.08,1,28,0.45,1,0.0,HAS ANOMALIES,excessive_events,medium,"S1 [18:32-18:36, 0.08h]: excessive_events - 372 events/hr (max=300)",https://glow.paclinks.org/report/log/index.php?chooselog=1&logreader=logstore_standard&id=0&user=8029&date=1773273600
2026-03-01,8030,QT23P0434 TRỊNH NGỌC LÂN,1.32,1,470,0.35,3,0.0,REVIEW REQUIRED,auto_refresh; excessive_events; single_activity_loop,medium; medium; medium,"S1 [22:19-23:39, 1.32h]: auto_refresh - 94% of gaps within ±2.0s of mean 10.1s; excessive_events - 356 events/hr (max=300); single_activity_loop - 99% of events on ""Quiz: Unit 10 - Key Vocabulary (11-20)""",https://glow.paclinks.org/report/log/index.php?chooselog=1&logreader=logstore_standard&id=0&user=8030&date=1772323200
2026-03-02,8030,QT23P0434 TRỊNH NGỌC LÂN,2.39,1,847,0.1,3,0.0,REVIEW REQUIRED,auto_refresh; excessive_events; single_activity_loop,medium; medium; medium,"S1 [21:13-23:37, 2.39h]: auto_refresh - 99% of gaps within ±2.0s of mean 10.2s; excessive_events - 354 events/hr (max=300); single_activity_loop - 99% of events on ""Quiz: Speaking""",https://glow.paclinks.org/report/log/index.php?chooselog=1&logreader=logstore_standard&id=0&user=8030&date=1772409600
2026-03-04,8030,QT23P0434 TRỊNH NGỌC LÂN,0.25,1,104,0.5,1,0.0,HAS ANOMALIES,excessive_events,medium,"S1 [16:24-16:39, 0.25h]: excessive_events - 416 events/hr (max=300)",https://glow.paclinks.org/report/log/index.php?chooselog=1&logreader=logstore_standard&id=0&user=8030&date=1772582400
2026-03-05,8030,QT23P0434 TRỊNH NGỌC LÂN,0.88,1,322,0.2,3,0.0,REVIEW REQUIRED,auto_refresh; excessive_events; single_activity_loop,medium; medium; medium,"S1 [09:26-10:19, 0.88h]: auto_refresh - 95% of gaps within ±2.0s of mean 9.9s; excessive_events - 364 events/hr (max=300); single_activity_loop - 97% of events on ""Quiz: Pronounce practice""",https://glow.paclinks.org/report/log/index.php?chooselog=1&logreader=logstore_standard&id=0&user=8030&date=1772668800
2026-03-09,8030,QT23P0434 TRỊNH NGỌC LÂN,2.23,1,804,0.0,3,0.0,REVIEW REQUIRED,auto_refresh; excessive_events; single_activity_loop,high; medium; medium,"S1 [19:39-21:53, 2.23h]: auto_refresh - Gaps extremely regular: mean=10.0s, std=0.49s across 803 gaps; excessive_events - 361 events/hr (max=300); single_activity_loop - 100% of events on ""Interactive Content: Reading""",https://glow.paclinks.org/report/log/index.php?chooselog=1&logreader=logstore_standard&id=0&user=8030&date=1773014400
2026-03-12,8030,QT23P0434 TRỊNH NGỌC LÂN,0.33,1,121,0.1,3,0.0,REVIEW REQUIRED,auto_refresh; excessive_events; single_activity_loop,medium; medium; medium,"S1 [12:00-12:20, 0.33h]: auto_refresh - 96% of gaps within ±2.0s of mean 9.9s; excessive_events - 363 events/hr (max=300); single_activity_loop - 97% of events on ""Interactive Content: Reading""",https://glow.paclinks.org/report/log/index.php?chooselog=1&logreader=logstore_standard&id=0&user=8030&date=1773273600
2026-03-14,8030,QT23P0434 TRỊNH NGỌC LÂN,0.62,1,202,0.1,3,0.0,REVIEW REQUIRED,auto_refresh; excessive_events; single_activity_loop,medium; medium; medium,"S1 [00:14-00:51, 0.62h]: auto_refresh - 97% of gaps within ±2.0s of mean 11.0s; excessive_events - 327 events/hr (max=300); single_activity_loop - 98% of events on ""Interactive Content: Reading""",https://glow.paclinks.org/report/log/index.php?chooselog=1&logreader=logstore_standard&id=0&user=8030&date=1773446400
2026-03-15,8030,QT23P0434 TRỊNH NGỌC LÂN,2.59,1,884,0.1,3,0.0,REVIEW REQUIRED,auto_refresh; excessive_events; single_activity_loop,medium; medium; medium,"S1 [20:29-23:05, 2.59h]: auto_refresh - 95% of gaps within ±2.0s of mean 10.5s; excessive_events - 341 events/hr (max=300); single_activity_loop - 100% of events on ""Quiz: Speaking""",https://glow.paclinks.org/report/log/index.php?chooselog=1&logreader=logstore_standard&id=0&user=8030&date=1773532800
2026-03-16,8030,QT23P0434 TRỊNH NGỌC LÂN,2.53,2,863,0.2,5,0.0,REVIEW REQUIRED,auto_refresh; excessive_events; single_activity_loop,medium; medium; medium,"S1 [11:37-12:28, 0.85h]: auto_refresh - 94% of gaps within ±2.0s of mean 11.2s; excessive_events - 322 events/hr (max=300)
S2 [22:19-00:00, 1.67h]: auto_refresh - 98% of gaps within ±2.0s of mean 10.2s; excessive_events - 352 events/hr (max=300); single_activity_loop - 99% of events on ""Quiz: Reading - Practice""",https://glow.paclinks.org/report/log/index.php?chooselog=1&logreader=logstore_standard&id=0&user=8030&date=1773619200
2026-03-17,8030,QT23P0434 TRỊNH NGỌC LÂN,2.89,2,1041,0.0,6,0.0,REVIEW REQUIRED,auto_refresh; excessive_events; single_activity_loop,high; medium; medium,"S1 [00:00-00:40, 0.67h]: auto_refresh - Gaps extremely regular: mean=10.0s, std=0.09s across 240 gaps; excessive_events - 360 events/hr (max=300); single_activity_loop - 100% of events on ""Quiz: Reading - Practice""
S2 [21:11-23:24, 2.22h]: auto_refresh - Gaps extremely regular: mean=10.0s, std=0.64s across 799 gaps; excessive_events - 360 events/hr (max=300); single_activity_loop - 100% of events on ""Quiz: Reflection - Speaking""",https://glow.paclinks.org/report/log/index.php?chooselog=1&logreader=logstore_standard&id=0&user=8030&date=1773705600
2026-03-22,8030,QT23P0434 TRỊNH NGỌC LÂN,0.53,1,208,0.25,2,0.0,REVIEW REQUIRED,excessive_events; single_activity_loop,medium; medium,"S1 [18:27-18:59, 0.53h]: excessive_events - 391 events/hr (max=300); single_activity_loop - 98% of events on ""Quiz: Pronounce practice""",https://glow.paclinks.org/report/log/index.php?chooselog=1&logreader=logstore_standard&id=0&user=8030&date=1774137600
2026-03-24,8030,QT23P0434 TRỊNH NGỌC LÂN,1.45,1,521,0.0,3,0.0,REVIEW REQUIRED,auto_refresh; excessive_events; single_activity_loop,high; medium; medium,"S1 [22:33-00:00, 1.45h]: auto_refresh - Gaps extremely regular: mean=10.0s, std=1.44s across 520 gaps; excessive_events - 359 events/hr (max=300); single_activity_loop - 99% of events on ""Quiz: Reading - Practice""",https://glow.paclinks.org/report/log/index.php?chooselog=1&logreader=logstore_standard&id=0&user=8030&date=1774310400
2026-03-25,8030,QT23P0434 TRỊNH NGỌC LÂN,1.28,2,461,0.0,6,0.0,REVIEW REQUIRED,auto_refresh; excessive_events; single_activity_loop,high; medium; medium,"S1 [00:00-00:12, 0.21h]: auto_refresh - Gaps extremely regular: mean=10.0s, std=0.16s across 76 gaps; excessive_events - 360 events/hr (max=300); single_activity_loop - 100% of events on ""Quiz: Reading - Practice""
S2 [20:53-21:57, 1.06h]: auto_refresh - Gaps extremely regular: mean=10.0s, std=0.70s across 383 gaps; excessive_events - 362 events/hr (max=300); single_activity_loop - 99% of events on ""Quiz: Reading - Practice""",https://glow.paclinks.org/report/log/index.php?chooselog=1&logreader=logstore_standard&id=0&user=8030&date=1774396800
2026-03-26,8030,QT23P0434 TRỊNH NGỌC LÂN,1.84,1,660,0.1,3,0.0,REVIEW REQUIRED,auto_refresh; excessive_events; single_activity_loop,medium; medium; medium,"S1 [22:09-00:00, 1.84h]: auto_refresh - 98% of gaps within ±2.0s of mean 10.1s; excessive_events - 358 events/hr (max=300); single_activity_loop - 99% of events on ""Quiz: Unit 11 - Key Vocabulary (11-23)""",https://glow.paclinks.org/report/log/index.php?chooselog=1&logreader=logstore_standard&id=0&user=8030&date=1774483200
2026-03-28,8030,QT23P0434 TRỊNH NGỌC LÂN,2.26,1,1614,0.3,2,0.0,REVIEW REQUIRED,excessive_events; single_activity_loop,medium; medium,"S1 [20:35-22:50, 2.26h]: excessive_events - 714 events/hr (max=300); single_activity_loop - 99% of events on ""Fast Assignment: Reflection - Vocabulary""",https://glow.paclinks.org/report/log/index.php?chooselog=1&logreader=logstore_standard&id=0&user=8030&date=1774656000
2026-03-29,8030,QT23P0434 TRỊNH NGỌC LÂN,0.29,1,106,0.1,3,0.0,REVIEW REQUIRED,auto_refresh; excessive_events; single_activity_loop,medium; medium; medium,"S1 [15:36-15:53, 0.29h]: auto_refresh - 93% of gaps within ±2.0s of mean 9.8s; excessive_events - 367 events/hr (max=300); single_activity_loop - 96% of events on ""Quiz: Speaking""",https://glow.paclinks.org/report/log/index.php?chooselog=1&logreader=logstore_standard&id=0&user=8030&date=1774742400
2026-03-31,8030,QT23P0434 TRỊNH NGỌC LÂN,2.08,1,751,0.0,3,0.0,REVIEW REQUIRED,auto_refresh; excessive_events; single_activity_loop,high; medium; medium,"S1 [20:57-23:02, 2.08h]: auto_refresh - Gaps extremely regular: mean=10.0s, std=0.92s across 750 gaps; excessive_events - 361 events/hr (max=300); single_activity_loop - 99% of events on ""Quiz: UNIT 1 - Key vocabulary""",https://glow.paclinks.org/report/log/index.php?chooselog=1&logreader=logstore_standard&id=0&user=8030&date=1774915200
2026-03-11,8033,QT23P0437 PHẠM NHƯ NHẬT QUỐC,0.3,1,10,0.6,0,0.3,CLEAN,,,,https://glow.paclinks.org/report/log/index.php?chooselog=1&logreader=logstore_standard&id=0&user=8033&date=1773187200
2026-03-27,8033,QT23P0437 PHẠM NHƯ NHẬT QUỐC,0.2,1,7,0.55,0,0.2,CLEAN,,,,https://glow.paclinks.org/report/log/index.php?chooselog=1&logreader=logstore_standard&id=0&user=8033&date=1774569600
2026-03-29,8033,QT23P0437 PHẠM NHƯ NHẬT QUỐC,0.15,1,7,0.55,0,0.15,CLEAN,,,,https://glow.paclinks.org/report/log/index.php?chooselog=1&logreader=logstore_standard&id=0&user=8033&date=1774742400
2026-03-04,8035,QT23P0439 LÊ NHẬT HẠ,0.14,1,10,0.65,0,0.14,CLEAN,,,,https://glow.paclinks.org/report/log/index.php?chooselog=1&logreader=logstore_standard&id=0&user=8035&date=1772582400
2026-03-06,8035,QT23P0439 LÊ NHẬT HẠ,0.56,2,5,0.53,0,0.56,CLEAN,,,,https://glow.paclinks.org/report/log/index.php?chooselog=1&logreader=logstore_standard&id=0&user=8035&date=1772755200
2026-03-13,8035,QT23P0439 LÊ NHẬT HẠ,0.07,1,11,0.55,0,0.07,CLEAN,,,,https://glow.paclinks.org/report/log/index.php?chooselog=1&logreader=logstore_standard&id=0&user=8035&date=1773360000
2026-03-14,8035,QT23P0439 LÊ NHẬT HẠ,0.19,1,30,0.8,0,0.19,CLEAN,,,,https://glow.paclinks.org/report/log/index.php?chooselog=1&logreader=logstore_standard&id=0&user=8035&date=1773446400
2026-03-15,8035,QT23P0439 LÊ NHẬT HẠ,0.68,2,9,0.53,0,0.68,CLEAN,,,,https://glow.paclinks.org/report/log/index.php?chooselog=1&logreader=logstore_standard&id=0&user=8035&date=1773532800
2026-03-16,8035,QT23P0439 LÊ NHẬT HẠ,0.12,1,6,0.55,0,0.12,CLEAN,,,,https://glow.paclinks.org/report/log/index.php?chooselog=1&logreader=logstore_standard&id=0&user=8035&date=1773619200
2026-03-18,8035,QT23P0439 LÊ NHẬT HẠ,0.07,1,3,0.5,0,0.07,CLEAN,,,,https://glow.paclinks.org/report/log/index.php?chooselog=1&logreader=logstore_standard&id=0&user=8035&date=1773792000
2026-03-22,8035,QT23P0439 LÊ NHẬT HẠ,0.17,1,5,0.55,0,0.17,CLEAN,,,,https://glow.paclinks.org/report/log/index.php?chooselog=1&logreader=logstore_standard&id=0&user=8035&date=1774137600
2026-03-28,8035,QT23P0439 LÊ NHẬT HẠ,0.09,1,7,0.55,0,0.09,CLEAN,,,,https://glow.paclinks.org/report/log/index.php?chooselog=1&logreader=logstore_standard&id=0&user=8035&date=1774656000
2026-03-30,8035,QT23P0439 LÊ NHẬT HẠ,1.99,2,718,0.05,6,0.0,REVIEW REQUIRED,auto_refresh; excessive_events; single_activity_loop,high; medium; medium,"S1 [21:36-23:18, 1.70h]: auto_refresh - Gaps extremely regular: mean=10.0s, std=0.88s across 613 gaps; excessive_events - 361 events/hr (max=300); single_activity_loop - 99% of events on ""Page: Listening - WATCH THIS FIRST""
S2 [23:42-00:00, 0.29h]: auto_refresh - 96% of gaps within ±2.0s of mean 9.9s; excessive_events - 362 events/hr (max=300); single_activity_loop - 95% of events on ""Page: Vocabularies""",https://glow.paclinks.org/report/log/index.php?chooselog=1&logreader=logstore_standard&id=0&user=8035&date=1774828800
2026-03-31,8035,QT23P0439 LÊ NHẬT HẠ,19.12,3,7853,0.18,8,0.0,REVIEW REQUIRED,auto_refresh; excessive_events; multi_ip; session_too_long; single_activity_loop,medium; medium; low; high; medium,"S1 [00:00-01:09, 1.16h]: auto_refresh - 98% of gaps within ±2.0s of mean 10.0s; excessive_events - 360 events/hr (max=300); multi_ip - 4 IPs: 171.255.179.243, 171.255.177.88, 171.255.178.35, 171.255.178.63
S2 [03:04-16:58, 13.89h]: session_too_long - Session duration 13.9h exceeds 6h limit; excessive_events - 430 events/hr (max=300)
S3 [19:24-23:28, 4.07h]: auto_refresh - 99% of gaps within ±2.0s of mean 10.0s; excessive_events - 359 events/hr (max=300); single_activity_loop - 100% of events on ""Quiz: UNIT 3 - Word Groups and Syllable Stress""",https://glow.paclinks.org/report/log/index.php?chooselog=1&logreader=logstore_standard&id=0&user=8035&date=1774915200
2026-03-06,8037,QT23P0441 TRẦN HỒNG PHI LONG,2.15,1,547,0.1,2,0.0,REVIEW REQUIRED,auto_refresh; single_activity_loop,high; medium,"S1 [21:19-23:28, 2.15h]: auto_refresh - Gaps extremely regular: mean=14.1s, std=1.29s across 546 gaps; single_activity_loop - 99% of events on ""Interactive Content: Listening""",https://glow.paclinks.org/report/log/index.php?chooselog=1&logreader=logstore_standard&id=0&user=8037&date=1772755200
2026-03-23,8037,QT23P0441 TRẦN HỒNG PHI LONG,1.31,2,318,0.25,4,0.0,REVIEW REQUIRED,auto_refresh; single_activity_loop,medium; medium,"S1 [21:42-22:14, 0.53h]: auto_refresh - 94% of gaps within ±2.0s of mean 15.2s; single_activity_loop - 97% of events on ""Interactive Content: Listening""
S2 [23:06-23:52, 0.78h]: auto_refresh - 98% of gaps within ±2.0s of mean 14.5s; single_activity_loop - 98% of events on ""Interactive Content: Listening""",https://glow.paclinks.org/report/log/index.php?chooselog=1&logreader=logstore_standard&id=0&user=8037&date=1774224000
2026-03-24,8037,QT23P0441 TRẦN HỒNG PHI LONG,0.61,1,135,0.25,2,0.0,REVIEW REQUIRED,auto_refresh; single_activity_loop,medium; medium,"S1 [22:01-22:37, 0.61h]: auto_refresh - 86% of gaps within ±2.0s of mean 16.2s; single_activity_loop - 97% of events on ""Interactive Content: Listening""",https://glow.paclinks.org/report/log/index.php?chooselog=1&logreader=logstore_standard&id=0&user=8037&date=1774310400
2026-03-25,8037,QT23P0441 TRẦN HỒNG PHI LONG,1.5,1,353,0.25,2,0.0,REVIEW REQUIRED,auto_refresh; single_activity_loop,medium; medium,"S1 [21:54-23:24, 1.50h]: auto_refresh - 95% of gaps within ±2.0s of mean 15.3s; single_activity_loop - 99% of events on ""Interactive Content: Listening""",https://glow.paclinks.org/report/log/index.php?chooselog=1&logreader=logstore_standard&id=0&user=8037&date=1774396800
2026-03-26,8037,QT23P0441 TRẦN HỒNG PHI LONG,0.49,1,128,0.25,2,0.0,REVIEW REQUIRED,auto_refresh; single_activity_loop,medium; medium,"S1 [22:36-23:05, 0.49h]: auto_refresh - 95% of gaps within ±2.0s of mean 13.7s; single_activity_loop - 97% of events on ""Interactive Content: Listening""",https://glow.paclinks.org/report/log/index.php?chooselog=1&logreader=logstore_standard&id=0&user=8037&date=1774483200
2026-03-27,8037,QT23P0441 TRẦN HỒNG PHI LONG,5.01,2,1182,0.25,3,0.0,REVIEW REQUIRED,single_activity_loop; auto_refresh,medium; high,"S1 [17:11-18:31, 1.34h]: single_activity_loop - 97% of events on ""Interactive Content: Listening""
S2 [19:31-23:11, 3.67h]: auto_refresh - Gaps extremely regular: mean=15.0s, std=1.23s across 877 gaps; single_activity_loop - 100% of events on ""Interactive Content: Listening""",https://glow.paclinks.org/report/log/index.php?chooselog=1&logreader=logstore_standard&id=0&user=8037&date=1774569600
2026-03-28,8037,QT23P0441 TRẦN HỒNG PHI LONG,0.65,2,48,0.4,2,0.48,HAS ANOMALIES,auto_refresh; single_activity_loop,medium; medium,"S2 [23:18-23:28, 0.17h]: auto_refresh - 93% of gaps within ±2.0s of mean 14.4s; single_activity_loop - 98% of events on ""Interactive Content: Listening""",https://glow.paclinks.org/report/log/index.php?chooselog=1&logreader=logstore_standard&id=0&user=8037&date=1774656000
2026-03-29,8037,QT23P0441 TRẦN HỒNG PHI LONG,3.13,2,633,0.5,1,0.73,HAS ANOMALIES,single_activity_loop,medium,"S1 [13:11-15:35, 2.41h]: single_activity_loop - 99% of events on ""Interactive Content: Listening""",https://glow.paclinks.org/report/log/index.php?chooselog=1&logreader=logstore_standard&id=0&user=8037&date=1774742400
2026-03-30,8037,QT23P0441 TRẦN HỒNG PHI LONG,0.84,3,114,0.5,1,0.13,HAS ANOMALIES,single_activity_loop,medium,"S3 [23:00-23:42, 0.70h]: single_activity_loop - 92% of events on ""Interactive Content: Listening""",https://glow.paclinks.org/report/log/index.php?chooselog=1&logreader=logstore_standard&id=0&user=8037&date=1774828800
2026-03-31,8037,QT23P0441 TRẦN HỒNG PHI LONG,6.03,3,1430,0.25,5,0.0,REVIEW REQUIRED,auto_refresh; single_activity_loop,high; medium,"S1 [17:03-19:39, 2.61h]: auto_refresh - 91% of gaps within ±2.0s of mean 14.8s; single_activity_loop - 98% of events on ""Interactive Content: Listening""
S2 [20:11-23:08, 2.95h]: auto_refresh - 90% of gaps within ±2.0s of mean 15.8s
S3 [23:30-23:58, 0.48h]: auto_refresh - Gaps extremely regular: mean=14.0s, std=0.53s across 122 gaps; single_activity_loop - 98% of events on ""Interactive Content: Listening""",https://glow.paclinks.org/report/log/index.php?chooselog=1&logreader=logstore_standard&id=0&user=8037&date=1774915200
2026-03-01,8038,QT23P0442 LÊ THỊ THẢO VY,1.58,1,28,0.55,0,1.58,CLEAN,,,,https://glow.paclinks.org/report/log/index.php?chooselog=1&logreader=logstore_standard&id=0&user=8038&date=1772323200
2026-03-02,8038,QT23P0442 LÊ THỊ THẢO VY,1.51,1,38,0.6,0,1.51,CLEAN,,,,https://glow.paclinks.org/report/log/index.php?chooselog=1&logreader=logstore_standard&id=0&user=8038&date=1772409600
2026-03-03,8038,QT23P0442 LÊ THỊ THẢO VY,1.5,1,24,0.55,0,1.5,CLEAN,,,,https://glow.paclinks.org/report/log/index.php?chooselog=1&logreader=logstore_standard&id=0&user=8038&date=1772496000
2026-03-04,8038,QT23P0442 LÊ THỊ THẢO VY,0.64,1,10,0.55,0,0.64,CLEAN,,,,https://glow.paclinks.org/report/log/index.php?chooselog=1&logreader=logstore_standard&id=0&user=8038&date=1772582400
2026-03-05,8038,QT23P0442 LÊ THỊ THẢO VY,2.07,2,53,0.57,0,2.07,CLEAN,,,,https://glow.paclinks.org/report/log/index.php?chooselog=1&logreader=logstore_standard&id=0&user=8038&date=1772668800
2026-03-06,8038,QT23P0442 LÊ THỊ THẢO VY,2.0,1,42,0.6,0,2.0,CLEAN,,,,https://glow.paclinks.org/report/log/index.php?chooselog=1&logreader=logstore_standard&id=0&user=8038&date=1772755200
2026-03-07,8038,QT23P0442 LÊ THỊ THẢO VY,1.52,1,36,0.55,0,1.52,CLEAN,,,,https://glow.paclinks.org/report/log/index.php?chooselog=1&logreader=logstore_standard&id=0&user=8038&date=1772841600
2026-03-08,8038,QT23P0442 LÊ THỊ THẢO VY,1.49,1,40,0.55,0,1.49,CLEAN,,,,https://glow.paclinks.org/report/log/index.php?chooselog=1&logreader=logstore_standard&id=0&user=8038&date=1772928000
2026-03-10,8038,QT23P0442 LÊ THỊ THẢO VY,2.08,1,33,0.6,0,2.08,CLEAN,,,,https://glow.paclinks.org/report/log/index.php?chooselog=1&logreader=logstore_standard&id=0&user=8038&date=1773100800
2026-03-11,8038,QT23P0442 LÊ THỊ THẢO VY,2.0,1,52,0.7,0,2.0,CLEAN,,,,https://glow.paclinks.org/report/log/index.php?chooselog=1&logreader=logstore_standard&id=0&user=8038&date=1773187200
2026-03-12,8038,QT23P0442 LÊ THỊ THẢO VY,1.8,2,42,0.6,0,1.8,CLEAN,,,,https://glow.paclinks.org/report/log/index.php?chooselog=1&logreader=logstore_standard&id=0&user=8038&date=1773273600
2026-03-13,8038,QT23P0442 LÊ THỊ THẢO VY,2.0,1,45,0.6,0,2.0,CLEAN,,,,https://glow.paclinks.org/report/log/index.php?chooselog=1&logreader=logstore_standard&id=0&user=8038&date=1773360000
2026-03-19,8038,QT23P0442 LÊ THỊ THẢO VY,0.34,1,76,0.8,0,0.34,CLEAN,,,,https://glow.paclinks.org/report/log/index.php?chooselog=1&logreader=logstore_standard&id=0&user=8038&date=1773878400
2026-03-30,8038,QT23P0442 LÊ THỊ THẢO VY,2.31,1,858,0.15,3,0.0,REVIEW REQUIRED,auto_refresh; excessive_events; single_activity_loop,medium; medium; medium,"S1 [20:56-23:15, 2.31h]: auto_refresh - 94% of gaps within ±2.0s of mean 9.7s; excessive_events - 371 events/hr (max=300); single_activity_loop - 94% of events on ""Interactive Content: Reading""",https://glow.paclinks.org/report/log/index.php?chooselog=1&logreader=logstore_standard&id=0&user=8038&date=1774828800
2026-03-31,8038,QT23P0442 LÊ THỊ THẢO VY,0.62,2,154,0.55,1,0.18,HAS ANOMALIES,single_activity_loop,medium,"S2 [16:56-17:23, 0.44h]: single_activity_loop - 98% of events on ""Interactive Content: Reading""",https://glow.paclinks.org/report/log/index.php?chooselog=1&logreader=logstore_standard&id=0&user=8038&date=1774915200
2026-03-05,8043,QT23P0447 HỒ NGỌC ANH THƯ,0.62,1,20,0.55,0,0.62,CLEAN,,,,https://glow.paclinks.org/report/log/index.php?chooselog=1&logreader=logstore_standard&id=0&user=8043&date=1772668800
2026-03-15,8043,QT23P0447 HỒ NGỌC ANH THƯ,0.16,1,6,0.55,0,0.16,CLEAN,,,,https://glow.paclinks.org/report/log/index.php?chooselog=1&logreader=logstore_standard&id=0&user=8043&date=1773532800
2026-03-30,8043,QT23P0447 HỒ NGỌC ANH THƯ,0.35,2,12,0.57,0,0.35,CLEAN,,,,https://glow.paclinks.org/report/log/index.php?chooselog=1&logreader=logstore_standard&id=0&user=8043&date=1774828800
2026-03-31,8043,QT23P0447 HỒ NGỌC ANH THƯ,0.19,1,4,0.55,0,0.19,CLEAN,,,,https://glow.paclinks.org/report/log/index.php?chooselog=1&logreader=logstore_standard&id=0&user=8043&date=1774915200
2026-03-15,8047,QT23P0451 NGUYỄN THỊ KHÁNH LY,0.16,1,8,0.55,0,0.16,CLEAN,,,,https://glow.paclinks.org/report/log/index.php?chooselog=1&logreader=logstore_standard&id=0&user=8047&date=1773532800
2026-03-16,8047,QT23P0451 NGUYỄN THỊ KHÁNH LY,0.2,1,4,0.55,0,0.2,CLEAN,,,,https://glow.paclinks.org/report/log/index.php?chooselog=1&logreader=logstore_standard&id=0&user=8047&date=1773619200
2026-03-17,8047,QT23P0451 NGUYỄN THỊ KHÁNH LY,0.27,1,8,0.6,0,0.27,CLEAN,,,,https://glow.paclinks.org/report/log/index.php?chooselog=1&logreader=logstore_standard&id=0&user=8047&date=1773705600
2026-03-20,8047,QT23P0451 NGUYỄN THỊ KHÁNH LY,0.07,1,5,0.55,0,0.07,CLEAN,,,,https://glow.paclinks.org/report/log/index.php?chooselog=1&logreader=logstore_standard&id=0&user=8047&date=1773964800
2026-03-23,8047,QT23P0451 NGUYỄN THỊ KHÁNH LY,0.45,2,9,0.57,0,0.45,CLEAN,,,,https://glow.paclinks.org/report/log/index.php?chooselog=1&logreader=logstore_standard&id=0&user=8047&date=1774224000
2026-03-24,8047,QT23P0451 NGUYỄN THỊ KHÁNH LY,0.14,1,5,0.55,0,0.14,CLEAN,,,,https://glow.paclinks.org/report/log/index.php?chooselog=1&logreader=logstore_standard&id=0&user=8047&date=1774310400
2026-03-28,8047,QT23P0451 NGUYỄN THỊ KHÁNH LY,0.06,1,2,0.55,0,0.06,CLEAN,,,,https://glow.paclinks.org/report/log/index.php?chooselog=1&logreader=logstore_standard&id=0&user=8047&date=1774656000
2026-03-30,8047,QT23P0451 NGUYỄN THỊ KHÁNH LY,0.06,1,6,0.55,0,0.06,CLEAN,,,,https://glow.paclinks.org/report/log/index.php?chooselog=1&logreader=logstore_standard&id=0&user=8047&date=1774828800
2026-03-02,8053,QT23P0457 MAI VĨNH CƯỜNG,0.34,1,2,0.5,0,0.34,CLEAN,,,,https://glow.paclinks.org/report/log/index.php?chooselog=1&logreader=logstore_standard&id=0&user=8053&date=1772409600
2026-03-04,8053,QT23P0457 MAI VĨNH CƯỜNG,0.12,1,2,0.5,0,0.12,CLEAN,,,,https://glow.paclinks.org/report/log/index.php?chooselog=1&logreader=logstore_standard&id=0&user=8053&date=1772582400
2026-03-15,8053,QT23P0457 MAI VĨNH CƯỜNG,0.64,1,4,0.5,0,0.64,CLEAN,,,,https://glow.paclinks.org/report/log/index.php?chooselog=1&logreader=logstore_standard&id=0&user=8053&date=1773532800
2026-03-17,8053,QT23P0457 MAI VĨNH CƯỜNG,0.24,1,2,0.5,0,0.24,CLEAN,,,,https://glow.paclinks.org/report/log/index.php?chooselog=1&logreader=logstore_standard&id=0&user=8053&date=1773705600
2026-03-25,8053,QT23P0457 MAI VĨNH CƯỜNG,0.18,1,3,0.5,0,0.18,CLEAN,,,,https://glow.paclinks.org/report/log/index.php?chooselog=1&logreader=logstore_standard&id=0&user=8053&date=1774396800
2026-03-26,8053,QT23P0457 MAI VĨNH CƯỜNG,0.5,3,9,0.5,0,0.5,CLEAN,,,,https://glow.paclinks.org/report/log/index.php?chooselog=1&logreader=logstore_standard&id=0&user=8053&date=1774483200
2026-03-28,8053,QT23P0457 MAI VĨNH CƯỜNG,0.21,1,3,0.5,0,0.21,CLEAN,,,,https://glow.paclinks.org/report/log/index.php?chooselog=1&logreader=logstore_standard&id=0&user=8053&date=1774656000
2026-03-29,8053,QT23P0457 MAI VĨNH CƯỜNG,0.07,1,3,0.5,0,0.07,CLEAN,,,,https://glow.paclinks.org/report/log/index.php?chooselog=1&logreader=logstore_standard&id=0&user=8053&date=1774742400
2026-03-30,8053,QT23P0457 MAI VĨNH CƯỜNG,0.1,1,4,0.5,0,0.1,CLEAN,,,,https://glow.paclinks.org/report/log/index.php?chooselog=1&logreader=logstore_standard&id=0&user=8053&date=1774828800
2026-03-02,8054,QT23P0458 TRẦN NGỌC HOÀI PHƯƠNG,3.39,1,208,0.25,2,0.0,REVIEW REQUIRED,auto_refresh; single_activity_loop,medium; medium,"S1 [15:30-18:53, 3.39h]: auto_refresh - 88% of gaps within ±2.0s of mean 58.6s; single_activity_loop - 96% of events on ""Interactive Content: Reading""",https://glow.paclinks.org/report/log/index.php?chooselog=1&logreader=logstore_standard&id=0&user=8054&date=1772409600
2026-03-04,8054,QT23P0458 TRẦN NGỌC HOÀI PHƯƠNG,2.56,1,143,0.4,1,0.0,HAS ANOMALIES,single_activity_loop,medium,"S1 [20:25-22:59, 2.56h]: single_activity_loop - 95% of events on ""Interactive Content: Reading""",https://glow.paclinks.org/report/log/index.php?chooselog=1&logreader=logstore_standard&id=0&user=8054&date=1772582400
2026-03-05,8054,QT23P0458 TRẦN NGỌC HOÀI PHƯƠNG,4.36,1,263,0.25,2,0.0,REVIEW REQUIRED,auto_refresh; single_activity_loop,medium; medium,"S1 [15:37-19:58, 4.36h]: auto_refresh - 95% of gaps within ±2.0s of mean 59.7s; single_activity_loop - 97% of events on ""Page: Action Plan for IELTS""",https://glow.paclinks.org/report/log/index.php?chooselog=1&logreader=logstore_standard&id=0&user=8054&date=1772668800
2026-03-08,8054,QT23P0458 TRẦN NGỌC HOÀI PHƯƠNG,2.6,1,154,0.25,2,0.0,REVIEW REQUIRED,auto_refresh; single_activity_loop,medium; medium,"S1 [21:24-00:00, 2.60h]: auto_refresh - 95% of gaps within ±2.0s of mean 60.7s; single_activity_loop - 97% of events on ""Page: Sáu thì các bạn nên ưu tiên""",https://glow.paclinks.org/report/log/index.php?chooselog=1&logreader=logstore_standard&id=0&user=8054&date=1772928000
2026-03-09,8054,QT23P0458 TRẦN NGỌC HOÀI PHƯƠNG,6.26,3,383,0.35,4,0.0,REVIEW REQUIRED,single_activity_loop; auto_refresh,medium; medium,"S1 [00:00-00:38, 0.64h]: single_activity_loop - 95% of events on ""Page: Sáu thì các bạn nên ưu tiên""
S2 [15:47-19:16, 3.49h]: auto_refresh - 92% of gaps within ±2.0s of mean 60.7s; single_activity_loop - 97% of events on ""Interactive Content: Reading""
S3 [21:52-00:00, 2.13h]: single_activity_loop - 93% of events on ""Page: Power Point/Script 1""",https://glow.paclinks.org/report/log/index.php?chooselog=1&logreader=logstore_standard&id=0&user=8054&date=1773014400
2026-03-10,8054,QT23P0458 TRẦN NGỌC HOÀI PHƯƠNG,2.04,1,127,0.4,1,0.0,HAS ANOMALIES,single_activity_loop,medium,"S1 [21:16-23:19, 2.04h]: single_activity_loop - 94% of events on ""Interactive Content: Reading""",https://glow.paclinks.org/report/log/index.php?chooselog=1&logreader=logstore_standard&id=0&user=8054&date=1773100800
2026-03-12,8054,QT23P0458 TRẦN NGỌC HOÀI PHƯƠNG,4.14,1,253,0.25,2,0.0,REVIEW REQUIRED,auto_refresh; single_activity_loop,medium; medium,"S1 [16:46-20:54, 4.14h]: auto_refresh - 93% of gaps within ±2.0s of mean 58.9s; single_activity_loop - 97% of events on ""Page: Power Point/Script 1""",https://glow.paclinks.org/report/log/index.php?chooselog=1&logreader=logstore_standard&id=0&user=8054&date=1773273600
2026-03-15,8054,QT23P0458 TRẦN NGỌC HOÀI PHƯƠNG,2.78,1,169,0.25,2,0.0,REVIEW REQUIRED,auto_refresh; single_activity_loop,medium; medium,"S1 [16:21-19:08, 2.78h]: auto_refresh - 95% of gaps within ±2.0s of mean 59.2s; single_activity_loop - 97% of events on ""Interactive Content: Watch video""",https://glow.paclinks.org/report/log/index.php?chooselog=1&logreader=logstore_standard&id=0&user=8054&date=1773532800
2026-03-17,8054,QT23P0458 TRẦN NGỌC HOÀI PHƯƠNG,3.38,1,204,0.25,2,0.0,REVIEW REQUIRED,auto_refresh; single_activity_loop,medium; medium,"S1 [17:19-20:42, 3.38h]: auto_refresh - 98% of gaps within ±2.0s of mean 59.7s; single_activity_loop - 99% of events on ""Page: Tính từ trong tiếng anh: định nghĩa, chức năng, trật t""",https://glow.paclinks.org/report/log/index.php?chooselog=1&logreader=logstore_standard&id=0&user=8054&date=1773705600
2026-03-18,8054,QT23P0458 TRẦN NGỌC HOÀI PHƯƠNG,3.54,1,215,0.25,2,0.0,REVIEW REQUIRED,auto_refresh; single_activity_loop,medium; medium,"S1 [20:14-23:47, 3.54h]: auto_refresh - 91% of gaps within ±2.0s of mean 59.2s; single_activity_loop - 95% of events on ""Interactive Content: Read and analyze data""",https://glow.paclinks.org/report/log/index.php?chooselog=1&logreader=logstore_standard&id=0&user=8054&date=1773792000
2026-03-20,8054,QT23P0458 TRẦN NGỌC HOÀI PHƯƠNG,1.2,1,76,0.4,1,0.0,HAS ANOMALIES,single_activity_loop,medium,"S1 [22:19-23:31, 1.20h]: single_activity_loop - 91% of events on ""Interactive Content: Compound Sentences I""",https://glow.paclinks.org/report/log/index.php?chooselog=1&logreader=logstore_standard&id=0&user=8054&date=1773964800
2026-03-22,8054,QT23P0458 TRẦN NGỌC HOÀI PHƯƠNG,6.25,2,368,0.4,2,0.74,HAS ANOMALIES,auto_refresh; single_activity_loop,medium; medium,"S2 [18:29-00:00, 5.51h]: auto_refresh - 94% of gaps within ±2.0s of mean 61.4s; single_activity_loop - 98% of events on ""Interactive Content: Reading""",https://glow.paclinks.org/report/log/index.php?chooselog=1&logreader=logstore_standard&id=0&user=8054&date=1774137600
2026-03-23,8054,QT23P0458 TRẦN NGỌC HOÀI PHƯƠNG,0.55,1,35,0.4,1,0.0,HAS ANOMALIES,single_activity_loop,medium,"S1 [00:00-00:33, 0.55h]: single_activity_loop - 94% of events on ""Interactive Content: Reading""",https://glow.paclinks.org/report/log/index.php?chooselog=1&logreader=logstore_standard&id=0&user=8054&date=1774224000
2026-03-27,8054,QT23P0458 TRẦN NGỌC HOÀI PHƯƠNG,1.83,1,115,0.4,1,0.0,HAS ANOMALIES,single_activity_loop,medium,"S1 [22:08-23:58, 1.83h]: single_activity_loop - 94% of events on ""Page: Learn English Grammar: The Sentence""",https://glow.paclinks.org/report/log/index.php?chooselog=1&logreader=logstore_standard&id=0&user=8054&date=1774569600
2026-03-28,8054,QT23P0458 TRẦN NGỌC HOÀI PHƯƠNG,3.73,3,306,0.5,3,0.79,HAS ANOMALIES,auto_refresh; single_activity_loop,medium; medium,"S1 [12:40-14:41, 2.02h]: auto_refresh - 89% of gaps within ±2.0s of mean 58.1s; single_activity_loop - 94% of events on ""Interactive Content: Reading""
S3 [23:05-00:00, 0.92h]: single_activity_loop - 91% of events on ""Page: Video lesson 1""",https://glow.paclinks.org/report/log/index.php?chooselog=1&logreader=logstore_standard&id=0&user=8054&date=1774656000
2026-03-29,8054,QT23P0458 TRẦN NGỌC HOÀI PHƯƠNG,1.88,2,115,0.4,2,0.0,HAS ANOMALIES,single_activity_loop,medium,"S1 [00:00-00:28, 0.45h]: single_activity_loop - 92% of events on ""Page: Video lesson 1""
S2 [20:26-21:52, 1.43h]: single_activity_loop - 93% of events on ""Page: Cách đặt câu trong tiếng Anh đơn giản và dễ nhớ """,https://glow.paclinks.org/report/log/index.php?chooselog=1&logreader=logstore_standard&id=0&user=8054&date=1774742400
2026-03-30,8054,QT23P0458 TRẦN NGỌC HOÀI PHƯƠNG,3.1,3,192,0.45,2,0.53,HAS ANOMALIES,single_activity_loop,medium,"S1 [00:00-00:27, 0.45h]: single_activity_loop - 93% of events on ""Page: Cách đặt câu trong tiếng Anh đơn giản và dễ nhớ ""
S3 [21:48-23:55, 2.12h]: single_activity_loop - 95% of events on ""Interactive Content: Reading""",https://glow.paclinks.org/report/log/index.php?chooselog=1&logreader=logstore_standard&id=0&user=8054&date=1774828800
2026-03-10,8055,QT23P0459 TRẦN THỊ HƯƠNG THƠM,0.26,1,7,0.55,0,0.26,CLEAN,,,,https://glow.paclinks.org/report/log/index.php?chooselog=1&logreader=logstore_standard&id=0&user=8055&date=1773100800
2026-03-11,8055,QT23P0459 TRẦN THỊ HƯƠNG THƠM,0.33,1,7,0.55,0,0.33,CLEAN,,,,https://glow.paclinks.org/report/log/index.php?chooselog=1&logreader=logstore_standard&id=0&user=8055&date=1773187200
2026-03-12,8055,QT23P0459 TRẦN THỊ HƯƠNG THƠM,0.18,1,13,0.55,0,0.18,CLEAN,,,,https://glow.paclinks.org/report/log/index.php?chooselog=1&logreader=logstore_standard&id=0&user=8055&date=1773273600
2026-03-15,8055,QT23P0459 TRẦN THỊ HƯƠNG THƠM,0.5,3,25,0.55,0,0.5,CLEAN,,,,https://glow.paclinks.org/report/log/index.php?chooselog=1&logreader=logstore_standard&id=0&user=8055&date=1773532800
2026-03-16,8055,QT23P0459 TRẦN THỊ HƯƠNG THƠM,1.01,2,29,0.55,0,1.01,CLEAN,,,,https://glow.paclinks.org/report/log/index.php?chooselog=1&logreader=logstore_standard&id=0&user=8055&date=1773619200
2026-03-20,8055,QT23P0459 TRẦN THỊ HƯƠNG THƠM,0.26,1,10,0.55,0,0.26,CLEAN,,,,https://glow.paclinks.org/report/log/index.php?chooselog=1&logreader=logstore_standard&id=0&user=8055&date=1773964800
2026-03-21,8055,QT23P0459 TRẦN THỊ HƯƠNG THƠM,0.07,1,7,0.55,0,0.07,CLEAN,,,,https://glow.paclinks.org/report/log/index.php?chooselog=1&logreader=logstore_standard&id=0&user=8055&date=1774051200
2026-03-23,8055,QT23P0459 TRẦN THỊ HƯƠNG THƠM,0.06,1,3,0.5,0,0.06,CLEAN,,,,https://glow.paclinks.org/report/log/index.php?chooselog=1&logreader=logstore_standard&id=0&user=8055&date=1774224000
2026-03-25,8055,QT23P0459 TRẦN THỊ HƯƠNG THƠM,0.07,1,6,0.55,0,0.07,CLEAN,,,,https://glow.paclinks.org/report/log/index.php?chooselog=1&logreader=logstore_standard&id=0&user=8055&date=1774396800
2026-03-30,8055,QT23P0459 TRẦN THỊ HƯƠNG THƠM,0.32,1,10,0.55,0,0.32,CLEAN,,,,https://glow.paclinks.org/report/log/index.php?chooselog=1&logreader=logstore_standard&id=0&user=8055&date=1774828800
2026-03-01,8059,QT23P0463 NGUYỄN THỊ THANH VÂN,0.34,1,11,0.55,0,0.34,CLEAN,,,,https://glow.paclinks.org/report/log/index.php?chooselog=1&logreader=logstore_standard&id=0&user=8059&date=1772323200
2026-03-05,8059,QT23P0463 NGUYỄN THỊ THANH VÂN,0.1,1,16,0.55,0,0.1,CLEAN,,,,https://glow.paclinks.org/report/log/index.php?chooselog=1&logreader=logstore_standard&id=0&user=8059&date=1772668800
2026-03-15,8059,QT23P0463 NGUYỄN THỊ THANH VÂN,1.01,2,20,0.55,0,1.01,CLEAN,,,,https://glow.paclinks.org/report/log/index.php?chooselog=1&logreader=logstore_standard&id=0&user=8059&date=1773532800
2026-03-16,8059,QT23P0463 NGUYỄN THỊ THANH VÂN,1.09,1,30,0.6,0,1.09,CLEAN,,,,https://glow.paclinks.org/report/log/index.php?chooselog=1&logreader=logstore_standard&id=0&user=8059&date=1773619200
2026-03-17,8059,QT23P0463 NGUYỄN THỊ THANH VÂN,1.37,3,75,0.6,0,1.37,CLEAN,,,,https://glow.paclinks.org/report/log/index.php?chooselog=1&logreader=logstore_standard&id=0&user=8059&date=1773705600
2026-03-23,8059,QT23P0463 NGUYỄN THỊ THANH VÂN,0.29,1,6,0.55,0,0.29,CLEAN,,,,https://glow.paclinks.org/report/log/index.php?chooselog=1&logreader=logstore_standard&id=0&user=8059&date=1774224000
2026-03-24,8059,QT23P0463 NGUYỄN THỊ THANH VÂN,0.2,1,10,0.55,0,0.2,CLEAN,,,,https://glow.paclinks.org/report/log/index.php?chooselog=1&logreader=logstore_standard&id=0&user=8059&date=1774310400
2026-03-25,8059,QT23P0463 NGUYỄN THỊ THANH VÂN,1.01,1,25,0.65,0,1.01,CLEAN,,,,https://glow.paclinks.org/report/log/index.php?chooselog=1&logreader=logstore_standard&id=0&user=8059&date=1774396800
2026-03-27,8059,QT23P0463 NGUYỄN THỊ THANH VÂN,0.12,1,14,0.65,0,0.12,CLEAN,,,,https://glow.paclinks.org/report/log/index.php?chooselog=1&logreader=logstore_standard&id=0&user=8059&date=1774569600
2026-03-28,8059,QT23P0463 NGUYỄN THỊ THANH VÂN,0.97,2,57,0.62,0,0.97,CLEAN,,,,https://glow.paclinks.org/report/log/index.php?chooselog=1&logreader=logstore_standard&id=0&user=8059&date=1774656000
2026-03-30,8059,QT23P0463 NGUYỄN THỊ THANH VÂN,1.77,4,50,0.51,0,1.77,CLEAN,,,,https://glow.paclinks.org/report/log/index.php?chooselog=1&logreader=logstore_standard&id=0&user=8059&date=1774828800
2026-03-31,8059,QT23P0463 NGUYỄN THỊ THANH VÂN,2.34,6,91,0.6,0,2.34,CLEAN,,,,https://glow.paclinks.org/report/log/index.php?chooselog=1&logreader=logstore_standard&id=0&user=8059&date=1774915200
2026-03-14,8384,QT23S0001 Trinh Trung Nguyen,0.27,1,2,0.55,0,0.27,CLEAN,,,,https://glow.paclinks.org/report/log/index.php?chooselog=1&logreader=logstore_standard&id=0&user=8384&date=1773446400
2026-03-16,8384,QT23S0001 Trinh Trung Nguyen,0.22,1,4,0.55,0,0.22,CLEAN,,,,https://glow.paclinks.org/report/log/index.php?chooselog=1&logreader=logstore_standard&id=0&user=8384&date=1773619200
2026-03-20,8384,QT23S0001 Trinh Trung Nguyen,0.06,1,3,0.55,0,0.06,CLEAN,,,,https://glow.paclinks.org/report/log/index.php?chooselog=1&logreader=logstore_standard&id=0&user=8384&date=1773964800
2026-03-21,8384,QT23S0001 Trinh Trung Nguyen,0.41,1,3,0.55,0,0.41,CLEAN,,,,https://glow.paclinks.org/report/log/index.php?chooselog=1&logreader=logstore_standard&id=0&user=8384&date=1774051200
2026-03-23,8385,QT23S0002 Doan Thi Thu Trang,0.37,1,20,0.35,1,0.0,REVIEW REQUIRED,single_activity_loop,medium,"S1 [23:14-23:36, 0.37h]: single_activity_loop - 100% of events on ""Quiz:  Unit 2 - Word groups &amp; Syllable Stress (11 - 20)""",https://glow.paclinks.org/report/log/index.php?chooselog=1&logreader=logstore_standard&id=0&user=8385&date=1774224000
2026-03-07,8388,QT23S0003 Le Nguyen Ngoc Linh,0.11,1,8,0.65,0,0.11,CLEAN,,,,https://glow.paclinks.org/report/log/index.php?chooselog=1&logreader=logstore_standard&id=0&user=8388&date=1772841600
2026-03-08,8388,QT23S0003 Le Nguyen Ngoc Linh,0.05,1,7,0.65,0,0.05,CLEAN,,,,https://glow.paclinks.org/report/log/index.php?chooselog=1&logreader=logstore_standard&id=0&user=8388&date=1772928000
2026-03-12,8388,QT23S0003 Le Nguyen Ngoc Linh,0.05,1,7,0.65,0,0.05,CLEAN,,,,https://glow.paclinks.org/report/log/index.php?chooselog=1&logreader=logstore_standard&id=0&user=8388&date=1773273600
2026-03-29,8388,QT23S0003 Le Nguyen Ngoc Linh,0.32,2,70,0.73,1,0.17,HAS ANOMALIES,excessive_events,medium,"S1 [09:26-09:35, 0.15h]: excessive_events - 390 events/hr (max=300)",https://glow.paclinks.org/report/log/index.php?chooselog=1&logreader=logstore_standard&id=0&user=8388&date=1774742400
2026-03-02,8612,QT24P0472 LÊ MINH TIẾN,0.19,1,6,0.55,0,0.19,CLEAN,,,,https://glow.paclinks.org/report/log/index.php?chooselog=1&logreader=logstore_standard&id=0&user=8612&date=1772409600
2026-03-03,8612,QT24P0472 LÊ MINH TIẾN,0.25,1,6,0.55,0,0.25,CLEAN,,,,https://glow.paclinks.org/report/log/index.php?chooselog=1&logreader=logstore_standard&id=0&user=8612&date=1772496000
2026-03-09,8612,QT24P0472 LÊ MINH TIẾN,0.25,1,6,0.55,0,0.25,CLEAN,,,,https://glow.paclinks.org/report/log/index.php?chooselog=1&logreader=logstore_standard&id=0&user=8612&date=1773014400
2026-03-10,8612,QT24P0472 LÊ MINH TIẾN,1.24,1,9,0.55,0,1.24,CLEAN,,,,https://glow.paclinks.org/report/log/index.php?chooselog=1&logreader=logstore_standard&id=0&user=8612&date=1773100800
2026-03-18,8612,QT24P0472 LÊ MINH TIẾN,0.58,1,3,0.5,0,0.58,CLEAN,,,,https://glow.paclinks.org/report/log/index.php?chooselog=1&logreader=logstore_standard&id=0&user=8612&date=1773792000
2026-03-19,8612,QT24P0472 LÊ MINH TIẾN,0.75,1,6,0.55,0,0.75,CLEAN,,,,https://glow.paclinks.org/report/log/index.php?chooselog=1&logreader=logstore_standard&id=0&user=8612&date=1773878400
2026-03-20,8612,QT24P0472 LÊ MINH TIẾN,0.27,1,9,0.55,0,0.27,CLEAN,,,,https://glow.paclinks.org/report/log/index.php?chooselog=1&logreader=logstore_standard&id=0&user=8612&date=1773964800
2026-03-29,8612,QT24P0472 LÊ MINH TIẾN,0.63,1,6,0.55,0,0.63,CLEAN,,,,https://glow.paclinks.org/report/log/index.php?chooselog=1&logreader=logstore_standard&id=0&user=8612&date=1774742400
2026-03-30,8612,QT24P0472 LÊ MINH TIẾN,1.02,2,9,0.55,0,1.02,CLEAN,,,,https://glow.paclinks.org/report/log/index.php?chooselog=1&logreader=logstore_standard&id=0&user=8612&date=1774828800
2026-03-31,8612,QT24P0472 LÊ MINH TIẾN,0.29,1,9,0.55,0,0.29,CLEAN,,,,https://glow.paclinks.org/report/log/index.php?chooselog=1&logreader=logstore_standard&id=0&user=8612&date=1774915200
2026-03-01,8614,QT24P0474 VÕ THỊ KHÁNH NGUYÊN,0.19,2,16,0.6,0,0.19,CLEAN,,,,https://glow.paclinks.org/report/log/index.php?chooselog=1&logreader=logstore_standard&id=0&user=8614&date=1772323200
2026-03-06,8614,QT24P0474 VÕ THỊ KHÁNH NGUYÊN,0.37,1,20,0.6,0,0.37,CLEAN,,,,https://glow.paclinks.org/report/log/index.php?chooselog=1&logreader=logstore_standard&id=0&user=8614&date=1772755200
2026-03-16,8614,QT24P0474 VÕ THỊ KHÁNH NGUYÊN,0.61,1,86,0.85,0,0.61,CLEAN,,,,https://glow.paclinks.org/report/log/index.php?chooselog=1&logreader=logstore_standard&id=0&user=8614&date=1773619200
2026-03-25,8614,QT24P0474 VÕ THỊ KHÁNH NGUYÊN,1.01,1,115,0.85,0,1.01,CLEAN,,,,https://glow.paclinks.org/report/log/index.php?chooselog=1&logreader=logstore_standard&id=0&user=8614&date=1774396800
2026-03-26,8614,QT24P0474 VÕ THỊ KHÁNH NGUYÊN,0.72,2,15,0.57,0,0.72,CLEAN,,,,https://glow.paclinks.org/report/log/index.php?chooselog=1&logreader=logstore_standard&id=0&user=8614&date=1774483200
2026-03-27,8614,QT24P0474 VÕ THỊ KHÁNH NGUYÊN,0.4,1,17,0.6,0,0.4,CLEAN,,,,https://glow.paclinks.org/report/log/index.php?chooselog=1&logreader=logstore_standard&id=0&user=8614&date=1774569600
2026-03-28,8614,QT24P0474 VÕ THỊ KHÁNH NGUYÊN,1.33,2,111,0.72,0,1.33,CLEAN,,,,https://glow.paclinks.org/report/log/index.php?chooselog=1&logreader=logstore_standard&id=0&user=8614&date=1774656000
2026-03-29,8614,QT24P0474 VÕ THỊ KHÁNH NGUYÊN,1.57,2,180,0.77,0,1.57,CLEAN,,,,https://glow.paclinks.org/report/log/index.php?chooselog=1&logreader=logstore_standard&id=0&user=8614&date=1774742400
2026-03-30,8614,QT24P0474 VÕ THỊ KHÁNH NGUYÊN,1.29,2,98,0.65,0,1.29,CLEAN,,,,https://glow.paclinks.org/report/log/index.php?chooselog=1&logreader=logstore_standard&id=0&user=8614&date=1774828800
2026-03-02,8615,QT24P0475 TRỊNH NGÔ ĐỨC NHÂN,0.31,1,65,0.35,1,0.0,REVIEW REQUIRED,single_activity_loop,medium,"S1 [23:41-00:00, 0.31h]: single_activity_loop - 92% of events on ""Course: Pronunciation - Beginner""",https://glow.paclinks.org/report/log/index.php?chooselog=1&logreader=logstore_standard&id=0&user=8615&date=1772409600
2026-03-10,8615,QT24P0475 TRỊNH NGÔ ĐỨC NHÂN,0.17,1,38,0.35,1,0.0,REVIEW REQUIRED,single_activity_loop,medium,"S1 [23:38-23:48, 0.17h]: single_activity_loop - 92% of events on ""Course: Pronunciation - Beginner""",https://glow.paclinks.org/report/log/index.php?chooselog=1&logreader=logstore_standard&id=0&user=8615&date=1773100800
2026-03-11,8615,QT24P0475 TRỊNH NGÔ ĐỨC NHÂN,1.47,1,258,0.35,1,0.0,REVIEW REQUIRED,single_activity_loop,medium,"S1 [07:08-08:36, 1.47h]: single_activity_loop - 100% of events on ""Course: Pronunciation - Beginner""",https://glow.paclinks.org/report/log/index.php?chooselog=1&logreader=logstore_standard&id=0&user=8615&date=1773187200
2026-03-12,8615,QT24P0475 TRỊNH NGÔ ĐỨC NHÂN,3.05,1,545,0.5,0,3.05,CLEAN,,,,https://glow.paclinks.org/report/log/index.php?chooselog=1&logreader=logstore_standard&id=0&user=8615&date=1773273600
2026-03-13,8615,QT24P0475 TRỊNH NGÔ ĐỨC NHÂN,3.96,2,700,0.35,2,0.0,REVIEW REQUIRED,single_activity_loop,medium,"S1 [12:05-14:20, 2.24h]: single_activity_loop - 100% of events on ""System""
S2 [14:50-16:34, 1.73h]: single_activity_loop - 100% of events on ""System""",https://glow.paclinks.org/report/log/index.php?chooselog=1&logreader=logstore_standard&id=0&user=8615&date=1773360000
2026-03-14,8615,QT24P0475 TRỊNH NGÔ ĐỨC NHÂN,1.21,1,221,0.35,1,0.0,REVIEW REQUIRED,single_activity_loop,medium,"S1 [22:47-00:00, 1.21h]: single_activity_loop - 100% of events on ""Site home""",https://glow.paclinks.org/report/log/index.php?chooselog=1&logreader=logstore_standard&id=0&user=8615&date=1773446400
2026-03-15,8615,QT24P0475 TRỊNH NGÔ ĐỨC NHÂN,0.13,1,28,0.35,1,0.0,REVIEW REQUIRED,single_activity_loop,medium,"S1 [00:00-00:07, 0.13h]: single_activity_loop - 100% of events on ""Site home""",https://glow.paclinks.org/report/log/index.php?chooselog=1&logreader=logstore_standard&id=0&user=8615&date=1773532800
2026-03-17,8615,QT24P0475 TRỊNH NGÔ ĐỨC NHÂN,2.3,3,389,0.35,3,0.0,REVIEW REQUIRED,single_activity_loop,medium,"S1 [17:39-18:45, 1.10h]: single_activity_loop - 99% of events on ""Site home""
S2 [21:06-21:19, 0.23h]: single_activity_loop - 97% of events on ""Site home""
S3 [22:39-23:37, 0.96h]: single_activity_loop - 99% of events on ""Site home""",https://glow.paclinks.org/report/log/index.php?chooselog=1&logreader=logstore_standard&id=0&user=8615&date=1773705600
2026-03-19,8615,QT24P0475 TRỊNH NGÔ ĐỨC NHÂN,2.68,2,483,0.35,2,0.0,REVIEW REQUIRED,single_activity_loop,medium,"S1 [11:31-11:45, 0.23h]: single_activity_loop - 98% of events on ""Site home""
S2 [17:11-19:38, 2.45h]: single_activity_loop - 100% of events on ""Site home""",https://glow.paclinks.org/report/log/index.php?chooselog=1&logreader=logstore_standard&id=0&user=8615&date=1773878400
2026-03-25,8615,QT24P0475 TRỊNH NGÔ ĐỨC NHÂN,0.08,1,16,0.5,0,0.08,CLEAN,,,,https://glow.paclinks.org/report/log/index.php?chooselog=1&logreader=logstore_standard&id=0&user=8615&date=1774396800
2026-03-27,8615,QT24P0475 TRỊNH NGÔ ĐỨC NHÂN,0.39,1,70,0.35,1,0.0,REVIEW REQUIRED,single_activity_loop,medium,"S1 [21:28-21:51, 0.39h]: single_activity_loop - 99% of events on ""Course: TED Talks Career""",https://glow.paclinks.org/report/log/index.php?chooselog=1&logreader=logstore_standard&id=0&user=8615&date=1774569600
2026-03-29,8615,QT24P0475 TRỊNH NGÔ ĐỨC NHÂN,1.13,1,219,0.35,1,0.0,REVIEW REQUIRED,single_activity_loop,medium,"S1 [19:14-20:22, 1.13h]: single_activity_loop - 100% of events on ""Course: Pronunciation - Beginner""",https://glow.paclinks.org/report/log/index.php?chooselog=1&logreader=logstore_standard&id=0&user=8615&date=1774742400
2026-03-09,8616,QT24P0476 TRẦN NGUYỄN THU NGUYỆT,0.43,2,13,0.55,0,0.43,CLEAN,,,,https://glow.paclinks.org/report/log/index.php?chooselog=1&logreader=logstore_standard&id=0&user=8616&date=1773014400
2026-03-18,8616,QT24P0476 TRẦN NGUYỄN THU NGUYỆT,0.75,2,17,0.57,0,0.75,CLEAN,,,,https://glow.paclinks.org/report/log/index.php?chooselog=1&logreader=logstore_standard&id=0&user=8616&date=1773792000
2026-03-19,8616,QT24P0476 TRẦN NGUYỄN THU NGUYỆT,0.88,1,13,0.6,0,0.88,CLEAN,,,,https://glow.paclinks.org/report/log/index.php?chooselog=1&logreader=logstore_standard&id=0&user=8616&date=1773878400
2026-03-20,8616,QT24P0476 TRẦN NGUYỄN THU NGUYỆT,1.38,3,18,0.57,0,1.38,CLEAN,,,,https://glow.paclinks.org/report/log/index.php?chooselog=1&logreader=logstore_standard&id=0&user=8616&date=1773964800
2026-03-27,8616,QT24P0476 TRẦN NGUYỄN THU NGUYỆT,1.36,3,27,0.58,0,1.36,CLEAN,,,,https://glow.paclinks.org/report/log/index.php?chooselog=1&logreader=logstore_standard&id=0&user=8616&date=1774569600
2026-03-28,8616,QT24P0476 TRẦN NGUYỄN THU NGUYỆT,0.65,1,17,0.6,0,0.65,CLEAN,,,,https://glow.paclinks.org/report/log/index.php?chooselog=1&logreader=logstore_standard&id=0&user=8616&date=1774656000
2026-03-29,8616,QT24P0476 TRẦN NGUYỄN THU NGUYỆT,1.32,4,28,0.57,0,1.32,CLEAN,,,,https://glow.paclinks.org/report/log/index.php?chooselog=1&logreader=logstore_standard&id=0&user=8616&date=1774742400
2026-03-30,8616,QT24P0476 TRẦN NGUYỄN THU NGUYỆT,0.45,1,8,0.6,0,0.45,CLEAN,,,,https://glow.paclinks.org/report/log/index.php?chooselog=1&logreader=logstore_standard&id=0&user=8616&date=1774828800
2026-03-31,8616,QT24P0476 TRẦN NGUYỄN THU NGUYỆT,4.56,5,91,0.6,0,4.56,CLEAN,,,,https://glow.paclinks.org/report/log/index.php?chooselog=1&logreader=logstore_standard&id=0&user=8616&date=1774915200
2026-03-02,8617,QT24P0477 VÕ ANH KHÔI,1.67,1,301,0.35,1,0.0,REVIEW REQUIRED,single_activity_loop,medium,"S1 [17:53-19:34, 1.67h]: single_activity_loop - 99% of events on ""Course: Grammar""",https://glow.paclinks.org/report/log/index.php?chooselog=1&logreader=logstore_standard&id=0&user=8617&date=1772409600
2026-03-05,8617,QT24P0477 VÕ ANH KHÔI,3.87,1,755,0.35,1,0.0,REVIEW REQUIRED,single_activity_loop,medium,"S1 [15:21-19:14, 3.87h]: single_activity_loop - 100% of events on ""Course: TED Talks - General 2""",https://glow.paclinks.org/report/log/index.php?chooselog=1&logreader=logstore_standard&id=0&user=8617&date=1772668800
2026-03-06,8617,QT24P0477 VÕ ANH KHÔI,3.06,1,585,0.35,1,0.0,REVIEW REQUIRED,single_activity_loop,medium,"S1 [18:04-21:08, 3.06h]: single_activity_loop - 98% of events on ""Course: PALS English Self-Learning""",https://glow.paclinks.org/report/log/index.php?chooselog=1&logreader=logstore_standard&id=0&user=8617&date=1772755200
2026-03-13,8617,QT24P0477 VÕ ANH KHÔI,2.57,1,503,0.35,1,0.0,REVIEW REQUIRED,single_activity_loop,medium,"S1 [19:25-21:59, 2.57h]: single_activity_loop - 99% of events on ""Course: TED Talks - General 2""",https://glow.paclinks.org/report/log/index.php?chooselog=1&logreader=logstore_standard&id=0&user=8617&date=1773360000
2026-03-14,8617,QT24P0477 VÕ ANH KHÔI,2.98,1,584,0.35,1,0.0,REVIEW REQUIRED,single_activity_loop,medium,"S1 [18:23-21:22, 2.98h]: single_activity_loop - 99% of events on ""Course: TED Talks - General 3""",https://glow.paclinks.org/report/log/index.php?chooselog=1&logreader=logstore_standard&id=0&user=8617&date=1773446400
2026-03-18,8617,QT24P0477 VÕ ANH KHÔI,5.29,1,1019,0.35,1,0.0,REVIEW REQUIRED,single_activity_loop,medium,"S1 [16:36-21:53, 5.29h]: single_activity_loop - 100% of events on ""Course: English for Starters""",https://glow.paclinks.org/report/log/index.php?chooselog=1&logreader=logstore_standard&id=0&user=8617&date=1773792000
2026-03-23,8617,QT24P0477 VÕ ANH KHÔI,2.3,1,391,0.35,1,0.0,REVIEW REQUIRED,single_activity_loop,medium,"S1 [20:21-22:39, 2.30h]: single_activity_loop - 99% of events on ""Course: PALS English Self-Learning""",https://glow.paclinks.org/report/log/index.php?chooselog=1&logreader=logstore_standard&id=0&user=8617&date=1774224000
2026-03-24,8617,QT24P0477 VÕ ANH KHÔI,5.42,1,1015,0.35,1,0.0,REVIEW REQUIRED,single_activity_loop,medium,"S1 [10:33-15:58, 5.42h]: single_activity_loop - 100% of events on ""Course: PALS English Self-Learning""",https://glow.paclinks.org/report/log/index.php?chooselog=1&logreader=logstore_standard&id=0&user=8617&date=1774310400
2026-03-25,8617,QT24P0477 VÕ ANH KHÔI,2.83,1,555,0.35,1,0.0,REVIEW REQUIRED,single_activity_loop,medium,"S1 [13:51-16:40, 2.83h]: single_activity_loop - 99% of events on ""Course: Grammar""",https://glow.paclinks.org/report/log/index.php?chooselog=1&logreader=logstore_standard&id=0&user=8617&date=1774396800
2026-03-26,8617,QT24P0477 VÕ ANH KHÔI,2.92,1,559,0.35,1,0.0,REVIEW REQUIRED,single_activity_loop,medium,"S1 [19:12-22:07, 2.92h]: single_activity_loop - 99% of events on ""Course: TED Talks - General 3""",https://glow.paclinks.org/report/log/index.php?chooselog=1&logreader=logstore_standard&id=0&user=8617&date=1774483200
2026-03-30,8617,QT24P0477 VÕ ANH KHÔI,2.15,1,412,0.35,1,0.0,REVIEW REQUIRED,single_activity_loop,medium,"S1 [20:23-22:33, 2.15h]: single_activity_loop - 99% of events on ""Course: TED Talks - General 3""",https://glow.paclinks.org/report/log/index.php?chooselog=1&logreader=logstore_standard&id=0&user=8617&date=1774828800
2026-03-31,8617,QT24P0477 VÕ ANH KHÔI,10.38,1,2050,0.05,2,0.0,REVIEW REQUIRED,session_too_long; single_activity_loop,high; medium,"S1 [12:02-22:25, 10.38h]: session_too_long - Session duration 10.4h exceeds 6h limit; single_activity_loop - 100% of events on ""Course: TED Talks - General 3""",https://glow.paclinks.org/report/log/index.php?chooselog=1&logreader=logstore_standard&id=0&user=8617&date=1774915200
2026-03-01,8618,QT24P0478 LÊ MINH NHẬT,2.2,1,482,0.4,1,0.0,HAS ANOMALIES,single_activity_loop,medium,"S1 [11:48-14:00, 2.20h]: single_activity_loop - 99% of events on ""Interactive Content: Appositives and Appositive Phrases""",https://glow.paclinks.org/report/log/index.php?chooselog=1&logreader=logstore_standard&id=0&user=8618&date=1772323200
2026-03-02,8618,QT24P0478 LÊ MINH NHẬT,3.08,1,597,0.4,1,0.0,HAS ANOMALIES,single_activity_loop,medium,"S1 [17:21-20:26, 3.08h]: single_activity_loop - 99% of events on ""Interactive Content: Let role-play""",https://glow.paclinks.org/report/log/index.php?chooselog=1&logreader=logstore_standard&id=0&user=8618&date=1772409600
2026-03-03,8618,QT24P0478 LÊ MINH NHẬT,2.81,3,542,0.4,3,0.0,HAS ANOMALIES,single_activity_loop,medium,"S1 [07:19-08:16, 0.96h]: single_activity_loop - 97% of events on ""Interactive Content: Let role-play""
S2 [16:10-17:08, 0.98h]: single_activity_loop - 97% of events on ""Interactive Content: Watch video""
S3 [22:22-23:15, 0.88h]: single_activity_loop - 99% of events on ""Interactive Content: Watch video""",https://glow.paclinks.org/report/log/index.php?chooselog=1&logreader=logstore_standard&id=0&user=8618&date=1772496000
2026-03-25,8618,QT24P0478 LÊ MINH NHẬT,1.37,1,232,0.4,1,0.0,HAS ANOMALIES,single_activity_loop,medium,"S1 [01:23-02:45, 1.37h]: single_activity_loop - 98% of events on ""Interactive Content: Simple Subjects and Simple Predicates I""",https://glow.paclinks.org/report/log/index.php?chooselog=1&logreader=logstore_standard&id=0&user=8618&date=1774396800
2026-03-27,8618,QT24P0478 LÊ MINH NHẬT,0.17,1,21,0.55,0,0.17,CLEAN,,,,https://glow.paclinks.org/report/log/index.php?chooselog=1&logreader=logstore_standard&id=0&user=8618&date=1774569600
2026-03-28,8618,QT24P0478 LÊ MINH NHẬT,13.73,2,2596,0.25,3,0.0,REVIEW REQUIRED,session_too_long; single_activity_loop,high; medium,"S1 [00:00-11:25, 11.42h]: session_too_long - Session duration 11.4h exceeds 6h limit; single_activity_loop - 100% of events on ""Interactive Content: Simple Subjects and Simple Predicates I""
S2 [20:40-22:59, 2.31h]: single_activity_loop - 99% of events on ""Interactive Content: Watch video""",https://glow.paclinks.org/report/log/index.php?chooselog=1&logreader=logstore_standard&id=0&user=8618&date=1774656000
2026-03-20,8620,QT24P0480 PHẠM THÙY LINH,0.07,1,5,0.55,0,0.07,CLEAN,,,,https://glow.paclinks.org/report/log/index.php?chooselog=1&logreader=logstore_standard&id=0&user=8620&date=1773964800
2026-03-23,8622,QT24P0482 TRẦN THỊ THỦY TIÊN,1.37,1,490,0.1,3,0.0,REVIEW REQUIRED,auto_refresh; excessive_events; single_activity_loop,medium; medium; medium,"S1 [22:38-00:00, 1.37h]: auto_refresh - 98% of gaps within ±2.0s of mean 10.0s; excessive_events - 358 events/hr (max=300); single_activity_loop - 99% of events on ""Page: Listening - WATCH THIS FIRST""",https://glow.paclinks.org/report/log/index.php?chooselog=1&logreader=logstore_standard&id=0&user=8622&date=1774224000
2026-03-24,8622,QT24P0482 TRẦN THỊ THỦY TIÊN,8.96,3,3205,0.03,9,0.0,REVIEW REQUIRED,auto_refresh; excessive_events; single_activity_loop,high; medium; medium,"S1 [00:00-02:48, 2.81h]: auto_refresh - Gaps extremely regular: mean=10.0s, std=0.66s across 1011 gaps; excessive_events - 360 events/hr (max=300); single_activity_loop - 100% of events on ""Page: Listening - WATCH THIS FIRST""
S2 [11:34-15:47, 4.22h]: auto_refresh - 99% of gaps within ±2.0s of mean 10.1s; excessive_events - 355 events/hr (max=300); single_activity_loop - 100% of events on ""Page: Listening - WATCH THIS FIRST""
S3 [22:04-00:00, 1.92h]: auto_refresh - Gaps extremely regular: mean=10.0s, std=0.74s across 691 gaps; excessive_events - 360 events/hr (max=300); single_activity_loop - 100% of events on ""Page: Listening - WATCH THIS FIRST""",https://glow.paclinks.org/report/log/index.php?chooselog=1&logreader=logstore_standard&id=0&user=8622&date=1774310400
2026-03-25,8622,QT24P0482 TRẦN THỊ THỦY TIÊN,10.21,4,3676,0.03,12,0.0,REVIEW REQUIRED,auto_refresh; excessive_events; single_activity_loop,high; medium; medium,"S1 [00:00-02:07, 2.12h]: auto_refresh - Gaps extremely regular: mean=10.0s, std=0.37s across 761 gaps; excessive_events - 360 events/hr (max=300); single_activity_loop - 100% of events on ""Page: Listening - WATCH THIS FIRST""
S2 [06:22-06:34, 0.20h]: auto_refresh - 96% of gaps within ±2.0s of mean 10.1s; excessive_events - 357 events/hr (max=300); single_activity_loop - 97% of events on ""Page: Listening - WATCH THIS FIRST""
S3 [12:36-16:41, 4.08h]: auto_refresh - Gaps extremely regular: mean=10.0s, std=0.90s across 1470 gaps; excessive_events - 361 events/hr (max=300); single_activity_loop - 100% of events on ""Interactive Content: Reading""
S4 [17:27-21:16, 3.81h]: auto_refresh - Gaps extremely regular: mean=10.0s, std=0.89s across 1371 gaps; excessive_events - 360 events/hr (max=300); single_activity_loop - 100% of events on ""Page: Listening - WATCH THIS FIRST""",https://glow.paclinks.org/report/log/index.php?chooselog=1&logreader=logstore_standard&id=0&user=8622&date=1774396800
2026-03-26,8622,QT24P0482 TRẦN THỊ THỦY TIÊN,11.39,5,4100,0.02,15,0.0,REVIEW REQUIRED,auto_refresh; excessive_events; single_activity_loop,high; medium; medium,"S1 [00:49-04:24, 3.59h]: auto_refresh - Gaps extremely regular: mean=10.0s, std=0.47s across 1291 gaps; excessive_events - 360 events/hr (max=300); single_activity_loop - 100% of events on ""Page: Listening - WATCH THIS FIRST""
S2 [06:11-09:30, 3.31h]: auto_refresh - Gaps extremely regular: mean=10.0s, std=1.09s across 1194 gaps; excessive_events - 361 events/hr (max=300); single_activity_loop - 100% of events on ""Interactive Content: Listening""
S3 [14:58-18:09, 3.18h]: auto_refresh - Gaps extremely regular: mean=10.0s, std=0.72s across 1142 gaps; excessive_events - 360 events/hr (max=300); single_activity_loop - 100% of events on ""Interactive Content: Listening""
S4 [21:09-21:41, 0.53h]: auto_refresh - 97% of gaps within ±2.0s of mean 10.1s; excessive_events - 357 events/hr (max=300); single_activity_loop - 98% of events on ""Course: TED Talks Career""
S5 [22:25-23:12, 0.78h]: auto_refresh - Gaps extremely regular: mean=10.0s, std=0.67s across 280 gaps; excessive_events - 361 events/hr (max=300); single_activity_loop - 100% of events on ""Course: TED Talks Career""",https://glow.paclinks.org/report/log/index.php?chooselog=1&logreader=logstore_standard&id=0&user=8622&date=1774483200
2026-03-27,8622,QT24P0482 TRẦN THỊ THỦY TIÊN,9.85,4,3413,0.18,9,0.23,REVIEW REQUIRED,auto_refresh; excessive_events; single_activity_loop,high; medium; medium,"S2 [01:41-03:32, 1.85h]: auto_refresh - 99% of gaps within ±2.0s of mean 10.9s; excessive_events - 331 events/hr (max=300); single_activity_loop - 100% of events on ""Page: Vocabularies""
S3 [11:14-14:40, 3.42h]: auto_refresh - 99% of gaps within ±2.0s of mean 10.0s; excessive_events - 360 events/hr (max=300); single_activity_loop - 100% of events on ""Page: Vocabularies""
S4 [18:04-22:25, 4.35h]: auto_refresh - Gaps extremely regular: mean=10.0s, std=0.80s across 1563 gaps; excessive_events - 359 events/hr (max=300); single_activity_loop - 100% of events on ""Page: Vocabularies""",https://glow.paclinks.org/report/log/index.php?chooselog=1&logreader=logstore_standard&id=0&user=8622&date=1774569600
2026-03-29,8622,QT24P0482 TRẦN THỊ THỦY TIÊN,1.36,1,495,0.2,3,0.0,REVIEW REQUIRED,auto_refresh; excessive_events; single_activity_loop,medium; medium; medium,"S1 [20:29-21:51, 1.36h]: auto_refresh - 96% of gaps within ±2.0s of mean 9.9s; excessive_events - 364 events/hr (max=300); single_activity_loop - 97% of events on ""Course: Learn English though Songs""",https://glow.paclinks.org/report/log/index.php?chooselog=1&logreader=logstore_standard&id=0&user=8622&date=1774742400
2026-03-10,8623,QT24P0483 LÊ NGỌC KIỀU DIỄM,0.05,1,6,0.55,0,0.05,CLEAN,,,,https://glow.paclinks.org/report/log/index.php?chooselog=1&logreader=logstore_standard&id=0&user=8623&date=1773100800
2026-03-29,8623,QT24P0483 LÊ NGỌC KIỀU DIỄM,0.21,1,10,0.6,0,0.21,CLEAN,,,,https://glow.paclinks.org/report/log/index.php?chooselog=1&logreader=logstore_standard&id=0&user=8623&date=1774742400
2026-03-17,9188,QT25G0494 Phạm Hoàng Phúc An,0.41,1,4,0.5,0,0.41,CLEAN,,,,https://glow.paclinks.org/report/log/index.php?chooselog=1&logreader=logstore_standard&id=0&user=9188&date=1773705600
2026-03-18,9188,QT25G0494 Phạm Hoàng Phúc An,0.16,1,9,0.55,0,0.16,CLEAN,,,,https://glow.paclinks.org/report/log/index.php?chooselog=1&logreader=logstore_standard&id=0&user=9188&date=1773792000
2026-03-21,9189,QT25G0495 Lê Tiến Đạt,2.89,5,12,0.5,0,2.89,CLEAN,,,,https://glow.paclinks.org/report/log/index.php?chooselog=1&logreader=logstore_standard&id=0&user=9189&date=1774051200
2026-03-22,9189,QT25G0495 Lê Tiến Đạt,2.24,2,10,0.53,0,2.24,CLEAN,,,,https://glow.paclinks.org/report/log/index.php?chooselog=1&logreader=logstore_standard&id=0&user=9189&date=1774137600
2026-03-23,9189,QT25G0495 Lê Tiến Đạt,2.03,2,8,0.5,0,2.03,CLEAN,,,,https://glow.paclinks.org/report/log/index.php?chooselog=1&logreader=logstore_standard&id=0&user=9189&date=1774224000
2026-03-24,9189,QT25G0495 Lê Tiến Đạt,2.7,2,13,0.45,1,0.38,HAS ANOMALIES,single_activity_loop,medium,"S2 [19:28-21:47, 2.32h]: single_activity_loop - 100% of events on ""Page: Ngữ pháp Thông dụng: Từ nối""",https://glow.paclinks.org/report/log/index.php?chooselog=1&logreader=logstore_standard&id=0&user=9189&date=1774310400
2026-03-25,9189,QT25G0495 Lê Tiến Đạt,1.16,1,5,0.5,0,1.16,CLEAN,,,,https://glow.paclinks.org/report/log/index.php?chooselog=1&logreader=logstore_standard&id=0&user=9189&date=1774396800
2026-03-26,9189,QT25G0495 Lê Tiến Đạt,1.68,3,23,0.52,0,1.68,CLEAN,,,,https://glow.paclinks.org/report/log/index.php?chooselog=1&logreader=logstore_standard&id=0&user=9189&date=1774483200
2026-03-29,9189,QT25G0495 Lê Tiến Đạt,7.59,3,32,0.48,1,3.59,HAS ANOMALIES,single_activity_loop,medium,"S1 [10:56-14:56, 4.00h]: single_activity_loop - 94% of events on ""Page: Thì quá khứ hoàn thành tiếp diễn """,https://glow.paclinks.org/report/log/index.php?chooselog=1&logreader=logstore_standard&id=0&user=9189&date=1774742400
2026-03-30,9189,QT25G0495 Lê Tiến Đạt,0.07,1,4,0.55,0,0.07,CLEAN,,,,https://glow.paclinks.org/report/log/index.php?chooselog=1&logreader=logstore_standard&id=0&user=9189&date=1774828800
2026-03-01,9190,QT25G0496 Dương Anh Hiếu,0.56,3,24,0.55,0,0.56,CLEAN,,,,https://glow.paclinks.org/report/log/index.php?chooselog=1&logreader=logstore_standard&id=0&user=9190&date=1772323200
2026-03-03,9190,QT25G0496 Dương Anh Hiếu,0.23,1,7,0.55,0,0.23,CLEAN,,,,https://glow.paclinks.org/report/log/index.php?chooselog=1&logreader=logstore_standard&id=0&user=9190&date=1772496000
2026-03-05,9190,QT25G0496 Dương Anh Hiếu,0.14,1,28,0.6,0,0.14,CLEAN,,,,https://glow.paclinks.org/report/log/index.php?chooselog=1&logreader=logstore_standard&id=0&user=9190&date=1772668800
2026-03-06,9190,QT25G0496 Dương Anh Hiếu,0.27,1,75,0.85,0,0.27,CLEAN,,,,https://glow.paclinks.org/report/log/index.php?chooselog=1&logreader=logstore_standard&id=0&user=9190&date=1772755200
2026-03-07,9190,QT25G0496 Dương Anh Hiếu,2.08,4,120,0.54,1,2.03,HAS ANOMALIES,excessive_events,medium,"S1 [14:07-14:11, 0.05h]: excessive_events - 1388 events/hr (max=300)",https://glow.paclinks.org/report/log/index.php?chooselog=1&logreader=logstore_standard&id=0&user=9190&date=1772841600
2026-03-08,9190,QT25G0496 Dương Anh Hiếu,2.21,4,188,0.57,0,2.21,CLEAN,,,,https://glow.paclinks.org/report/log/index.php?chooselog=1&logreader=logstore_standard&id=0&user=9190&date=1772928000
2026-03-09,9190,QT25G0496 Dương Anh Hiếu,0.81,2,29,0.55,0,0.81,CLEAN,,,,https://glow.paclinks.org/report/log/index.php?chooselog=1&logreader=logstore_standard&id=0&user=9190&date=1773014400
2026-03-10,9190,QT25G0496 Dương Anh Hiếu,2.92,3,76,0.55,0,2.92,CLEAN,,,,https://glow.paclinks.org/report/log/index.php?chooselog=1&logreader=logstore_standard&id=0&user=9190&date=1773100800
2026-03-11,9190,QT25G0496 Dương Anh Hiếu,0.38,2,15,0.57,0,0.38,CLEAN,,,,https://glow.paclinks.org/report/log/index.php?chooselog=1&logreader=logstore_standard&id=0&user=9190&date=1773187200
2026-03-12,9190,QT25G0496 Dương Anh Hiếu,0.24,1,12,0.55,0,0.24,CLEAN,,,,https://glow.paclinks.org/report/log/index.php?chooselog=1&logreader=logstore_standard&id=0&user=9190&date=1773273600
2026-03-13,9190,QT25G0496 Dương Anh Hiếu,0.13,1,10,0.55,0,0.13,CLEAN,,,,https://glow.paclinks.org/report/log/index.php?chooselog=1&logreader=logstore_standard&id=0&user=9190&date=1773360000
2026-03-20,9190,QT25G0496 Dương Anh Hiếu,0.69,1,23,0.6,0,0.69,CLEAN,,,,https://glow.paclinks.org/report/log/index.php?chooselog=1&logreader=logstore_standard&id=0&user=9190&date=1773964800
2026-03-21,9190,QT25G0496 Dương Anh Hiếu,0.91,1,18,0.55,0,0.91,CLEAN,,,,https://glow.paclinks.org/report/log/index.php?chooselog=1&logreader=logstore_standard&id=0&user=9190&date=1774051200
2026-03-23,9190,QT25G0496 Dương Anh Hiếu,1.36,2,30,0.55,0,1.36,CLEAN,,,,https://glow.paclinks.org/report/log/index.php?chooselog=1&logreader=logstore_standard&id=0&user=9190&date=1774224000
2026-03-27,9433,QT25G0500 Pham Thi Hoa Ly,0.11,2,21,0.6,0,0.11,CLEAN,,,,https://glow.paclinks.org/report/log/index.php?chooselog=1&logreader=logstore_standard&id=0&user=9433&date=1774569600
2026-03-11,9194,QT25P0487 Bùi Thị Sony,0.63,2,8,0.53,0,0.63,CLEAN,,,,https://glow.paclinks.org/report/log/index.php?chooselog=1&logreader=logstore_standard&id=0&user=9194&date=1773187200
2026-03-25,9194,QT25P0487 Bùi Thị Sony,0.43,1,6,0.6,0,0.43,CLEAN,,,,https://glow.paclinks.org/report/log/index.php?chooselog=1&logreader=logstore_standard&id=0&user=9194&date=1774396800
2026-03-27,9194,QT25P0487 Bùi Thị Sony,0.06,1,18,0.4,1,0.0,HAS ANOMALIES,excessive_events,medium,"S1 [13:36-13:40, 0.06h]: excessive_events - 324 events/hr (max=300)",https://glow.paclinks.org/report/log/index.php?chooselog=1&logreader=logstore_standard&id=0&user=9194&date=1774569600
2026-03-02,9195,QT25P0488 Phạm Hồng Phúc,1.19,1,14,0.55,0,1.19,CLEAN,,,,https://glow.paclinks.org/report/log/index.php?chooselog=1&logreader=logstore_standard&id=0&user=9195&date=1772409600
2026-03-05,9195,QT25P0488 Phạm Hồng Phúc,0.47,1,20,0.55,0,0.47,CLEAN,,,,https://glow.paclinks.org/report/log/index.php?chooselog=1&logreader=logstore_standard&id=0&user=9195&date=1772668800
2026-03-06,9195,QT25P0488 Phạm Hồng Phúc,0.43,2,21,0.57,0,0.43,CLEAN,,,,https://glow.paclinks.org/report/log/index.php?chooselog=1&logreader=logstore_standard&id=0&user=9195&date=1772755200
2026-03-07,9195,QT25P0488 Phạm Hồng Phúc,0.5,1,16,0.55,0,0.5,CLEAN,,,,https://glow.paclinks.org/report/log/index.php?chooselog=1&logreader=logstore_standard&id=0&user=9195&date=1772841600
2026-03-11,9195,QT25P0488 Phạm Hồng Phúc,0.29,1,5,0.55,0,0.29,CLEAN,,,,https://glow.paclinks.org/report/log/index.php?chooselog=1&logreader=logstore_standard&id=0&user=9195&date=1773187200
2026-03-12,9195,QT25P0488 Phạm Hồng Phúc,0.48,1,19,0.55,0,0.48,CLEAN,,,,https://glow.paclinks.org/report/log/index.php?chooselog=1&logreader=logstore_standard&id=0&user=9195&date=1773273600
2026-03-13,9195,QT25P0488 Phạm Hồng Phúc,1.17,1,40,0.55,0,1.17,CLEAN,,,,https://glow.paclinks.org/report/log/index.php?chooselog=1&logreader=logstore_standard&id=0&user=9195&date=1773360000
2026-03-18,9195,QT25P0488 Phạm Hồng Phúc,0.11,1,11,0.55,0,0.11,CLEAN,,,,https://glow.paclinks.org/report/log/index.php?chooselog=1&logreader=logstore_standard&id=0&user=9195&date=1773792000
2026-03-19,9195,QT25P0488 Phạm Hồng Phúc,0.42,1,10,0.5,0,0.42,CLEAN,,,,https://glow.paclinks.org/report/log/index.php?chooselog=1&logreader=logstore_standard&id=0&user=9195&date=1773878400
2026-03-21,9195,QT25P0488 Phạm Hồng Phúc,0.29,1,10,0.55,0,0.29,CLEAN,,,,https://glow.paclinks.org/report/log/index.php?chooselog=1&logreader=logstore_standard&id=0&user=9195&date=1774051200
2026-03-27,9195,QT25P0488 Phạm Hồng Phúc,0.11,1,6,0.55,0,0.11,CLEAN,,,,https://glow.paclinks.org/report/log/index.php?chooselog=1&logreader=logstore_standard&id=0&user=9195&date=1774569600
2026-03-29,9196,QT25P0489 Nguyễn Thị Huyền,1.25,1,13,0.55,0,1.25,CLEAN,,,,https://glow.paclinks.org/report/log/index.php?chooselog=1&logreader=logstore_standard&id=0&user=9196&date=1774742400
2026-03-30,9196,QT25P0489 Nguyễn Thị Huyền,1.0,2,18,0.55,0,1.0,CLEAN,,,,https://glow.paclinks.org/report/log/index.php?chooselog=1&logreader=logstore_standard&id=0&user=9196&date=1774828800
2026-03-14,9197,QT25P0490 Nguyễn Ngọc Bảo Trân,0.21,1,9,0.55,0,0.21,CLEAN,,,,https://glow.paclinks.org/report/log/index.php?chooselog=1&logreader=logstore_standard&id=0&user=9197&date=1773446400
2026-03-26,9197,QT25P0490 Nguyễn Ngọc Bảo Trân,0.15,1,11,0.55,0,0.15,CLEAN,,,,https://glow.paclinks.org/report/log/index.php?chooselog=1&logreader=logstore_standard&id=0&user=9197&date=1774483200
2026-03-01,9199,QT25P0492 Nguyễn Mai Yến Như,0.34,1,4,0.55,0,0.34,CLEAN,,,,https://glow.paclinks.org/report/log/index.php?chooselog=1&logreader=logstore_standard&id=0&user=9199&date=1772323200
2026-03-02,9199,QT25P0492 Nguyễn Mai Yến Như,0.49,1,3,0.5,0,0.49,CLEAN,,,,https://glow.paclinks.org/report/log/index.php?chooselog=1&logreader=logstore_standard&id=0&user=9199&date=1772409600
2026-03-27,9199,QT25P0492 Nguyễn Mai Yến Như,0.24,1,27,0.6,0,0.24,CLEAN,,,,https://glow.paclinks.org/report/log/index.php?chooselog=1&logreader=logstore_standard&id=0&user=9199&date=1774569600
2026-03-28,9199,QT25P0492 Nguyễn Mai Yến Như,0.67,2,7,0.55,0,0.67,CLEAN,,,,https://glow.paclinks.org/report/log/index.php?chooselog=1&logreader=logstore_standard&id=0&user=9199&date=1774656000
2026-03-14,9456,REINTUK01 Nguyễn Thị Tuyết Nhi,0.33,1,42,0.7,0,0.33,CLEAN,,,,https://glow.paclinks.org/report/log/index.php?chooselog=1&logreader=logstore_standard&id=0&user=9456&date=1773446400
2026-03-15,9456,REINTUK01 Nguyễn Thị Tuyết Nhi,1.99,5,177,0.67,0,1.99,CLEAN,,,,https://glow.paclinks.org/report/log/index.php?chooselog=1&logreader=logstore_standard&id=0&user=9456&date=1773532800
2026-03-17,9456,REINTUK01 Nguyễn Thị Tuyết Nhi,0.57,2,70,0.7,0,0.57,CLEAN,,,,https://glow.paclinks.org/report/log/index.php?chooselog=1&logreader=logstore_standard&id=0&user=9456&date=1773705600
2026-03-19,9456,REINTUK01 Nguyễn Thị Tuyết Nhi,0.27,1,21,0.7,0,0.27,CLEAN,,,,https://glow.paclinks.org/report/log/index.php?chooselog=1&logreader=logstore_standard&id=0&user=9456&date=1773878400
2026-03-20,9456,REINTUK01 Nguyễn Thị Tuyết Nhi,0.92,1,24,0.7,0,0.92,CLEAN,,,,https://glow.paclinks.org/report/log/index.php?chooselog=1&logreader=logstore_standard&id=0&user=9456&date=1773964800
2026-03-22,9456,REINTUK01 Nguyễn Thị Tuyết Nhi,1.15,3,41,0.63,0,1.15,CLEAN,,,,https://glow.paclinks.org/report/log/index.php?chooselog=1&logreader=logstore_standard&id=0&user=9456&date=1774137600
2026-03-23,9456,REINTUK01 Nguyễn Thị Tuyết Nhi,0.68,1,20,0.7,0,0.68,CLEAN,,,,https://glow.paclinks.org/report/log/index.php?chooselog=1&logreader=logstore_standard&id=0&user=9456&date=1774224000
2026-03-26,9456,REINTUK01 Nguyễn Thị Tuyết Nhi,0.31,2,21,0.55,0,0.31,CLEAN,,,,https://glow.paclinks.org/report/log/index.php?chooselog=1&logreader=logstore_standard&id=0&user=9456&date=1774483200
2026-03-01,9453,Reint01 Intern,2.01,5,291,0.8,0,2.01,CLEAN,,,,https://glow.paclinks.org/report/log/index.php?chooselog=1&logreader=logstore_standard&id=0&user=9453&date=1772323200
2026-03-02,8938,SG24U0006 Ngô Nhật Xuân,0.85,2,37,0.55,0,0.85,CLEAN,,,,https://glow.paclinks.org/report/log/index.php?chooselog=1&logreader=logstore_standard&id=0&user=8938&date=1772409600
2026-03-03,8938,SG24U0006 Ngô Nhật Xuân,0.26,1,12,0.55,0,0.26,CLEAN,,,,https://glow.paclinks.org/report/log/index.php?chooselog=1&logreader=logstore_standard&id=0&user=8938&date=1772496000
2026-03-11,8938,SG24U0006 Ngô Nhật Xuân,0.54,2,30,0.57,0,0.54,CLEAN,,,,https://glow.paclinks.org/report/log/index.php?chooselog=1&logreader=logstore_standard&id=0&user=8938&date=1773187200
2026-03-16,8938,SG24U0006 Ngô Nhật Xuân,0.4,1,26,0.55,0,0.4,CLEAN,,,,https://glow.paclinks.org/report/log/index.php?chooselog=1&logreader=logstore_standard&id=0&user=8938&date=1773619200
2026-03-23,8938,SG24U0006 Ngô Nhật Xuân,1.91,4,58,0.55,0,1.91,CLEAN,,,,https://glow.paclinks.org/report/log/index.php?chooselog=1&logreader=logstore_standard&id=0&user=8938&date=1774224000
2026-03-24,8938,SG24U0006 Ngô Nhật Xuân,0.8,2,33,0.55,0,0.8,CLEAN,,,,https://glow.paclinks.org/report/log/index.php?chooselog=1&logreader=logstore_standard&id=0&user=8938&date=1774310400
2026-03-25,8938,SG24U0006 Ngô Nhật Xuân,1.09,4,38,0.55,1,0.73,HAS ANOMALIES,multi_ip,low,"S2 [13:09-13:30, 0.36h]: multi_ip - 5 IPs: 115.78.100.76, 115.78.13.71, 203.205.32.65, 113.161.34.227, 42.116.6.46",https://glow.paclinks.org/report/log/index.php?chooselog=1&logreader=logstore_standard&id=0&user=8938&date=1774396800
2026-03-26,8938,SG24U0006 Ngô Nhật Xuân,1.54,2,36,0.55,1,0.19,HAS ANOMALIES,multi_ip,low,"S1 [17:59-19:20, 1.34h]: multi_ip - 6 IPs: 27.74.135.2, 27.74.134.174, 27.74.135.8, 1.54.152.188, 27.74.134.246",https://glow.paclinks.org/report/log/index.php?chooselog=1&logreader=logstore_standard&id=0&user=8938&date=1774483200
2026-03-27,8938,SG24U0006 Ngô Nhật Xuân,3.88,7,96,0.55,1,2.23,HAS ANOMALIES,multi_ip,low,"S1 [07:07-08:45, 1.65h]: multi_ip - 9 IPs: 42.118.186.200, 14.161.6.190, 101.99.36.202, 115.78.13.71, 203.205.32.65",https://glow.paclinks.org/report/log/index.php?chooselog=1&logreader=logstore_standard&id=0&user=8938&date=1774569600
2026-03-28,8938,SG24U0006 Ngô Nhật Xuân,3.88,9,119,0.56,0,3.88,CLEAN,,,,https://glow.paclinks.org/report/log/index.php?chooselog=1&logreader=logstore_standard&id=0&user=8938&date=1774656000
2026-03-29,8938,SG24U0006 Ngô Nhật Xuân,0.89,3,35,0.53,0,0.89,CLEAN,,,,https://glow.paclinks.org/report/log/index.php?chooselog=1&logreader=logstore_standard&id=0&user=8938&date=1774742400
2026-03-30,8938,SG24U0006 Ngô Nhật Xuân,1.64,4,51,0.55,1,1.0,HAS ANOMALIES,multi_ip,low,"S1 [13:20-13:58, 0.63h]: multi_ip - 4 IPs: 125.235.185.118, 125.235.185.91, 125.235.185.114, 125.235.185.82",https://glow.paclinks.org/report/log/index.php?chooselog=1&logreader=logstore_standard&id=0&user=8938&date=1774828800
2026-03-31,8938,SG24U0006 Ngô Nhật Xuân,0.52,2,22,0.55,1,0.1,HAS ANOMALIES,multi_ip,low,"S1 [15:00-15:26, 0.42h]: multi_ip - 4 IPs: 171.253.214.239, 171.253.215.39, 171.253.214.178, 103.245.150.18",https://glow.paclinks.org/report/log/index.php?chooselog=1&logreader=logstore_standard&id=0&user=8938&date=1774915200
2026-03-19,7589,Student 01,0.18,1,5,0.55,0,0.18,CLEAN,,,,https://glow.paclinks.org/report/log/index.php?chooselog=1&logreader=logstore_standard&id=0&user=7589&date=1773878400
2026-03-29,8516,TEAMA20 Duy Nguyen,0.6,2,46,0.53,0,0.6,CLEAN,,,,https://glow.paclinks.org/report/log/index.php?chooselog=1&logreader=logstore_standard&id=0&user=8516&date=1774742400
2026-03-02,8512,TEAMA21 Quoc Hoang,0.23,1,4,0.5,0,0.23,CLEAN,,,,https://glow.paclinks.org/report/log/index.php?chooselog=1&logreader=logstore_standard&id=0&user=8512&date=1772409600
2026-03-03,8512,TEAMA21 Quoc Hoang,0.11,1,3,0.5,0,0.11,CLEAN,,,,https://glow.paclinks.org/report/log/index.php?chooselog=1&logreader=logstore_standard&id=0&user=8512&date=1772496000
2026-03-04,8512,TEAMA21 Quoc Hoang,0.1,1,4,0.5,0,0.1,CLEAN,,,,https://glow.paclinks.org/report/log/index.php?chooselog=1&logreader=logstore_standard&id=0&user=8512&date=1772582400
2026-03-06,8512,TEAMA21 Quoc Hoang,0.13,1,8,0.5,0,0.13,CLEAN,,,,https://glow.paclinks.org/report/log/index.php?chooselog=1&logreader=logstore_standard&id=0&user=8512&date=1772755200
2026-03-08,8512,TEAMA21 Quoc Hoang,0.24,1,38,0.6,0,0.24,CLEAN,,,,https://glow.paclinks.org/report/log/index.php?chooselog=1&logreader=logstore_standard&id=0&user=8512&date=1772928000
2026-03-13,8512,TEAMA21 Quoc Hoang,0.62,1,42,0.6,0,0.62,CLEAN,,,,https://glow.paclinks.org/report/log/index.php?chooselog=1&logreader=logstore_standard&id=0&user=8512&date=1773360000
2026-03-24,8512,TEAMA21 Quoc Hoang,0.63,3,27,0.55,0,0.63,CLEAN,,,,https://glow.paclinks.org/report/log/index.php?chooselog=1&logreader=logstore_standard&id=0&user=8512&date=1774310400
2026-03-29,8512,TEAMA21 Quoc Hoang,1.38,2,62,0.57,0,1.38,CLEAN,,,,https://glow.paclinks.org/report/log/index.php?chooselog=1&logreader=logstore_standard&id=0&user=8512&date=1774742400
2026-03-30,8512,TEAMA21 Quoc Hoang,0.27,2,13,0.55,0,0.27,CLEAN,,,,https://glow.paclinks.org/report/log/index.php?chooselog=1&logreader=logstore_standard&id=0&user=8512&date=1774828800
2026-03-31,8512,TEAMA21 Quoc Hoang,0.79,1,22,0.6,0,0.79,CLEAN,,,,https://glow.paclinks.org/report/log/index.php?chooselog=1&logreader=logstore_standard&id=0&user=8512&date=1774915200
2026-03-12,9035,TG14P0134 Trần Quỳnh Như,0.24,1,15,0.6,0,0.24,CLEAN,,,,https://glow.paclinks.org/report/log/index.php?chooselog=1&logreader=logstore_standard&id=0&user=9035&date=1773273600
2026-03-19,9035,TG14P0134 Trần Quỳnh Như,0.4,1,35,0.6,0,0.4,CLEAN,,,,https://glow.paclinks.org/report/log/index.php?chooselog=1&logreader=logstore_standard&id=0&user=9035&date=1773878400
2026-03-21,9035,TG14P0134 Trần Quỳnh Như,0.06,1,10,0.6,0,0.06,CLEAN,,,,https://glow.paclinks.org/report/log/index.php?chooselog=1&logreader=logstore_standard&id=0&user=9035&date=1774051200
2026-03-23,9035,TG14P0134 Trần Quỳnh Như,0.14,1,19,0.55,0,0.14,CLEAN,,,,https://glow.paclinks.org/report/log/index.php?chooselog=1&logreader=logstore_standard&id=0&user=9035&date=1774224000
2026-03-07,9409,Thanh Loc Do,0.05,1,13,0.6,0,0.05,CLEAN,,,,https://glow.paclinks.org/report/log/index.php?chooselog=1&logreader=logstore_standard&id=0&user=9409&date=1772841600
2026-03-31,9409,Thanh Loc Do,0.09,1,14,0.55,0,0.09,CLEAN,,,,https://glow.paclinks.org/report/log/index.php?chooselog=1&logreader=logstore_standard&id=0&user=9409&date=1774915200
2026-03-04,5161,Truong Phong,0.17,1,8,0.6,0,0.17,CLEAN,,,,https://glow.paclinks.org/report/log/index.php?chooselog=1&logreader=logstore_standard&id=0&user=5161&date=1772582400
2026-03-17,5161,Truong Phong,0.4,1,48,0.6,0,0.4,CLEAN,,,,https://glow.paclinks.org/report/log/index.php?chooselog=1&logreader=logstore_standard&id=0&user=5161&date=1773705600
2026-03-21,5161,Truong Phong,0.17,1,4,0.55,0,0.17,CLEAN,,,,https://glow.paclinks.org/report/log/index.php?chooselog=1&logreader=logstore_standard&id=0&user=5161&date=1774051200
2026-03-22,5161,Truong Phong,0.22,1,5,0.55,0,0.22,CLEAN,,,,https://glow.paclinks.org/report/log/index.php?chooselog=1&logreader=logstore_standard&id=0&user=5161&date=1774137600
2026-03-23,5161,Truong Phong,0.09,1,13,0.6,0,0.09,CLEAN,,,,https://glow.paclinks.org/report/log/index.php?chooselog=1&logreader=logstore_standard&id=0&user=5161&date=1774224000
2026-03-28,5161,Truong Phong,0.16,2,12,0.55,0,0.16,CLEAN,,,,https://glow.paclinks.org/report/log/index.php?chooselog=1&logreader=logstore_standard&id=0&user=5161&date=1774656000
2026-03-29,5161,Truong Phong,0.09,1,5,0.55,0,0.09,CLEAN,,,,https://glow.paclinks.org/report/log/index.php?chooselog=1&logreader=logstore_standard&id=0&user=5161&date=1774742400
2026-03-31,5161,Truong Phong,0.33,1,35,0.55,0,0.33,CLEAN,,,,https://glow.paclinks.org/report/log/index.php?chooselog=1&logreader=logstore_standard&id=0&user=5161&date=1774915200
2026-03-01,9400,Xiaohan Li,0.08,1,10,0.55,0,0.08,CLEAN,,,,https://glow.paclinks.org/report/log/index.php?chooselog=1&logreader=logstore_standard&id=0&user=9400&date=1772323200
2026-03-18,9400,Xiaohan Li,0.07,1,6,0.55,0,0.07,CLEAN,,,,https://glow.paclinks.org/report/log/index.php?chooselog=1&logreader=logstore_standard&id=0&user=9400&date=1773792000
2026-03-21,9400,Xiaohan Li,0.2,1,6,0.55,0,0.2,CLEAN,,,,https://glow.paclinks.org/report/log/index.php?chooselog=1&logreader=logstore_standard&id=0&user=9400&date=1774051200
2026-03-27,9400,Xiaohan Li,0.85,2,24,0.55,0,0.85,CLEAN,,,,https://glow.paclinks.org/report/log/index.php?chooselog=1&logreader=logstore_standard&id=0&user=9400&date=1774569600
2026-03-29,9400,Xiaohan Li,0.06,1,10,0.6,0,0.06,CLEAN,,,,https://glow.paclinks.org/report/log/index.php?chooselog=1&logreader=logstore_standard&id=0&user=9400&date=1774742400
2026-03-31,9400,Xiaohan Li,0.23,1,10,0.55,0,0.23,CLEAN,,,,https://glow.paclinks.org/report/log/index.php?chooselog=1&logreader=logstore_standard&id=0&user=9400&date=1774915200
2026-03-09,15,hau le,0.07,1,29,0.4,1,0.0,HAS ANOMALIES,excessive_events,medium,"S1 [10:12-10:16, 0.07h]: excessive_events - 418 events/hr (max=300)",https://glow.paclinks.org/report/log/index.php?chooselog=1&logreader=logstore_standard&id=0&user=15&date=1773014400
2026-03-17,15,hau le,0.94,3,88,0.58,0,0.94,CLEAN,,,,https://glow.paclinks.org/report/log/index.php?chooselog=1&logreader=logstore_standard&id=0&user=15&date=1773705600
2026-03-19,15,hau le,0.12,2,10,0.5,0,0.12,CLEAN,,,,https://glow.paclinks.org/report/log/index.php?chooselog=1&logreader=logstore_standard&id=0&user=15&date=1773878400
2026-03-20,15,hau le,0.39,1,18,0.5,0,0.39,CLEAN,,,,https://glow.paclinks.org/report/log/index.php?chooselog=1&logreader=logstore_standard&id=0&user=15&date=1773964800
2026-03-31,15,hau le,0.19,2,8,0.5,0,0.19,CLEAN,,,,https://glow.paclinks.org/report/log/index.php?chooselog=1&logreader=logstore_standard&id=0&user=15&date=1774915200
